client,platform,subreddit,created_utc,text,clean_text,sentiment_score,sentiment_label,sentiment_confidence,url,query,like_count,author,video_id,id,source
Nike,reddit,sneakers,2025-08-20 00:00:00+00:00,"Pretty sure they’re a little old but are they any good and what are they good for?

My uncle sends my papaw shoes once a year. Sadly he passed away and my nana needs to be out of her house so she’s doing a major downsize. She said I could have the shoes so I picked a few. 

Are any of these good quality for walking/running/daily use? Guessing they’re all 10+ years old but all felt comfortable enough just curious about them I usually just wear whatever is cheap lol",pretty sure they re a little old but are they any good and what are they good for my uncle sends my papaw shoes once a year sadly he passed away and my nana needs to be out of her house so she s doing a major downsize she said i could have the shoes so i picked a few are any of these good quality for walking running daily use guessing they re all 10 years old but all felt comfortable enough just curious about them i usually just wear whatever is cheap lol,0.9721,positive,0.9721,https://www.reddit.com/r/Sneakers/comments/1r6fwdv/pretty_sure_theyre_a_little_old_but_are_they_any/,nike running shoes,,,,1r6fwdv,sneakers
Nike,reddit,sneakers,2025-08-21 00:00:00+00:00,"6 year old shoes

Hey guys I found a colorway of the Nike Killshot 2 on GOAT that I really like. However the release date was 09/2019. Will a shoe that has been sitting in its box for over 6 years still be good? Or is it possible that the adhesive has begun to wear off? I’ve heard that the adhesive on sneakers will begin to stop working if the shoes are stored for several years. Any input is appreciated thanks.",6 year old shoes hey guys i found a colorway of the nike killshot 2 on goat that i really like however the release date was 09 2019 will a shoe that has been sitting in its box for over 6 years still be good or is it possible that the adhesive has begun to wear off i ve heard that the adhesive on sneakers will begin to stop working if the shoes are stored for several years any input is appreciated thanks,0.8765,positive,0.8765,https://www.reddit.com/r/Sneakers/comments/1qxyo91/6_year_old_shoes/,nike,,,,1qxyo91,sneakers
Nike,reddit,sneakers,2025-08-22 00:00:00+00:00,"are v5 rnr good for running?

i’m not looking for serious running, tho i’m fat and i wanna lose weight. my current shoes have a hard thin sole and i wanna upgrade. other than that, all i have are 2 jordan’s and 1 adidas originals but i doubt i can run in them. i really freaking love the v5 rnr design and its under my budget. it’s hard to find some types of sneakers like vaporfly, vomero where i live (india) under 8-10k inr (90-100 usd).

are the nike v5 runners ok?",are v5 rnr good for running i m not looking for serious running tho i m fat and i wanna lose weight my current shoes have a hard thin sole and i wanna upgrade other than that all i have are 2 jordan s and 1 adidas originals but i doubt i can run in them i really freaking love the v5 rnr design and its under my budget it s hard to find some types of sneakers like vaporfly vomero where i live india under 8 10k inr 90 100 usd are the nike v5 runners ok,0.4308,positive,0.4308,https://www.reddit.com/r/Sneakers/comments/1r6bskh/are_v5_rnr_good_for_running/,nike,,,,1r6bskh,sneakers
Nike,reddit,sneakers,2025-08-22 00:00:00+00:00,"My Nike AF1 is folded what can I do to fix it?

Tried stuffing towel in, tried ironing it, using crease protector, nothing worked. The other foot is fine for some reason. Only the right foot is folded.",my nike af1 is folded what can i do to fix it tried stuffing towel in tried ironing it using crease protector nothing worked the other foot is fine for some reason only the right foot is folded,0.2023,positive,0.2023,https://www.reddit.com/r/Sneakers/comments/1r6det2/my_nike_af1_is_folded_what_can_i_do_to_fix_it/,nike,,,,1r6det2,sneakers
Nike,reddit,sneakers,2025-08-23 00:00:00+00:00,"For my dad

I’ve never really had fashion or style Walmart was always a go to, but my dad has always collected shoes and has many Nikes, air jordans, and adidas. I want to get him some good shoes or sneakers but I don’t know what would look good and not look cheap. Where should I start and even get myself a pair?",for my dad i ve never really had fashion or style walmart was always a go to but my dad has always collected shoes and has many nikes air jordans and adidas i want to get him some good shoes or sneakers but i don t know what would look good and not look cheap where should i start and even get myself a pair,0.8462,positive,0.8462,https://www.reddit.com/r/Sneakers/comments/1r62hkq/for_my_dad/,nike,,,,1r62hkq,sneakers
Nike,reddit,sneakers,2025-08-23 00:00:00+00:00,AJ1 City of Flight. I don’t see these very often. I dig them.,aj1 city of flight i don t see these very often i dig them,0.0,neutral,0.0,https://www.reddit.com/r/Sneakers/comments/1r6b3xx/aj1_city_of_flight_i_dont_see_these_very_often_i/,nike,,,,1r6b3xx,sneakers
Nike,reddit,sneakers,2025-08-24 00:00:00+00:00,"How do I stop my Nike Air Force’s from squeaking?

Hey everyone, I got Nike Air Force’s about a month ago and they’ve started squeaking a lot more. I’ve noticed mainly from the front when walking. I’ve read on other solutions to fix this issue but neither dryer sheets or powder has worked. Does anyone have any advice?

Thanks",how do i stop my nike air force s from squeaking hey everyone i got nike air force s about a month ago and they ve started squeaking a lot more i ve noticed mainly from the front when walking i ve read on other solutions to fix this issue but neither dryer sheets or powder has worked does anyone have any advice thanks,0.6072,positive,0.6072,https://www.reddit.com/r/Sneakers/comments/1r5xmoq/how_do_i_stop_my_nike_air_forces_from_squeaking/,nike,,,,1r5xmoq,sneakers
Nike,reddit,sneakers,2025-08-24 00:00:00+00:00,Charles Barkley CB 94 🙌🏾 always wanted these since I was a kid 🔥🔥,charles barkley cb 94 always wanted these since i was a kid,-0.5859,negative,0.5859,https://www.reddit.com/r/Sneakers/comments/1r60852/charles_barkley_cb_94_always_wanted_these_since_i/,nike,,,,1r60852,sneakers
Nike,reddit,sneakers,2025-08-25 00:00:00+00:00,"Nike v5 rnr is this a gumsole or a regular rubber(painted in brown) ?

Sorry i dont have that much knowledge when it comes to outsole materials.",nike v5 rnr is this a gumsole or a regular rubber painted in brown sorry i dont have that much knowledge when it comes to outsole materials,-0.0772,negative,0.0772,https://www.reddit.com/r/Sneakers/comments/1r5703g/nike_v5_rnr_is_this_a_gumsole_or_a_regular/,nike,,,,1r5703g,sneakers
Nike,reddit,sneakers,2025-08-26 00:00:00+00:00,Wearing these Nike Valentine’s Day Dunk Low Retro PRM,wearing these nike valentine s day dunk low retro prm,-0.2732,negative,0.2732,https://www.reddit.com/r/Sneakers/comments/1r54zx2/wearing_these_nike_valentines_day_dunk_low_retro/,nike,,,,1r54zx2,sneakers
Nike,reddit,sneakers,2025-08-26 00:00:00+00:00,"NIKE SK AIR MAX 97 COLLAB

Air max 97 collaboration with UK Grime artists Skepta. can't remember the year these release but they were one of the strongest contenders in all the releases.",nike sk air max 97 collab air max 97 collaboration with uk grime artists skepta can t remember the year these release but they were one of the strongest contenders in all the releases,0.4767,positive,0.4767,https://www.reddit.com/r/Sneakers/comments/1r4h4zq/nike_sk_air_max_97_collab/,nike,,,,1r4h4zq,sneakers
Nike,reddit,sneakers,2025-08-27 00:00:00+00:00,Nike Air Force 1 Wheatgrass Camo,nike air force 1 wheatgrass camo,0.0,neutral,0.0,https://www.reddit.com/r/Sneakers/comments/1r4y0u4/nike_air_force_1_wheatgrass_camo/,nike,,,,1r4y0u4,sneakers
Nike,reddit,sneakers,2025-08-27 00:00:00+00:00,"Finally got 'em...

Old man story time. 

I had wanted a pair of J's since the three, when I saw a  cardboard cutout of MJ and the text of ""$89?! Nike doesn't even sell them to me that cheap."" It was a back to school sale, fall of 1988. I was wearing wal-mart or Payless shoes. Even then it was out of reach. 

The six came out when I was 15 finally had a job and my own money. By the time we got to the mall 30 miles away, the only ones left were the maroon. I rocked em until they fell apart. But always wanted the infrared.  

Today marks 15 years in an industry I truly enjoy being a part of where I am in sales and the ""Salesman Sample"" came out. It's not the OG, but was worth the almost 35 year wait.

Hibbett's raffle win.",finally got em old man story time i had wanted a pair of j s since the three when i saw a cardboard cutout of mj and the text of 89 nike doesn t even sell them to me that cheap it was a back to school sale fall of 1988 i was wearing wal mart or payless shoes even then it was out of reach the six came out when i was 15 finally had a job and my own money by the time we got to the mall 30 miles away the only ones left were the maroon i rocked em until they fell apart but always wanted the infrared today marks 15 years in an industry i truly enjoy being a part of where i am in sales and the salesman sample came out it s not the og but was worth the almost 35 year wait hibbett s raffle win,0.952,positive,0.952,https://www.reddit.com/r/Sneakers/comments/1r4wtrp/finally_got_em/,nike,,,,1r4wtrp,sneakers
Nike,reddit,sneakers,2025-08-28 00:00:00+00:00,Nike Waffle Trainer 2s (been sitting on these for a while),nike waffle trainer 2s been sitting on these for a while,0.0,neutral,0.0,https://www.reddit.com/r/Sneakers/comments/1r4v2jz/nike_waffle_trainer_2s_been_sitting_on_these_for/,nike,,,,1r4v2jz,sneakers
Nike,reddit,sneakers,2025-08-28 00:00:00+00:00,"Swagg Emergency

Need help finding these shoes. Seems to be Nike sb’s but idk",swagg emergency need help finding these shoes seems to be nike sb s but idk,-0.1406,negative,0.1406,https://www.reddit.com/r/Sneakers/comments/1r4ui98/swagg_emergency/,nike,,,,1r4ui98,sneakers
Nike,reddit,sneakers,2025-08-29 00:00:00+00:00,"Nike Air Max 1 V-Day

The Only “Holiday” shoes I own , got them for way under retail and I’m a sucker for AM 1’s!",nike air max 1 v day the only holiday shoes i own got them for way under retail and i m a sucker for am 1 s,-0.5707,negative,0.5707,https://www.reddit.com/r/Sneakers/comments/1r4qt4u/nike_air_max_1_vday/,nike,,,,1r4qt4u,sneakers
Nike,reddit,sneakers,2025-08-29 00:00:00+00:00,"Air Max 95 Big Bubble Break in

I currently have a pair of [Big Bubbles](https://www.nike.com/t/air-max-95-big-bubble-mens-shoes-2xNsHz6W/HM8755-001) in a size 11, and they're a little tight on the pinkies. I had the essentials in a size 11 as well and they were a fair bit tighter, these aren't as bad. 

I also have a pair of the Yellow Strikes in a size 11 as well, and they fit a little snug, but I honestly don't even notice it when I'm wearing them, I guess because they're suede/nubuck and not leather like the others. 

Does anyone know if the leather on the big bubbles break in after a few wears, or do they pretty much stay the same just like on the essentials? I can't return the shoe for a different size so I either break them in or sell them.",air max 95 big bubble break in i currently have a pair of big bubbles in a size 11 and they re a little tight on the pinkies i had the essentials in a size 11 as well and they were a fair bit tighter these aren t as bad i also have a pair of the yellow strikes in a size 11 as well and they fit a little snug but i honestly don t even notice it when i m wearing them i guess because they re suede nubuck and not leather like the others does anyone know if the leather on the big bubbles break in after a few wears or do they pretty much stay the same just like on the essentials i can t return the shoe for a different size so i either break them in or sell them,0.9268,positive,0.9268,https://www.reddit.com/r/Sneakers/comments/1r4qp83/air_max_95_big_bubble_break_in/,nike,,,,1r4qp83,sneakers
Nike,reddit,sneakers,2025-08-30 00:00:00+00:00,"Nike SB - Black Aluminum

A welcome break in quality from some disappointing GR Jordan Brand releases recently (*Flight Club/ Valentines day*). But we only hurt the ones we love, right Jordan Brand?

Nike SB never seems to disappoint in the craftsmanship, construction and value of a retro shoe. 

The suede on this shoe is so soft, the color blocking is perfect, in a rare change for me... I even like the default laces (*despite the decent set of alts provided*). 

This are fire for a sleepy SB GR.",nike sb black aluminum a welcome break in quality from some disappointing gr jordan brand releases recently flight club valentines day but we only hurt the ones we love right jordan brand nike sb never seems to disappoint in the craftsmanship construction and value of a retro shoe the suede on this shoe is so soft the color blocking is perfect in a rare change for me i even like the default laces despite the decent set of alts provided this are fire for a sleepy sb gr,0.8716,positive,0.8716,https://www.reddit.com/r/Sneakers/comments/1r4m5to/nike_sb_black_aluminum/,nike,,,,1r4m5to,sneakers
Nike,reddit,sneakers,2025-08-31 00:00:00+00:00,"Nike Air Force 1 Fresh vs regular AF1 – worth the small price difference?

Hey everyone,

I’m considering the Nike Air Force 1 Fresh and noticed they’re a bit more expensive than the regular AF1s.

• What justifies the price difference?

• Is the leather/material noticeably better?

• Any difference in comfort or durability?

• Would you personally go for the Fresh over the classic?

Thanks for any input 🙏",nike air force 1 fresh vs regular af1 worth the small price difference hey everyone i m considering the nike air force 1 fresh and noticed they re a bit more expensive than the regular af1s what justifies the price difference is the leather material noticeably better any difference in comfort or durability would you personally go for the fresh over the classic thanks for any input,0.9438,positive,0.9438,https://www.reddit.com/r/Sneakers/comments/1r4jr21/nike_air_force_1_fresh_vs_regular_af1_worth_the/,nike,,,,1r4jr21,sneakers
Nike,reddit,sneakers,2025-08-31 00:00:00+00:00,"LNY AF1 and Dunk Low 🧧

2026 Year of the Horse 🔥 🐴",lny af1 and dunk low 2026 year of the horse,-0.5423,negative,0.5423,https://www.reddit.com/r/Sneakers/comments/1r50miy/lny_af1_and_dunk_low/,nike,,,,1r50miy,sneakers
Nike,reddit,sneakers,2025-09-01 00:00:00+00:00,"Need some help

this little tear popped up on my AF1 TWT about two months after I bought them. I've only had the shoes since Oct of last year and only worn a handful of times since I bought them. I reached out to Footlocker where I bought them for a possible warranty exchange, at the suggestion of Nike, and they were no help. I started a claim with Nike and I can box these up and ship them in to be inspected, on my dime, but really don't have time to run around dealing with these. Anyone have any suggestions on a repair or another option? This is my first pair of AF1 and pretty disappointed honestly. Thanks!",need some help this little tear popped up on my af1 twt about two months after i bought them i ve only had the shoes since oct of last year and only worn a handful of times since i bought them i reached out to footlocker where i bought them for a possible warranty exchange at the suggestion of nike and they were no help i started a claim with nike and i can box these up and ship them in to be inspected on my dime but really don t have time to run around dealing with these anyone have any suggestions on a repair or another option this is my first pair of af1 and pretty disappointed honestly thanks,0.8447,positive,0.8447,https://www.reddit.com/r/Sneakers/comments/1r47lki/need_some_help/,nike,,,,1r47lki,sneakers
Nike,reddit,sneakers,2025-09-01 00:00:00+00:00,"Just got for under retail on Nikes site, pretty nice in person.",just got for under retail on nikes site pretty nice in person,0.7184,positive,0.7184,https://www.reddit.com/r/Sneakers/comments/1r25jgu/just_got_for_under_retail_on_nikes_site_pretty/,nike,,,,1r25jgu,sneakers
Nike,reddit,sneakers,2025-09-02 00:00:00+00:00,"Lakers Jordan 4 💜💛

Picked up at the LA Takeover Popup by Footlocker in Downtown LA",lakers jordan 4 picked up at the la takeover popup by footlocker in downtown la,0.8555,positive,0.8555,https://www.reddit.com/r/Sneakers/comments/1r44ray/lakers_jordan_4/,nike,,,,1r44ray,sneakers
Nike,reddit,sneakers,2025-09-02 00:00:00+00:00,"Air Jordan 4 - Valentines Day Lace Crown Issue

I just got two pairs of these in today, from reputable resellers (*not a platform*).

The womens size 10 pair I got in, had no issues.

  
\*\*EDIT \*\* - My wife's shoes have the same issue, as well.

The womens 13.5 (*Men's size 12*) has an issue where the top lace crowns don't line up with the lace holes, it looks like they are sown in too short. The shoes otherwise have pretty exceptional leather quality for a GR. I would give this release high marks otherwise, I'm working with the seller on exchanging but figured I'd share.

This is a pretty bad miss by Nike, IMO. Anyone seen anything similar or have issues like this on an extended size?",air jordan 4 valentines day lace crown issue i just got two pairs of these in today from reputable resellers not a platform the womens size 10 pair i got in had no issues edit my wife s shoes have the same issue as well the womens 13 5 men s size 12 has an issue where the top lace crowns don t line up with the lace holes it looks like they are sown in too short the shoes otherwise have pretty exceptional leather quality for a gr i would give this release high marks otherwise i m working with the seller on exchanging but figured i d share this is a pretty bad miss by nike imo anyone seen anything similar or have issues like this on an extended size,0.8176,positive,0.8176,https://www.reddit.com/r/Sneakers/comments/1r46bqm/air_jordan_4_valentines_day_lace_crown_issue/,nike,,,,1r46bqm,sneakers
Nike,reddit,sneakers,2025-09-03 00:00:00+00:00,"Gym KOTD Nike x Doernbecher V2K

My far me favorite loudest pair I own. Had to shave the fur a little bit on the tongues but overall, love there entire design.",gym kotd nike x doernbecher v2k my far me favorite loudest pair i own had to shave the fur a little bit on the tongues but overall love there entire design,0.8316,positive,0.8316,https://www.reddit.com/r/Sneakers/comments/1r3zfhn/gym_kotd_nike_x_doernbecher_v2k/,nike,,,,1r3zfhn,sneakers
Nike,reddit,sneakers,2025-09-03 00:00:00+00:00,Nike V5 rnr in black and pink,nike v5 rnr in black and pink,0.0,neutral,0.0,https://www.reddit.com/r/Sneakers/comments/1r3x032/nike_v5_rnr_in_black_and_pink/,nike,,,,1r3x032,sneakers
Nike,reddit,sneakers,2025-09-04 00:00:00+00:00,"My final Jordan retro

I had to cop this Jordan 4 Flight Club. A very clean release, but this is the last Jordan retro for me. 

Everytime I walk a mile in one of these Jordan retro's I long for my Ultraboost, NB 1000, Asics Kayano 14 or Nike Ava Rover (apart from the Aj10 &amp; 13. Those aren't too bad on me).

If these retro's came with some updated tech like New Balance does it would make a world of difference, but walking on, what feels like a plank, isn't worth it anymore. Besides that, the retail prices are nuts for this outdated tech. Good thing nearly everything goes on sale now (got these with 30% off).

Basketball shoes nowadays are way more springy. I would cop an AJ4 with Zoom tech in a heartbeat.",my final jordan retro i had to cop this jordan 4 flight club a very clean release but this is the last jordan retro for me everytime i walk a mile in one of these jordan retro s i long for my ultraboost nb 1000 asics kayano 14 or nike ava rover apart from the aj10 amp 13 those aren t too bad on me if these retro s came with some updated tech like new balance does it would make a world of difference but walking on what feels like a plank isn t worth it anymore besides that the retail prices are nuts for this outdated tech good thing nearly everything goes on sale now got these with 30 off basketball shoes nowadays are way more springy i would cop an aj4 with zoom tech in a heartbeat,0.9037,positive,0.9037,https://www.reddit.com/r/Sneakers/comments/1r3vtu8/my_final_jordan_retro/,nike,,,,1r3vtu8,sneakers
Nike,reddit,sneakers,2025-09-05 00:00:00+00:00,Custom Before &amp; After Nike Air Max 1 Alphabet,custom before amp after nike air max 1 alphabet,0.0,neutral,0.0,https://www.reddit.com/r/Sneakers/comments/1r3o7l1/custom_before_after_nike_air_max_1_alphabet/,nike,,,,1r3o7l1,sneakers
Nike,reddit,sneakers,2025-09-05 00:00:00+00:00,"NOCTA x Nike Air Zoom Drive

I only bought them because they were very cheap. How do you like them?",nocta x nike air zoom drive i only bought them because they were very cheap how do you like them,0.3612,positive,0.3612,https://www.reddit.com/r/Sneakers/comments/1r3uf9z/nocta_x_nike_air_zoom_drive/,nike,,,,1r3uf9z,sneakers
Nike,reddit,sneakers,2025-09-06 00:00:00+00:00,"Intercepted some Fire Red 5's

Was losing all hope when I cpuldn't find any decent heat at the outlet.  Was about to leave when I saw a pair of 5's on the trolly.  I asked if I could try them on before they put it back on the wall.  They were cool and just straight up gave me the pair.  And even if I wear US Men's 10, these 9.5's are too good to pass up.

Shout out to the Nike Outlet at IMM, Singapore.  It was well worth the visit.

And the best part... I got it for SGD 120 which is around USD 95 because it was open box.",intercepted some fire red 5 s was losing all hope when i cpuldn t find any decent heat at the outlet was about to leave when i saw a pair of 5 s on the trolly i asked if i could try them on before they put it back on the wall they were cool and just straight up gave me the pair and even if i wear us men s 10 these 9 5 s are too good to pass up shout out to the nike outlet at imm singapore it was well worth the visit and the best part i got it for sgd 120 which is around usd 95 because it was open box,0.9001,positive,0.9001,https://www.reddit.com/r/Sneakers/comments/1r3m58k/intercepted_some_fire_red_5s/,nike,,,,1r3m58k,sneakers
Nike,reddit,sneakers,2025-09-06 00:00:00+00:00,"NIKE AIR MAX PLUS/TN SWIMMING POOLS

KNOWN AS SWIMMING POOLS BUT I LIKE  TO CALL THEM SHARK BELLIES",nike air max plus tn swimming pools known as swimming pools but i like to call them shark bellies,0.5023,positive,0.5023,https://www.reddit.com/r/Sneakers/comments/1r3l3by/nike_air_max_plustn_swimming_pools/,nike,,,,1r3l3by,sneakers
Nike,reddit,sneakers,2025-09-07 00:00:00+00:00,"02/12/1989

February 12th, 1989: All-Star Game

Air Jordan 4 “Black Cement”

\*\*Definitely looking forward to the new retro dropping later this year. Hopefully it’s on par with the 1999 retros (Currently in the process of restoring those btw). I have high hope for the new retro though just based on how good majority of the AJ4 retros have been so far throughout the 2020s decade. What’s your favorite version out of the pairs pictured?

\- 1999 

\- 2019

\- 2024 (Reimagined)",02 12 1989 february 12th 1989 all star game air jordan 4 black cement definitely looking forward to the new retro dropping later this year hopefully it s on par with the 1999 retros currently in the process of restoring those btw i have high hope for the new retro though just based on how good majority of the aj4 retros have been so far throughout the 2020s decade what s your favorite version out of the pairs pictured 1999 2019 2024 reimagined,0.9371,positive,0.9371,https://www.reddit.com/r/Sneakers/comments/1r37b04/02121989/,nike,,,,1r37b04,sneakers
Nike,reddit,sneakers,2025-09-07 00:00:00+00:00,"KOTD

Gore Tex some of these are nice comfortable and clean. I prefer darker shades earth tones. Thank you Nike for these editions good looking out. Public trans trip on my way to see the doctor health first fam then prosperity just my order J.S. (Just saying) good day everyone",kotd gore tex some of these are nice comfortable and clean i prefer darker shades earth tones thank you nike for these editions good looking out public trans trip on my way to see the doctor health first fam then prosperity just my order j s just saying good day everyone,0.9442,positive,0.9442,https://www.reddit.com/r/Sneakers/comments/1r2yu7x/kotd/,nike,,,,1r2yu7x,sneakers
Nike,reddit,sneakers,2025-09-08 00:00:00+00:00,"Past few days

'07 Nike SB Dunk Dino Jr 
'06 Jordan 7 Citrus 
'07 Nike SB Dunk Brut",past few days 07 nike sb dunk dino jr 06 jordan 7 citrus 07 nike sb dunk brut,0.0,neutral,0.0,https://www.reddit.com/r/Sneakers/comments/1r2t02o/past_few_days/,nike,,,,1r2t02o,sneakers
Nike,reddit,running,2025-09-09 00:00:00+00:00,"Running pods

Hi there! 

Does anyone have any recommendations for runnings pods, that I can attach to my shoes. I do part of my workouts on an indoor track and on a treadmill, and obviously my Garmin watch doesn’t take the distance nor pace correctly.

I have heard good things about Stryd pods as well as Coros Pod 2. Stryd seems to be bulletproof, yet on an expensive side, the Coros seem to be connecting with Coros watches only. Is there any other brand you’d recommend, why? 

Thanks in advance!",running pods hi there does anyone have any recommendations for runnings pods that i can attach to my shoes i do part of my workouts on an indoor track and on a treadmill and obviously my garmin watch doesn t take the distance nor pace correctly i have heard good things about stryd pods as well as coros pod 2 stryd seems to be bulletproof yet on an expensive side the coros seem to be connecting with coros watches only is there any other brand you d recommend why thanks in advance,0.8745,positive,0.8745,https://www.reddit.com/r/running/comments/1r2m1a3/running_pods/,nike running shoes,,,,1r2m1a3,running
Nike,reddit,sneakers,2025-09-09 00:00:00+00:00,Nike Air Max 95 Big Bubble Collection,nike air max 95 big bubble collection,0.0,neutral,0.0,https://www.reddit.com/r/Sneakers/comments/1r2rya7/nike_air_max_95_big_bubble_collection/,nike,,,,1r2rya7,sneakers
Nike,reddit,sneakers,2025-09-10 00:00:00+00:00,"Nike is bringing back the Air Jordan 7 ""Miro"" in June 2026",nike is bringing back the air jordan 7 miro in june 2026,0.0,neutral,0.0,https://www.reddit.com/r/Sneakers/comments/1r2m0dq/nike_is_bringing_back_the_air_jordan_7_miro_in/,nike,,,,1r2m0dq,sneakers
Nike,reddit,sneakers,2025-09-10 00:00:00+00:00,Thoughts on these for everyday (casual wear)? (I already own them) (Nike Air Max Alpha Trainer 6),thoughts on these for everyday casual wear i already own them nike air max alpha trainer 6,0.2023,positive,0.2023,https://www.reddit.com/r/Sneakers/comments/1r2lrvw/thoughts_on_these_for_everyday_casual_wear_i/,nike,,,,1r2lrvw,sneakers
Nike,reddit,sneakers,2025-09-11 00:00:00+00:00,Revision 🧐,revision,0.0,neutral,0.0,https://www.reddit.com/r/Sneakers/comments/1r1zr0a/revision/,nike,,,,1r1zr0a,sneakers
Nike,reddit,sneakers,2025-09-11 00:00:00+00:00,Are the Nike Gato's comfortable for heavy walking?,are the nike gato s comfortable for heavy walking,0.5106,positive,0.5106,https://www.reddit.com/r/Sneakers/comments/1r2bldx/are_the_nike_gatos_comfortable_for_heavy_walking/,nike,,,,1r2bldx,sneakers
Nike,reddit,sneakers,2025-09-12 00:00:00+00:00,"Nike Air Max 1 x Patta

So Fresh, So Clean",nike air max 1 x patta so fresh so clean,0.779,positive,0.779,https://www.reddit.com/r/Sneakers/comments/1r1yfus/nike_air_max_1_x_patta/,nike,,,,1r1yfus,sneakers
Nike,reddit,sneakers,2025-09-12 00:00:00+00:00,"NIKE ACG MOWABB

what you wearing today?",nike acg mowabb what you wearing today,0.0,neutral,0.0,https://www.reddit.com/r/Sneakers/comments/1r1vut5/nike_acg_mowabb/,nike,,,,1r1vut5,sneakers
Nike,reddit,sneakers,2025-09-13 00:00:00+00:00,"Valentine day ones

Got  these with gift card money i had from Nike and in hand im in love and like them more than some of the recent Jordans I've purchased.",valentine day ones got these with gift card money i had from nike and in hand im in love and like them more than some of the recent jordans i ve purchased,0.9153,positive,0.9153,https://www.reddit.com/r/Sneakers/comments/1r0fcxw/valentine_day_ones/,nike,,,,1r0fcxw,sneakers
Nike,reddit,sneakers,2025-09-14 00:00:00+00:00,"Air Force 1 -- Doernbecher Oli

I got these in last week, they were even better than what I was expecting in terms of story telling and creativity. These are the types of shoes that are really made for collectors by people that care about/ respect the sneaker culture. 

Got these from DLTR for retail, they were just sitting. At $146 shipped it wasn't exactly a bargain but if I'm being honest, these and the 17s (*coming in tomorrow, yes I paid resell*) were the only ones I wanted from the pack. I think these suffered from being an AF1 from a hypebeast standpoint... I however am not afraid to collect high quality AF1 collabs or special editions like the experimental halloween, skulls, AMM or Ambush (*despite the ubiquitous nature of the silhouette*). 

* Standard Doernbecher Box is decent, the unboxing experience is more about what's in the different bags
* Customizable accessories make this a one of kind release (*patches and utensils*)
* I wish these came with extra laces, maybe an Avacado to match the green?or even a muted gummy rainbow to match the sole?
* Leather quality is nowhere near the AMM AF1 collabs but still better than your GR. 
* Nice colorway with lots of details worked in
* These are comfortable and roomy even a half-size down. 

TLDR; Nice add to the collection... will post again when I find a nice lace swap for these. Maybe flat wax green?",air force 1 doernbecher oli i got these in last week they were even better than what i was expecting in terms of story telling and creativity these are the types of shoes that are really made for collectors by people that care about respect the sneaker culture got these from dltr for retail they were just sitting at 146 shipped it wasn t exactly a bargain but if i m being honest these and the 17s coming in tomorrow yes i paid resell were the only ones i wanted from the pack i think these suffered from being an af1 from a hypebeast standpoint i however am not afraid to collect high quality af1 collabs or special editions like the experimental halloween skulls amm or ambush despite the ubiquitous nature of the silhouette standard doernbecher box is decent the unboxing experience is more about what s in the different bags customizable accessories make this a one of kind release patches and utensils i wish these came with extra laces maybe an avacado to match the green or even a muted gummy rainbow to match the sole leather quality is nowhere near the amm af1 collabs but still better than your gr nice colorway with lots of details worked in these are comfortable and roomy even a half size down tldr nice add to the collection will post again when i find a nice lace swap for these maybe flat wax green,0.9928,positive,0.9928,https://www.reddit.com/r/Sneakers/comments/1r1ilwc/air_force_1_doernbecher_oli/,nike,,,,1r1ilwc,sneakers
Nike,reddit,sneakers,2025-09-14 00:00:00+00:00,Picked up the Voodoo’s for $95!,picked up the voodoo s for 95,0.0,neutral,0.0,https://www.reddit.com/r/Sneakers/comments/1r1m9fr/picked_up_the_voodoos_for_95/,nike,,,,1r1m9fr,sneakers
Nike,reddit,sneakers,2025-09-15 00:00:00+00:00,"2026 pickups!

For once it ain’t Jordans/Nikes 😭",2026 pickups for once it ain t jordans nikes,-0.5255,negative,0.5255,https://www.reddit.com/r/Sneakers/comments/1r1e8fh/2026_pickups/,nike,,,,1r1e8fh,sneakers
Nike,reddit,sneakers,2025-09-15 00:00:00+00:00,"Nike Dunk There's Skateboards : Does anyone here own them?

Hey guys,

I had an eye on those nike dunk low in collaboration with there's skateboard for a while, but can't find any worn pictures or any good review videos. I mostly wanted to check if the drawings aren't too flashy (I think I can see the breast of a woman lol);

  
The shoe's fire anyway I hope I can cope them someday 

https://preview.redd.it/lkwrq2k8qqig1.jpg?width=1280&amp;format=pjpg&amp;auto=webp&amp;s=f76844b7dc68a2ef5a9c0dd65f82619cb90ccee2",nike dunk there s skateboards does anyone here own them hey guys i had an eye on those nike dunk low in collaboration with there s skateboard for a while but can t find any worn pictures or any good review videos i mostly wanted to check if the drawings aren t too flashy i think i can see the breast of a woman lol the shoe s fire anyway i hope i can cope them someday,0.8871,positive,0.8871,https://www.reddit.com/r/Sneakers/comments/1r1eth3/nike_dunk_theres_skateboards_does_anyone_here_own/,nike,,,,1r1eth3,sneakers
Nike,reddit,running,2025-09-16 00:00:00+00:00,"Tuesday Shoesday

Shoes are a big topic in this sub, so in an effort to condense and collect some of these posts, we're introducing **Shoesday Tuesday**!  Similar to Wednesday's gear thread, but focusing on shoes.  

What’ve you been wearing on your feet? Anything fun added to the rotation? Got a review of a new release? Questions about a pair that’s caught your eye? Here's the place to discuss.

 *NOTE: For you Runnitors looking to sell/trade any running gear (as well as bib transfers), head over to /r/therunningrack.*",tuesday shoesday shoes are a big topic in this sub so in an effort to condense and collect some of these posts we re introducing shoesday tuesday similar to wednesday s gear thread but focusing on shoes what ve you been wearing on your feet anything fun added to the rotation got a review of a new release questions about a pair that s caught your eye here s the place to discuss note for you runnitors looking to sell trade any running gear as well as bib transfers head over to r therunningrack,0.8538,positive,0.8538,https://www.reddit.com/r/running/comments/1r0swas/tuesday_shoesday/,nike running shoes,,,,1r0swas,running
Nike,reddit,sneakers,2025-09-16 00:00:00+00:00,Gym KOTD Nike Air Max 1 “Dia de los Muertos”,gym kotd nike air max 1 dia de los muertos,0.0,neutral,0.0,https://www.reddit.com/r/Sneakers/comments/1r17wf0/gym_kotd_nike_air_max_1_dia_de_los_muertos/,nike,,,,1r17wf0,sneakers
Nike,reddit,sneakers,2025-09-17 00:00:00+00:00,"How to clean undefeated 4s

I wore them out for the first time and somehow ended up with this dark spray on them even though i used crep protect :( anybody know how to clean this?",how to clean undefeated 4s i wore them out for the first time and somehow ended up with this dark spray on them even though i used crep protect anybody know how to clean this,0.6249,positive,0.6249,https://www.reddit.com/r/Sneakers/comments/1r0pxsb/how_to_clean_undefeated_4s/,nike,,,,1r0pxsb,sneakers
Nike,reddit,sneakers,2025-09-17 00:00:00+00:00,"How to DIY clean

Found some shoes today during my lunch - had to call my brother to figure out what’s what. what’s the best way to clean them using a DIY at home method. I was going to use my 5gal buckets from harbor freight with some oxi clean and laundry soap (tide gentle/free of dyes) to scrub the outside and inside of the shoe. I have a box of magic erasers to help. Trying not to order shoe cleaning products because it’s not my kind of thing, I just found these shoes while on my lunch run and figured it would be interesting to clean while watching a movie or something.",how to diy clean found some shoes today during my lunch had to call my brother to figure out what s what what s the best way to clean them using a diy at home method i was going to use my 5gal buckets from harbor freight with some oxi clean and laundry soap tide gentle free of dyes to scrub the outside and inside of the shoe i have a box of magic erasers to help trying not to order shoe cleaning products because it s not my kind of thing i just found these shoes while on my lunch run and figured it would be interesting to clean while watching a movie or something,0.9607,positive,0.9607,https://www.reddit.com/r/Sneakers/comments/1r0co0j/how_to_diy_clean/,nike running shoes,,,,1r0co0j,sneakers
Nike,reddit,sneakers,2025-09-18 00:00:00+00:00,J Balvin is wearing a new version of his Air Jordan 4 at Super Bowl LX 👀,j balvin is wearing a new version of his air jordan 4 at super bowl lx,0.5994,positive,0.5994,https://www.reddit.com/r/Sneakers/comments/1qzq2cu/j_balvin_is_wearing_a_new_version_of_his_air/,nike,,,,1qzq2cu,sneakers
Nike,reddit,sneakers,2025-09-19 00:00:00+00:00,"Levi’s Jordan 3 Year of the Horse (Levi’s San Francisco drop 2/8, FCFS)

I wasn’t planning on buying them due to schedule conflicts and potential long line concerns, but curiosity got the best of me, and there were roughly 100 people in line about 15 minutes before opening, and security still had a handful of wristbands for guaranteed pairs. I left the line for a bit to run a quick errand, and came back, and ended up only waiting an hour in total, which worked out perfectly schedule-wise.

Pickup was smooth, as they only let 4 people in at a time. There were leftover indigo pairs available, which customers were limited to 1 pair per color, so I got my buddy the indigos. People were looping back for multiples of the YOTH, and I heard they still had enough to go around as of 3pm. The to-go boxes were special treats from Yank Sing.

The materials are nice, and the shoes come with extra red and black laces. It’s my least favorite of the pack, but 3s are my all time favorite model, so it’s worth adding to the collection. Bonus photo with the customized indigo pair from the Home Turf pop up. Just need the black pair (don’t see myself finding the LA exclusive pair attainable).",levi s jordan 3 year of the horse levi s san francisco drop 2 8 fcfs i wasn t planning on buying them due to schedule conflicts and potential long line concerns but curiosity got the best of me and there were roughly 100 people in line about 15 minutes before opening and security still had a handful of wristbands for guaranteed pairs i left the line for a bit to run a quick errand and came back and ended up only waiting an hour in total which worked out perfectly schedule wise pickup was smooth as they only let 4 people in at a time there were leftover indigo pairs available which customers were limited to 1 pair per color so i got my buddy the indigos people were looping back for multiples of the yoth and i heard they still had enough to go around as of 3pm the to go boxes were special treats from yank sing the materials are nice and the shoes come with extra red and black laces it s my least favorite of the pack but 3s are my all time favorite model so it s worth adding to the collection bonus photo with the customized indigo pair from the home turf pop up just need the black pair don t see myself finding the la exclusive pair attainable,0.9839,positive,0.9839,https://www.reddit.com/r/Sneakers/comments/1r09hdg/levis_jordan_3_year_of_the_horse_levis_san/,nike running shoes,,,,1r09hdg,sneakers
Nike,reddit,sneakers,2025-09-19 00:00:00+00:00,"Help me find which model of Nike are these.

I only know these are from the lifestyle section. I was wearing them 6-7 years ago. All declarations are torn apart so I can't see them. And could't find it on any website.",help me find which model of nike are these i only know these are from the lifestyle section i was wearing them 6 7 years ago all declarations are torn apart so i can t see them and could t find it on any website,0.1779,positive,0.1779,https://www.reddit.com/r/Sneakers/comments/1r08u9c/help_me_find_which_model_of_nike_are_these/,nike,,,,1r08u9c,sneakers
Nike,reddit,sneakers,2025-09-20 00:00:00+00:00,"Got this bangers for 30 euros

Guess what? I got these bad boys for 30 euros...

So far, so good...
Incase you are wondering,

These are
Nike initiator",got this bangers for 30 euros guess what i got these bad boys for 30 euros so far so good incase you are wondering these are nike initiator,0.1458,positive,0.1458,https://www.reddit.com/r/Sneakers/comments/1r05wur/got_this_bangers_for_30_euros/,nike,,,,1r05wur,sneakers
Nike,reddit,sneakers,2025-09-20 00:00:00+00:00,"Search for sneakers

Hi sneakerheads,

I'm looking for this particular sneaker in size EU 46:  
[Dunk Low Retro Sneakers in white suede – Deliberti](https://delibertiboutique.com/products/nike-dunk-low-retro-sneakers-in-white-suede?utm_campaign=shopping&amp;utm_content=&amp;utm_source=google&amp;utm_medium=product_feed&amp;utm_term=&amp;variant=56770074018174&amp;gad_source=1&amp;gad_campaignid=21386664425&amp;gclid=CjwKCAiAqKbMBhBmEiwAZ3UboIREaBYgf0qXJaElZuM_hgYciF8n2-Z3XoZF7dSmogix5rH_vUEBlRoCerUQAvD_BwE)

I'm having trouble with identifying what sneaker this actually is and what the name of it is. Are there some knowledgeable people here that can help out and possibly point me to a store that has them in stock?

Thanks!",search for sneakers hi sneakerheads i m looking for this particular sneaker in size eu 46 dunk low retro sneakers in white suede deliberti i m having trouble with identifying what sneaker this actually is and what the name of it is are there some knowledgeable people here that can help out and possibly point me to a store that has them in stock thanks,0.351,positive,0.351,https://www.reddit.com/r/Sneakers/comments/1r01745/search_for_sneakers/,nike,,,,1r01745,sneakers
Nike,reddit,sneakers,2025-09-21 00:00:00+00:00,"Keep unloading the vault Nike….Thank You

Yea I know, I miss the 3M hits too! From the Eastbay images to now I never thought I'd ever see these in person let alone own this sample/salesman pair. The only Jordan 6 colorway I like is the Black Infrared pair (especially the 1991 &amp; 2019 pair) so these were a must have for me!",keep unloading the vault nike thank you yea i know i miss the 3m hits too from the eastbay images to now i never thought i d ever see these in person let alone own this sample salesman pair the only jordan 6 colorway i like is the black infrared pair especially the 1991 amp 2019 pair so these were a must have for me,-0.1739,negative,0.1739,https://www.reddit.com/r/Sneakers/comments/1qzwayo/keep_unloading_the_vault_nikethank_you/,nike,,,,1qzwayo,sneakers
Nike,reddit,sneakers,2025-09-21 00:00:00+00:00,"Nike Vomero 5s - I like these.

I didn't think much of these when I got them but have started to grow into them. What do you think?",nike vomero 5s i like these i didn t think much of these when i got them but have started to grow into them what do you think,0.1901,positive,0.1901,https://www.reddit.com/r/Sneakers/comments/1qzrnc3/nike_vomero_5s_i_like_these/,nike,,,,1qzrnc3,sneakers
Nike,reddit,sneakers,2025-09-22 00:00:00+00:00,"Nike air max2 CB '94

These are surprisingly nice on feet.. although they're pretty stiff.",nike air max2 cb 94 these are surprisingly nice on feet although they re pretty stiff,0.802,positive,0.802,https://www.reddit.com/r/Sneakers/comments/1r1qfgf/nike_air_max2_cb_94/,nike,,,,1r1qfgf,sneakers
Nike,reddit,sneakers,2025-09-22 00:00:00+00:00,"Just in: '07 Nike SB Dunk High ""Wood Deck""

As close to VNDS as I can ask for. Got em for C$160/$122USD w/o box.

As soon as I seen em I knew I needed em. Some minor sole-sep, but nothing unwearable.",just in 07 nike sb dunk high wood deck as close to vnds as i can ask for got em for c 160 122usd w o box as soon as i seen em i knew i needed em some minor sole sep but nothing unwearable,0.0,neutral,0.0,https://www.reddit.com/r/Sneakers/comments/1qzrbgk/just_in_07_nike_sb_dunk_high_wood_deck/,nike,,,,1qzrbgk,sneakers
Nike,reddit,sneakers,2025-09-23 00:00:00+00:00,"WDYWT?

Nike SB Dunk Matcha 🍵",wdywt nike sb dunk matcha,0.0,neutral,0.0,https://www.reddit.com/r/Sneakers/comments/1qznqek/wdywt/,nike,,,,1qznqek,sneakers
Nike,reddit,sneakers,2025-09-24 00:00:00+00:00,"On the verge of selling them bc they squeak too much 😭 pls help

I’ve tried the baby powder method, lose tying, even different insoles but nothing is working 🥲 I don’t want to sell them because they’re one of my only retail ws from Nike and yea🥲",on the verge of selling them bc they squeak too much pls help i ve tried the baby powder method lose tying even different insoles but nothing is working i don t want to sell them because they re one of my only retail ws from nike and yea,-0.1154,negative,0.1154,https://www.reddit.com/r/Sneakers/comments/1qyww5x/on_the_verge_of_selling_them_bc_they_squeak_too/,nike,,,,1qyww5x,sneakers
Nike,reddit,sneakers,2025-09-24 00:00:00+00:00,Nike dunk lows [IDs] - “Shattering Backboard”,nike dunk lows ids shattering backboard,-0.2023,negative,0.2023,https://www.reddit.com/r/Sneakers/comments/1qzhpdp/nike_dunk_lows_ids_shattering_backboard/,nike,,,,1qzhpdp,sneakers
Nike,reddit,sneakers,2025-09-25 00:00:00+00:00,Just picked these up on eBay for $280 on offer 🙏,just picked these up on ebay for 280 on offer,0.0,neutral,0.0,https://www.reddit.com/r/Sneakers/comments/1qzh7cl/just_picked_these_up_on_ebay_for_280_on_offer/,nike,,,,1qzh7cl,sneakers
Nike,reddit,sneakers,2025-09-25 00:00:00+00:00,Made a poster design for Nike.,made a poster design for nike,0.0,neutral,0.0,https://www.reddit.com/r/Sneakers/comments/1qzdat5/made_a_poster_design_for_nike/,nike,,,,1qzdat5,sneakers
Nike,reddit,sneakers,2025-09-26 00:00:00+00:00,"Dashawn Jordan Nike SB

Who’s copping the Dashawn Jordan dunk coming out next month?",dashawn jordan nike sb who s copping the dashawn jordan dunk coming out next month,0.0,neutral,0.0,https://www.reddit.com/r/Sneakers/comments/1qzamzu/dashawn_jordan_nike_sb/,nike,,,,1qzamzu,sneakers
Nike,reddit,sneakers,2025-09-26 00:00:00+00:00,The denim looks kwispy on these! Totally worth the trip to San Francisco. Came with white and red laces too! Had some pizza and enjoyed the bay. 😌,the denim looks kwispy on these totally worth the trip to san francisco came with white and red laces too had some pizza and enjoyed the bay,0.8261,positive,0.8261,https://www.reddit.com/r/Sneakers/comments/1qz3e79/the_denim_looks_kwispy_on_these_totally_worth_the/,nike,,,,1qz3e79,sneakers
Nike,reddit,sneakers,2025-09-27 00:00:00+00:00,"An outlet come up…

My favorite thing is passing on paying retail for a shoe in hopes I can find it at the outlet for cheaper… 1/2 size up (but Air Max 95s run kinda tight on me) and we got it for $99. Let’s go.",an outlet come up my favorite thing is passing on paying retail for a shoe in hopes i can find it at the outlet for cheaper 1 2 size up but air max 95s run kinda tight on me and we got it for 99 let s go,0.4404,positive,0.4404,https://www.reddit.com/r/Sneakers/comments/1qz0ws9/an_outlet_come_up/,nike running shoes,,,,1qz0ws9,sneakers
Nike,reddit,sneakers,2025-09-28 00:00:00+00:00,My January Purchases Nike 95 - Waiting for the Neons to release in March now,my january purchases nike 95 waiting for the neons to release in march now,0.0,neutral,0.0,https://www.reddit.com/r/Sneakers/comments/1qzk673/my_january_purchases_nike_95_waiting_for_the/,nike,,,,1qzk673,sneakers
Nike,reddit,sneakers,2025-09-28 00:00:00+00:00,Nike Air Max 95 Granite,nike air max 95 granite,0.0,neutral,0.0,https://www.reddit.com/r/Sneakers/comments/1qyysbx/nike_air_max_95_granite/,nike,,,,1qyysbx,sneakers
Nike,reddit,sneakers,2025-09-29 00:00:00+00:00,"What’s this Nike called?

Bought these in 2012/13 and they weere like a mid top airmax 1. Can’t find them anywhere or even know what they’re called",what s this nike called bought these in 2012 13 and they weere like a mid top airmax 1 can t find them anywhere or even know what they re called,0.5106,positive,0.5106,https://www.reddit.com/r/Sneakers/comments/1qyuwbb/whats_this_nike_called/,nike,,,,1qyuwbb,sneakers
Nike,reddit,sneakers,2025-09-29 00:00:00+00:00,Day 14 of Turnaround: Nike Jordan Air Ship “Pine Green”,day 14 of turnaround nike jordan air ship pine green,0.0,neutral,0.0,https://www.reddit.com/r/Sneakers/comments/1qzm2az/day_14_of_turnaround_nike_jordan_air_ship_pine/,nike,,,,1qzm2az,sneakers
Nike,reddit,sneakers,2025-09-30 00:00:00+00:00,"1992 Nike air flight black grey purple.

Pretty rare now dope shoe if your bag is this deep show me your pairs in the comment section 💪🏾 yes that was a challenge for my vintage collectors ;)",1992 nike air flight black grey purple pretty rare now dope shoe if your bag is this deep show me your pairs in the comment section yes that was a challenge for my vintage collectors,0.8074,positive,0.8074,https://www.reddit.com/r/Sneakers/comments/1qyqdf0/1992_nike_air_flight_black_grey_purple/,nike,,,,1qyqdf0,sneakers
Nike,reddit,sneakers,2025-09-30 00:00:00+00:00,Are the Nike gt jump 2s good in terms of increasing vert an standing height?,are the nike gt jump 2s good in terms of increasing vert an standing height,0.6124,positive,0.6124,https://www.reddit.com/r/Sneakers/comments/1qyr4d9/are_the_nike_gt_jump_2s_good_in_terms_of/,nike,,,,1qyr4d9,sneakers
Nike,reddit,sneakers,2025-10-01 00:00:00+00:00,"Help ID

My wife has been talking about these shoes she had as a teenager and says they are the best shoes she ever had. Google comes back as Nike Triax 96 or Nike Xccellerate, but none of those actually match this photo. please help me ID what they are.",help id my wife has been talking about these shoes she had as a teenager and says they are the best shoes she ever had google comes back as nike triax 96 or nike xccellerate but none of those actually match this photo please help me id what they are,0.8735,positive,0.8735,https://www.reddit.com/r/Sneakers/comments/1qyoq33/help_id/,nike,,,,1qyoq33,sneakers
Nike,reddit,sneakers,2025-10-01 00:00:00+00:00,"Pickup for Chinese New Year

Jordan 3 Levi’s CNY. Love how the red and sail go together.",pickup for chinese new year jordan 3 levi s cny love how the red and sail go together,0.6369,positive,0.6369,https://www.reddit.com/r/Sneakers/comments/1qyj84v/pickup_for_chinese_new_year/,nike,,,,1qyj84v,sneakers
Nike,reddit,sneakers,2025-10-02 00:00:00+00:00,"On running

I'm looking at on running waterproof shoes either cloud venture or horizons. Does anyone have recommends on which are better?
I'm also unsure on size I'm size 6.5-7 I did buy some size 6.5 and they were too small so I'm not sure whether to get 7 or 7.5.",on running i m looking at on running waterproof shoes either cloud venture or horizons does anyone have recommends on which are better i m also unsure on size i m size 6 5 7 i did buy some size 6 5 and they were too small so i m not sure whether to get 7 or 7 5,0.1467,positive,0.1467,https://www.reddit.com/r/Sneakers/comments/1qyfls6/on_running/,nike running shoes,,,,1qyfls6,sneakers
Nike,reddit,sneakers,2025-10-03 00:00:00+00:00,"NewBalance BB550s. Buy it or skip it?

Hey y’all,

My **Nike SB Force 58** is due for a replacement.

I really like the **New Balance 550**, but I’ve never owned New Balances before.

I’m planning to order them online, and I have a few questions before:

1. **Comfort:** How do the 550s compare to Nike SBs? I’ve heard they’re a bit on the heavier side.
2. **Sizing:** Are they true to size? I usually wear a **UK 8**. I'll be buying them without trying it on.
3. **Quality &amp; durability:** My Nike SBs lasted 4 years before the sole gave up. How do the 550s hold up long term?

If you own or have worn the 550s, help a sneaker noob out please.

*^(I know the 550s might be outdated now but honestly, I don't really care about all that.)*",newbalance bb550s buy it or skip it hey y all my nike sb force 58 is due for a replacement i really like the new balance 550 but i ve never owned new balances before i m planning to order them online and i have a few questions before 1 comfort how do the 550s compare to nike sbs i ve heard they re a bit on the heavier side 2 sizing are they true to size i usually wear a uk 8 i ll be buying them without trying it on 3 quality amp durability my nike sbs lasted 4 years before the sole gave up how do the 550s hold up long term if you own or have worn the 550s help a sneaker noob out please i know the 550s might be outdated now but honestly i don t really care about all that,0.9252,positive,0.9252,https://www.reddit.com/r/Sneakers/comments/1qyesxm/newbalance_bb550s_buy_it_or_skip_it/,nike,,,,1qyesxm,sneakers
Nike,reddit,sneakers,2025-10-03 00:00:00+00:00,My first pair of Nike VM plus and I like em what color should I get next?,my first pair of nike vm plus and i like em what color should i get next,0.3612,positive,0.3612,https://www.reddit.com/r/Sneakers/comments/1qywdbh/my_first_pair_of_nike_vm_plus_and_i_like_em_what/,nike,,,,1qywdbh,sneakers
Nike,reddit,sneakers,2025-10-04 00:00:00+00:00,"Help identifying older SBs

hello all

i’m hoping to get some assistance from any SB experts that lurk or frequent this sub.  i’m pushing forty years of age and - with that - leaning into nostalgic tendencies and trends from my younger days.  i am looking for a style/reference number for a pair of SBs i owned back somewhere between 2007-08.  here’s what I remember:

• the majority of the shoe was beige leather

• the top of the toe box, the tongue, and the sides were made of some sort of dark colored (grey/black) fur or wool.  i know this because my big toe completely came through this portion of the shoe during a concert i was performing in.

• the nike check was leather and either red or dark blue.

• i purchased these shoes at a journeys in Hattiesburg, MS in 2007 (i know this because i was working in the mall during that time when I bought them). this may be pertinent in the event that it was a journeys exclusive.  

i checked all of the archival websites extensively but came up empty handed.  hopefully one of you sleuths can end this mystery for me and refer me to the exact model i owned.

thanks in advance.   mods, feel free to remove if this isn’t allowed.   i read the sub rules but saw nothing prohibiting questions like these.",help identifying older sbs hello all i m hoping to get some assistance from any sb experts that lurk or frequent this sub i m pushing forty years of age and with that leaning into nostalgic tendencies and trends from my younger days i am looking for a style reference number for a pair of sbs i owned back somewhere between 2007 08 here s what i remember the majority of the shoe was beige leather the top of the toe box the tongue and the sides were made of some sort of dark colored grey black fur or wool i know this because my big toe completely came through this portion of the shoe during a concert i was performing in the nike check was leather and either red or dark blue i purchased these shoes at a journeys in hattiesburg ms in 2007 i know this because i was working in the mall during that time when i bought them this may be pertinent in the event that it was a journeys exclusive i checked all of the archival websites extensively but came up empty handed hopefully one of you sleuths can end this mystery for me and refer me to the exact model i owned thanks in advance mods feel free to remove if this isn t allowed i read the sub rules but saw nothing prohibiting questions like these,0.9029,positive,0.9029,https://www.reddit.com/r/Sneakers/comments/1qcw7by/help_identifying_older_sbs/,nike running shoes,,,,1qcw7by,sneakers
Nike,reddit,sneakers,2025-10-04 00:00:00+00:00,Been wanting a pair of Nike Vomero Plus finally pulled the trigger 🤗,been wanting a pair of nike vomero plus finally pulled the trigger,0.4215,positive,0.4215,https://www.reddit.com/r/Sneakers/comments/1qy12wh/been_wanting_a_pair_of_nike_vomero_plus_finally/,nike,,,,1qy12wh,sneakers
Nike,reddit,sneakers,2025-10-05 00:00:00+00:00,"02/06/1988

February 02, 1988- Slam Dunk Champion and the debut of the shoe that ultimately kept MJ with Nike, the Air Jordan 3 “White Cement”. Which version of the retros pictured are your favorite??

\- 1994

\- 2003

\- 2018 “Free Throw Line”

\- 2023 “Reimagined”",02 06 1988 february 02 1988 slam dunk champion and the debut of the shoe that ultimately kept mj with nike the air jordan 3 white cement which version of the retros pictured are your favorite 1994 2003 2018 free throw line 2023 reimagined,0.6868,positive,0.6868,https://www.reddit.com/r/Sneakers/comments/1qxv2bt/02061988/,nike,,,,1qxv2bt,sneakers
Nike,reddit,sneakers,2025-10-05 00:00:00+00:00,Minding Business,minding business,0.0,neutral,0.0,https://www.reddit.com/r/Sneakers/comments/1r6e4xd/minding_business/,nike,,,,1r6e4xd,sneakers
Nike,reddit,sneakers,2025-10-06 00:00:00+00:00,"Conservation / Restoration Advice Needed

I bought some sample hitops from the Nike Outlet in 1996. They're a version of the Nike Air Pro NFL Turf Stove Cleats, but with a court sole. I used to wear these on and off for years, but they've been sitting on the shelf for the last 6-8 years and now I'm nervous about putting them on.

I have noticed some of the leather beginning to flake and I'm looking for advice on the following:

* How can I tell if they're safe to wear? (i.e. The foam isn't going to disintegrate when I stand up)
* What can I do to stop any further degradation and bring the leather back to life?
* What are some good videos to watch on maintenance / conservation / restoration ?
* What are your recommended tools/products to use to help in this process?

These are the only real ""vintage"" hitops I've got and I'd like to make sure they're around for another 30 years AND are wearable because they freakin' ROCK!!",conservation restoration advice needed i bought some sample hitops from the nike outlet in 1996 they re a version of the nike air pro nfl turf stove cleats but with a court sole i used to wear these on and off for years but they ve been sitting on the shelf for the last 6 8 years and now i m nervous about putting them on i have noticed some of the leather beginning to flake and i m looking for advice on the following how can i tell if they re safe to wear i e the foam isn t going to disintegrate when i stand up what can i do to stop any further degradation and bring the leather back to life what are some good videos to watch on maintenance conservation restoration what are your recommended tools products to use to help in this process these are the only real vintage hitops i ve got and i d like to make sure they re around for another 30 years and are wearable because they freakin rock,0.9031,positive,0.9031,https://www.reddit.com/r/Sneakers/comments/1qxqd9e/conservation_restoration_advice_needed/,nike,,,,1qxqd9e,sneakers
Nike,reddit,sneakers,2025-10-06 00:00:00+00:00,"“Now I am become Unc, wearer of Flightposites”

Bought these sexy ass Dusty Cactus bit\*\*es a while back but never really found a way to wear them. Today said F it keep it simple and just sent it with some black shorts and a blue Nike shirt.

I had multiple pairs of Flightposite 2 &amp; 3 back in the day, but never had the 1. Not my favorite colorway ever but still nice and super super comfy.",now i am become unc wearer of flightposites bought these sexy ass dusty cactus bit es a while back but never really found a way to wear them today said f it keep it simple and just sent it with some black shorts and a blue nike shirt i had multiple pairs of flightposite 2 amp 3 back in the day but never had the 1 not my favorite colorway ever but still nice and super super comfy,0.9206,positive,0.9206,https://www.reddit.com/r/Sneakers/comments/1qxp1s1/now_i_am_become_unc_wearer_of_flightposites/,nike,,,,1qxp1s1,sneakers
Nike,reddit,sneakers,2025-10-07 00:00:00+00:00,"Im so stoked I finally got my personal Grails

Im ecstatic I was finally able to afford to cop my personal grails, the Wu Tang Dunks. Im a huge Wu Fan and I missed out on the release at retail, but through good fortune and saving I was able to order mine today off ebay with the authenticity guarantee cause dont noone want no FuFu around here.",im so stoked i finally got my personal grails im ecstatic i was finally able to afford to cop my personal grails the wu tang dunks im a huge wu fan and i missed out on the release at retail but through good fortune and saving i was able to order mine today off ebay with the authenticity guarantee cause dont noone want no fufu around here,0.8806,positive,0.8806,https://www.reddit.com/r/Sneakers/comments/1qx1sx1/im_so_stoked_i_finally_got_my_personal_grails/,nike,,,,1qx1sx1,sneakers
Nike,reddit,sneakers,2025-10-08 00:00:00+00:00,"Nike Mind 002 is a comfortable shoe

I posted yesterday how uncomfortable the Shai 001’s are… today I’m back with the Nike Mind 002.

Went to Foot Locker on my work break to try and pickup the Nike Mules and was told they were sold out as I approached the front.

Walked over to Nike to see what they had, to my surprise they just restocked the Nike Mind 002 shoes and I was able to pickup a pair for myself and my wife.

These feel amazing on feet, very strange but extremely comfortable. 

Anyone else try these or the mules?",nike mind 002 is a comfortable shoe i posted yesterday how uncomfortable the shai 001 s are today i m back with the nike mind 002 went to foot locker on my work break to try and pickup the nike mules and was told they were sold out as i approached the front walked over to nike to see what they had to my surprise they just restocked the nike mind 002 shoes and i was able to pickup a pair for myself and my wife these feel amazing on feet very strange but extremely comfortable anyone else try these or the mules,0.8245,positive,0.8245,https://www.reddit.com/r/Sneakers/comments/1qws77x/nike_mind_002_is_a_comfortable_shoe/,nike running shoes,,,,1qws77x,sneakers
Nike,reddit,sneakers,2025-10-08 00:00:00+00:00,"Got these for a STEAL!!

One of the best Non OG Jordan 1’s hands down. Purchased these PADS Pine Green Jordan 1’s for $94 on eBay. I have the Court purple 1.0 as well and I’ve been wanted these Pine Greens for years but they use to be pretty expensive even for used pairs. As a die hard Celtic fan these are a must. What a great time to be a collector.",got these for a steal one of the best non og jordan 1 s hands down purchased these pads pine green jordan 1 s for 94 on ebay i have the court purple 1 0 as well and i ve been wanted these pine greens for years but they use to be pretty expensive even for used pairs as a die hard celtic fan these are a must what a great time to be a collector,0.8488,positive,0.8488,https://www.reddit.com/r/Sneakers/comments/1qwxep0/got_these_for_a_steal/,nike,,,,1qwxep0,sneakers
Nike,reddit,sneakers,2025-10-09 00:00:00+00:00,"Nike Air Max 90 ""Siempre Familia""",nike air max 90 siempre familia,0.0,neutral,0.0,https://www.reddit.com/r/Sneakers/comments/1qw42rr/nike_air_max_90_siempre_familia/,nike air,,,,1qw42rr,sneakers
Nike,reddit,sneakers,2025-10-09 00:00:00+00:00,The newest and loudest addition to my collection. Crazy details throughout the shoes. Nike Doernbecher V2K,the newest and loudest addition to my collection crazy details throughout the shoes nike doernbecher v2k,-0.34,negative,0.34,https://www.reddit.com/r/Sneakers/comments/1qw6wqu/the_newest_and_loudest_addition_to_my_collection/,nike running shoes,,,,1qw6wqu,sneakers
Nike,reddit,sneakers,2025-10-10 00:00:00+00:00,Nike Air Force 1 Patent - Psychic Blue,nike air force 1 patent psychic blue,0.0,neutral,0.0,https://www.reddit.com/r/Sneakers/comments/1qt2vlp/nike_air_force_1_patent_psychic_blue/,nike air,,,,1qt2vlp,sneakers
Nike,reddit,sneakers,2025-10-10 00:00:00+00:00,"Adidas ZX 8000 Consortium JC &amp; MT Yellow

Adidas ZX 8000 Consortium JC &amp; MT Yellow - A friend of mine said my IG sneakers page was featuring way too many Nikes. They were right. I started checking out some of the latest Adidas drops and they've got some sick shoes. Plus they're loyalty program is incredible! Way better than the nonexistent loyalty program of Nike. But I think you're putting yourself

Adidas ZX 8000 Consortium JC &amp; MT Yellow - The Legend of the ""Final AZX"" Reborn - The Adidas ZX 8000 JQ4359 is the definitive 2026 remake of the legendary ""Final AZX."" In 2008, the original version was never released to the public, existing only as a gift to the partners of the A-ZX series. This Consortium edition honors the architects of the Torsion system, Jacques Chassaing and Markus Thaler.

Why It Matters:

For ZX enthusiasts, this is a ""Holy Grail"" release. It captures the exact look of the elusive 2008 pair while using premium Consortium materials. The minimal, technical construction makes it one of the most unique silhouettes in the entire ZX archive.

Product Specifications:

• Product Code: JQ4359

• Release Date: January 2026

• Design: Features a technical, seamless (no-sew) upper in Canary Yellow.

\* Accents: Blue Glow and Unity Purple detailing with a metallic gold Torsion bar.

• Branding: ""JC &amp; MT"" initials are featured on the heels to recognize the original designers.",adidas zx 8000 consortium jc amp mt yellow adidas zx 8000 consortium jc amp mt yellow a friend of mine said my ig sneakers page was featuring way too many nikes they were right i started checking out some of the latest adidas drops and they ve got some sick shoes plus they re loyalty program is incredible way better than the nonexistent loyalty program of nike but i think you re putting yourself adidas zx 8000 consortium jc amp mt yellow the legend of the final azx reborn the adidas zx 8000 jq4359 is the definitive 2026 remake of the legendary final azx in 2008 the original version was never released to the public existing only as a gift to the partners of the a zx series this consortium edition honors the architects of the torsion system jacques chassaing and markus thaler why it matters for zx enthusiasts this is a holy grail release it captures the exact look of the elusive 2008 pair while using premium consortium materials the minimal technical construction makes it one of the most unique silhouettes in the entire zx archive product specifications product code jq4359 release date january 2026 design features a technical seamless no sew upper in canary yellow accents blue glow and unity purple detailing with a metallic gold torsion bar branding jc amp mt initials are featured on the heels to recognize the original designers,0.9729,positive,0.9729,https://www.reddit.com/r/Sneakers/comments/1qw2cxf/adidas_zx_8000_consortium_jc_mt_yellow/,nike running shoes,,,,1qw2cxf,sneakers
Nike,reddit,sneakers,2025-10-11 00:00:00+00:00,"Outlets came through...wanted this colorway since release

North outlets in Vegas had plenty of AJ1 Gold Metallic and AJ1 self expression. This was the only pair of the midnight navy",outlets came through wanted this colorway since release north outlets in vegas had plenty of aj1 gold metallic and aj1 self expression this was the only pair of the midnight navy,0.0,neutral,0.0,https://www.reddit.com/r/Sneakers/comments/1quznot/outlets_came_throughwanted_this_colorway_since/,nike air,,,,1quznot,sneakers
Nike,reddit,running,2025-10-11 00:00:00+00:00,"Tuesday Shoesday

Shoes are a big topic in this sub, so in an effort to condense and collect some of these posts, we're introducing **Shoesday Tuesday**!  Similar to Wednesday's gear thread, but focusing on shoes.  

What’ve you been wearing on your feet? Anything fun added to the rotation? Got a review of a new release? Questions about a pair that’s caught your eye? Here's the place to discuss.

 *NOTE: For you Runnitors looking to sell/trade any running gear (as well as bib transfers), head over to /r/therunningrack.*",tuesday shoesday shoes are a big topic in this sub so in an effort to condense and collect some of these posts we re introducing shoesday tuesday similar to wednesday s gear thread but focusing on shoes what ve you been wearing on your feet anything fun added to the rotation got a review of a new release questions about a pair that s caught your eye here s the place to discuss note for you runnitors looking to sell trade any running gear as well as bib transfers head over to r therunningrack,0.8538,positive,0.8538,https://www.reddit.com/r/running/comments/1quk20v/tuesday_shoesday/,nike running shoes,,,,1quk20v,running
Nike,reddit,running,2025-10-12 00:00:00+00:00,"New to running or the sub? Click here first! Looking for links to the most recent weekly threads or other mega-threads, this is the spot!

###For you new runners, please check out the info that is in the Wiki.

For the beginners finding the sub, please check out [the section in the FAQ for beginners](https://www.reddit.com/r/running/wiki/faq/#wiki_for_beginners)  (which can also apply to returning runners) as well as the [Common Questions section](https://www.reddit.com/r/running/wiki/faq/#wiki_common_questions).  

There is a lot of info in the [Wiki](https://www.reddit.com/r/running/wiki/faq).  Yes, some of it is from old posts.  Yes, the layout is not the greatest.  It is always a work in progress.  If you come across info that needs to be updated (or broken links), let us know.  If you see a post that should be in there, let us know.  If you see a lack of a helpful topic, let us know.

[This](https://www.reddit.com/r/running/wiki/index/common_questions/#wiki_i.2019ve_never_run_before.2C_what_do_i_do.3F) also has some good tips.  [This resource](https://drive.google.com/file/d/0B3TYR3d9S1s1dFpwa3E4NmZfOW8/view) is linked in the sidebar/top menu and may have some info you can use as you get started (or back into) running.  Finally, if you are looking for shoes and don't know where to start, check out [this section of the wiki](https://www.reddit.com/r/running/wiki/index/common_questions/#wiki_what_shoes_do_i_buy.3F). 

Take some time to the search the sub and browse the daily [Official Q&amp;A thread](https://www.reddit.com/r/running/search?q=Q%26A+author%3Aautomoderator&amp;restrict_sr=on&amp;sort=new&amp;t=all) and you will find plenty of tips for getting started/back.

*Please note that some of the direct links above will not work on mobile and link only to the main Wiki, requiring a bit of scrolling to find the relevant section.*

____________________

###Posts to Take Note Of

* Link for usual [Tis the Season! Time for the Annual cold / cool / winter weather running and gear thread](https://www.reddit.com/r/running/comments/1o1a56f/tis_the_season_time_for_the_annual_cold_cool/). Or if you are in the southern hemisphere, the [""Running in the SUMMER/HEAT"" section of the wiki ](https://www.reddit.com/r/running/wiki/weather/#wiki_summer.2Fheat).


* [New Year.... New Resolutions..... New Runners - Welcome](https://www.reddit.com/r/running/comments/1q0dhoq/new_year_new_resolutions_new_runners_welcome/)

* [The Race to the Start Line: Returning to Running After Having Covid-19 (NY Times article)](https://www.reddit.com/r/running/comments/wa65zp/the_race_to_the_start_line_returning_to_running/)

* [Infographic: Graduated return to play guidance following COVID-19 infection](https://www.reddit.com/r/AdvancedRunning/comments/wif7ys/infographic_graduated_return_to_play_guidance/)

* [Explain it to me like I’m 5](https://www.reddit.com/r/running/comments/1p9q4du/explain_it_to_me_like_im_5/)

* [PSA: How your heart rate zone 2 might be lying to you.](https://www.reddit.com/r/running/comments/1e4a6lr/psa_how_your_heart_rate_zone_2_might_be_lying_to/)

* [Gifts for a runner](https://www.reddit.com/r/running/comments/1pagxrp/gifts_for_a_runner/)

* [5k a day December challenge](https://www.reddit.com/r/running/comments/1p9okep/5k_a_day_december_challenge/)



____________________

###**Using r/running**



The mods do their best to actively moderate this community. When posting, we expect users to make an effort to familiarize themselves with our rules and practices before submitting posts or comments. We suggest taking note of **Rule 2** *and* **Rule 7**, *since these are the most commonly broken which will result in a thread being removed.*

The mod team has tried to lay out the rules with some expected guidelines of what is or is not allowed, but there is always some gray area and posts are up to interpretation by the mod team.  We do our best to be consistent, but that isn’t always the case with multiple mods or even the same mod between similar posts.  The mod team wants to make /r/running a resource for new and experienced runners and to build a community between all types of runners.

Regardless of that fact, Moderators have the final say.  We are open to hearing differing opinions, but the mod team will make the final decision.  Visitors and posters in /r/running are expected to understand that the mod team are people too and doing the best they can to manage a very large sub with frequent posts every day.  If you do not agree with how this sub is moderated, we expect you to do so in a civil manner….and also know when it is time to drop it.

We are very upfront in stating that the sub is heavily moderated, but we do recognize that not every user wants that.  The wonderful thing about reddit is that there are plenty of subs to check out and hopefully find one more to your liking.  If you find the  moderation here too strict, some other related subs with less moderation are /r/runninglifestyle/, /r/BeginnersRunning/, /r/runningquestions/, and /r/Runners/.

_____


###**Recurring Threads**

In order to reduce clutter and nudge you lurkers into posting, we have created a number of daily and weekly threads for you to read, make a comment, or ask a question. Unless you truly believe your new thread will make a new and interesting contribution to Runnit, please wait until the related weekly thread rolls around and post in there instead.  A more complete description of the threads can be [found in the wiki](https://www.reddit.com/r/running/wiki/faq/#wiki_reccuring_threads).

Here are the current recurring threads with links to the most recent (hopefully) weekly thread:  

*Please note that the search links for the daily threads (Q&amp;A and Achievement) will not work on mobile.  If you are using mobile, sort the sub by ""Hot"" and the current Q&amp;A thread will be stickied at the top.  For the Achievement thread, sort by ""New"" and scroll down a bit to find the current Achievement thread.*

* [Daily Achievement Thread (Posted daily)](https://www.reddit.com/r/running/search?q=%22achievements+for%22+author%3Aautomoderator&amp;amp;restrict_sr=on&amp;amp;sort=new&amp;amp;t=all): Any and all accomplishment posts should be posted here. Anything from new PRs, to longest weekly mileage, to running your first ultra – literally any accomplishments you experienced recently!

* [General Q&amp;A Thread (Posted daily)](https://old.reddit.com/r/running/search?q=Official+Q%26A&amp;restrict_sr=on&amp;sort=new&amp;t=all): With such a large sub, there are a lot of running-related questions that come in every day. In an effort to keep the front page of the sub uncluttered and fresh, we ask you post your questions, particularly those one-off questions that are potentially short and don't necessarily provoke significant discussion, in the daily General Q&amp;A thread.

* [Weekly Training Thread (Sundays)](https://www.reddit.com/r/running/comments/1qz141w/the_weekly_training_thread/)

* [Miscellaneous Monday General Chit-Chat (Mondays)](https://www.reddit.com/r/running/comments/1r05nxi/miscellaneous_monday_chit_chat/)

* [Li'l Race Reports Thread (Mondays)](https://www.reddit.com/r/running/comments/1qzwdzh/lil_race_report_thread/)

* [Super Moronic Monday (Tuesdays)](https://www.reddit.com/r/running/comments/1r12bnl/super_moronic_monday_your_weekly_tuesday_stupid/)

* [Run Nutrition Tuesday (Tuesdays)](https://www.reddit.com/r/running/comments/1r0swax/run_nutrition_tuesday/)

* [Tuesday Shoesday (Tuesdays)](https://www.reddit.com/r/running/comments/1r0swas/tuesday_shoesday/)

* [Lurker's Wednesday (Wednesday)](https://www.reddit.com/r/running/comments/1r1pf7f/lurkers_wednesday/)

* [What Are You Wearing Wednesday Weekly Gear Thread (Wednesdays)](https://www.reddit.com/r/running/comments/1r1pf7m/what_are_you_wearing_wednesday_weekly_gear_thread/)

* [Weekly Complaints &amp; Confessions Thread (Thursdays)](https://www.reddit.com/r/running/comments/1qwl3ev/weekly_complaints_confessions_thread/)

* [The Weekend Thread (Fridays)](https://www.reddit.com/r/running/comments/1r3hdho/the_weekend_thread_for_friday_february_13_2026/)

* [Race Roll Call (Fridays)](https://www.reddit.com/r/running/comments/1r3g8m5/race_roll_call/)

* [Social Saturday (Saturdays)](https://www.reddit.com/r/running/comments/1qy5zjy/social_saturday/)

_____

###**Rules**
We have further [explanations of the rules in the wiki](https://www.reddit.com/r/running/wiki/faq/#wiki_rules), but as noted in the side bar, please take note of Rule 2 and Rule 7 as they are the ones most cited for post removals.

 **(2)** - *Posts need to generate discussion and/or useful information that other searchers can then benefit from. Low-quality posts, recent reposts, chronically repetitive posts, posts not directly related to running, and questions that are easily answered by FAQ, searching r/running, or Google are subject to removal at the moderation team's discretion.*  

This sub attracts a lot of beginners as well as “drive-by” posting.  A major goal of the sub is to promote quality discussion and develop a community where information and experiences can be shared.  Many of the common questions have been answered, either in previous threads/FAQ, or could easily be answered in the daily Q&amp;A thread.  Yes, circumstances can vary person to person, but it is expected that posters make an attempt to find these answers for themselves before making a stand-alone post.   Visitors should put forth some effort in finding the answer themselves and not expect the Runnit community to do all the work for them.  If the post/question is very specific to your situation (such that other general user won't get much benefit from the information), then it belongs in the daily Q&amp;A thread.

If you do make a stand-alone post, please include info relevant for the community to help.  It is nearly impossible to offer any advice without sufficient background information.  Items that could be relevant:

* Age

* Sex

* Current MPW + pace

* Previous peak MPW

* Workouts you traditionally or recently have completed

* Goals (including specific races)

* Previous PRs

* Other things you think might be helpful to include

Below are some of the reason a post would be considered low-quality, thus being removed and directed to the Daily Q&amp;A thread:

* ""Does anyone else..."" type posts?

* ""Is X a good time for...?"" posts

* If your post is a question in the title (including “See title” or “Title says it all” in the body).

* If your question can be asked in one sentence.

* If your question is very specific to you or your situation.

* If your question can be answered either with a yes/no.

* In general, it is helpful to include something that shows you made an effort to find an answer within the community and thus separate it from the numerous low-effort posts that are submitted every day.  

* Additionally, as rule 5 states, make your title descriptive.  If it is not clear what the post is about or asking, then it will not be useful in later searches.

Finally, while mutual encouragement and sharing of information is a very high priority of r/running, numerous motivational-type and PSA posts are not necessary.  A larger goal of the sub is to provide information to runners, beginners and experienced, which can get drowned out by these types of posts.


 **(7)** - *Do not solicit medical advice. This includes 'Has anyone else experienced this injury?' type posts.*  

While there is some leeway on advice for rehabbing some minor, common running injuries, this sub is not the place for a diagnosis, and especially not for advice on major injuries.  If you are hurt or injured, find a medical professional with the proper credentials to help you.  Not the internet.  

There is a big difference between ""Hey, my IT band is tight. Got any good stretches for it?"" and ""My shins hurt every time I run. If I run through the pain, will it turn into a stress fracture?"" If your question involves sharp pains, unknown/vague pains, or injuries/problems that have stretched on for long periods of time, then it is a question for medical professional.

Also, your doctor not being familiar with running injuries is no excuse.  Find a Sports Medicine doctor, Physical Therapist, or find another doctor.

_____________________


Finally, feel free to use this post to offer any ideas or suggestions of things you'd like to see (or not see) here.  We are open to feedback, but please be civil, constructive, and willing to have a discussion.  This is not the place to rant.

###**Thank you all for being a part of this community!**",new to running or the sub click here first looking for links to the most recent weekly threads or other mega threads this is the spot for you new runners please check out the info that is in the wiki for the beginners finding the sub please check out the section in the faq for beginners which can also apply to returning runners as well as the common questions section there is a lot of info in the wiki yes some of it is from old posts yes the layout is not the greatest it is always a work in progress if you come across info that needs to be updated or broken links let us know if you see a post that should be in there let us know if you see a lack of a helpful topic let us know this also has some good tips this resource is linked in the sidebar top menu and may have some info you can use as you get started or back into running finally if you are looking for shoes and don t know where to start check out this section of the wiki take some time to the search the sub and browse the daily official q amp a thread and you will find plenty of tips for getting started back please note that some of the direct links above will not work on mobile and link only to the main wiki requiring a bit of scrolling to find the relevant section posts to take note of link for usual tis the season time for the annual cold cool winter weather running and gear thread or if you are in the southern hemisphere the running in the summer heat section of the wiki new year new resolutions new runners welcome the race to the start line returning to running after having covid 19 ny times article infographic graduated return to play guidance following covid 19 infection explain it to me like i m 5 psa how your heart rate zone 2 might be lying to you gifts for a runner 5k a day december challenge using r running the mods do their best to actively moderate this community when posting we expect users to make an effort to familiarize themselves with our rules and practices before submitting posts or comments we suggest taking note of rule 2 and rule 7 since these are the most commonly broken which will result in a thread being removed the mod team has tried to lay out the rules with some expected guidelines of what is or is not allowed but there is always some gray area and posts are up to interpretation by the mod team we do our best to be consistent but that isn t always the case with multiple mods or even the same mod between similar posts the mod team wants to make r running a resource for new and experienced runners and to build a community between all types of runners regardless of that fact moderators have the final say we are open to hearing differing opinions but the mod team will make the final decision visitors and posters in r running are expected to understand that the mod team are people too and doing the best they can to manage a very large sub with frequent posts every day if you do not agree with how this sub is moderated we expect you to do so in a civil manner and also know when it is time to drop it we are very upfront in stating that the sub is heavily moderated but we do recognize that not every user wants that the wonderful thing about reddit is that there are plenty of subs to check out and hopefully find one more to your liking if you find the moderation here too strict some other related subs with less moderation are r runninglifestyle r beginnersrunning r runningquestions and r runners recurring threads in order to reduce clutter and nudge you lurkers into posting we have created a number of daily and weekly threads for you to read make a comment or ask a question unless you truly believe your new thread will make a new and interesting contribution to runnit please wait until the related weekly thread rolls around and post in there instead a more complete description of the threads can be found in the wiki here are the current recurring threads with links to the most recent hopefully weekly thread please note that the search links for the daily threads q amp a and achievement will not work on mobile if you are using mobile sort the sub by hot and the current q amp a thread will be stickied at the top for the achievement thread sort by new and scroll down a bit to find the current achievement thread daily achievement thread posted daily any and all accomplishment posts should be posted here anything from new prs to longest weekly mileage to running your first ultra literally any accomplishments you experienced recently general q amp a thread posted daily with such a large sub there are a lot of running related questions that come in every day in an effort to keep the front page of the sub uncluttered and fresh we ask you post your questions particularly those one off questions that are potentially short and don t necessarily provoke significant discussion in the daily general q amp a thread weekly training thread sundays miscellaneous monday general chit chat mondays li l race reports thread mondays super moronic monday tuesdays run nutrition tuesday tuesdays tuesday shoesday tuesdays lurker s wednesday wednesday what are you wearing wednesday weekly gear thread wednesdays weekly complaints amp confessions thread thursdays the weekend thread fridays race roll call fridays social saturday saturdays rules we have further explanations of the rules in the wiki but as noted in the side bar please take note of rule 2 and rule 7 as they are the ones most cited for post removals 2 posts need to generate discussion and or useful information that other searchers can then benefit from low quality posts recent reposts chronically repetitive posts posts not directly related to running and questions that are easily answered by faq searching r running or google are subject to removal at the moderation team s discretion this sub attracts a lot of beginners as well as drive by posting a major goal of the sub is to promote quality discussion and develop a community where information and experiences can be shared many of the common questions have been answered either in previous threads faq or could easily be answered in the daily q amp a thread yes circumstances can vary person to person but it is expected that posters make an attempt to find these answers for themselves before making a stand alone post visitors should put forth some effort in finding the answer themselves and not expect the runnit community to do all the work for them if the post question is very specific to your situation such that other general user won t get much benefit from the information then it belongs in the daily q amp a thread if you do make a stand alone post please include info relevant for the community to help it is nearly impossible to offer any advice without sufficient background information items that could be relevant age sex current mpw pace previous peak mpw workouts you traditionally or recently have completed goals including specific races previous prs other things you think might be helpful to include below are some of the reason a post would be considered low quality thus being removed and directed to the daily q amp a thread does anyone else type posts is x a good time for posts if your post is a question in the title including see title or title says it all in the body if your question can be asked in one sentence if your question is very specific to you or your situation if your question can be answered either with a yes no in general it is helpful to include something that shows you made an effort to find an answer within the community and thus separate it from the numerous low effort posts that are submitted every day additionally as rule 5 states make your title descriptive if it is not clear what the post is about or asking then it will not be useful in later searches finally while mutual encouragement and sharing of information is a very high priority of r running numerous motivational type and psa posts are not necessary a larger goal of the sub is to provide information to runners beginners and experienced which can get drowned out by these types of posts 7 do not solicit medical advice this includes has anyone else experienced this injury type posts while there is some leeway on advice for rehabbing some minor common running injuries this sub is not the place for a diagnosis and especially not for advice on major injuries if you are hurt or injured find a medical professional with the proper credentials to help you not the internet there is a big difference between hey my it band is tight got any good stretches for it and my shins hurt every time i run if i run through the pain will it turn into a stress fracture if your question involves sharp pains unknown vague pains or injuries problems that have stretched on for long periods of time then it is a question for medical professional also your doctor not being familiar with running injuries is no excuse find a sports medicine doctor physical therapist or find another doctor finally feel free to use this post to offer any ideas or suggestions of things you d like to see or not see here we are open to feedback but please be civil constructive and willing to have a discussion this is not the place to rant thank you all for being a part of this community,0.9979,positive,0.9979,https://www.reddit.com/r/running/comments/1qtznm4/new_to_running_or_the_sub_click_here_first/,nike running shoes,,,,1qtznm4,running
Nike,reddit,sneakers,2025-10-13 00:00:00+00:00,"Love these Gammas

Typical Nike QC but love the shoes nonetheless",love these gammas typical nike qc but love the shoes nonetheless,0.8555,positive,0.8555,https://www.reddit.com/r/Sneakers/comments/1qtvvcx/love_these_gammas/,nike running shoes,,,,1qtvvcx,sneakers
Nike,reddit,sneakers,2025-10-13 00:00:00+00:00,"Should I return or restore them?

I bought these Supreme Up Tempo shoes for 70$. I'm worried about these soles, one of the ""windows"" (idk what to call it, it's the see through plastic on the sole) is loose while in the other one it stays in place but because of the damage on the heel there is a lot of dirt there. What do you think? How much would it cost? Is it even possible to fix them?",should i return or restore them i bought these supreme up tempo shoes for 70 i m worried about these soles one of the windows idk what to call it it s the see through plastic on the sole is loose while in the other one it stays in place but because of the damage on the heel there is a lot of dirt there what do you think how much would it cost is it even possible to fix them,-0.8364,negative,0.8364,https://www.reddit.com/r/Sneakers/comments/1qtflv7/should_i_return_or_restore_them/,nike running shoes,,,,1qtflv7,sneakers
Nike,reddit,sneakers,2025-10-14 00:00:00+00:00,"Jordan’s feel like boots lol

I grew up only wearing running shoes so they lowk feel like boots",jordan s feel like boots lol i grew up only wearing running shoes so they lowk feel like boots,0.7783,positive,0.7783,https://www.reddit.com/r/Sneakers/comments/1qta20y/jordans_feel_like_boots_lol/,nike running shoes,,,,1qta20y,sneakers
Nike,reddit,sneakers,2025-10-14 00:00:00+00:00,Day 8 of wearing a different pair of shoes to work every day during Turnaround. I’m keeping track to make sure I don’t wear the same shoe twice lol,day 8 of wearing a different pair of shoes to work every day during turnaround i m keeping track to make sure i don t wear the same shoe twice lol,0.6249,positive,0.6249,https://www.reddit.com/r/Sneakers/comments/1qt9b1k/day_8_of_wearing_a_different_pair_of_shoes_to/,nike air,,,,1qt9b1k,sneakers
Nike,reddit,sneakers,2025-10-15 00:00:00+00:00,"adidas Adizero F50 ""BATCH 000""

adidas Adizero F50 ""BATCH 000""  
Released: 23 January 2026

A decade-old adidas running shoe returns with all-new FORMOTION X cushioning. A stone-washed upper that gives each of the 300 ""BATCH 000"" pairs a unique finish. A CT scan-inspired colorway that revealed the inadequacies of the adidas Confirmed app in communicating top tier product information to the consumer.",adidas adizero f50 batch 000 adidas adizero f50 batch 000 released 23 january 2026 a decade old adidas running shoe returns with all new formotion x cushioning a stone washed upper that gives each of the 300 batch 000 pairs a unique finish a ct scan inspired colorway that revealed the inadequacies of the adidas confirmed app in communicating top tier product information to the consumer,-0.2263,negative,0.2263,https://www.reddit.com/r/Sneakers/comments/1qt7mtq/adidas_adizero_f50_batch_000/,nike running shoes,,,,1qt7mtq,sneakers
Nike,reddit,sneakers,2025-10-15 00:00:00+00:00,"How long do unused and used Jordans take to crumble? (Read description)

I have a pair of Thunder 4s, and Playoff 8s that I’ve never worn, it’s been almost three years so I’m guessing their not going to crumble yet, but I wanted to ask if anyone had shoes that crumbled in that time. The reason I don’t wear them is that I’m always working and running quick errands so I don’t wear them. I also have a sometimes take a bus or walk, and I don’t want no one to steal them. (My City went from being very safe ten years ago, like you would see people walk their Dogs at Midnight on their phones or with headphones and nothing would happen to now getting your Jordans robbed in broad daylight). I also have a pair of 4s that I’ve had for 9 years, and I wore a lot from 2017 to 2019, but I haven’t worn in around three years, their still in decent condition besides the sole and mid sole being yellow, what are the odds that they crumble. Thanks for your help.",how long do unused and used jordans take to crumble read description i have a pair of thunder 4s and playoff 8s that i ve never worn it s been almost three years so i m guessing their not going to crumble yet but i wanted to ask if anyone had shoes that crumbled in that time the reason i don t wear them is that i m always working and running quick errands so i don t wear them i also have a sometimes take a bus or walk and i don t want no one to steal them my city went from being very safe ten years ago like you would see people walk their dogs at midnight on their phones or with headphones and nothing would happen to now getting your jordans robbed in broad daylight i also have a pair of 4s that i ve had for 9 years and i wore a lot from 2017 to 2019 but i haven t worn in around three years their still in decent condition besides the sole and mid sole being yellow what are the odds that they crumble thanks for your help,0.7866,positive,0.7866,https://www.reddit.com/r/Sneakers/comments/1qw0ict/how_long_do_unused_and_used_jordans_take_to/,nike running shoes,,,,1qw0ict,sneakers
Nike,reddit,sneakers,2025-10-16 00:00:00+00:00,"The Slawn x Nike Air Max 90 Pack

I often see redditors talking about slept on shoes in this sub, sneakers that didn't receive much hype, maybe sat and went below retail. These are the definition of SLEPT ON.

When I read the reviews about, the inspiration behind these sneakers last spring, and learned about Slawn (*Olaolu*) these were an insta-buy for me. I got both on StockX at about $20 above retail and they've quietly crept up in price ever since. Perhaps people are waking from their slumber?

* Awesome materials on both shoes
* Comfortable fit, I've put some miles on both pairs (*like all 90s, a great summer shoe with short fits*)
* Very cool story telling and thoughtful details
* Completely unique

These are some of my favorite pairs in the collection, I hope Slawn does another collab with Nike(*or even Jordan brand*) because these are fire.",the slawn x nike air max 90 pack i often see redditors talking about slept on shoes in this sub sneakers that didn t receive much hype maybe sat and went below retail these are the definition of slept on when i read the reviews about the inspiration behind these sneakers last spring and learned about slawn olaolu these were an insta buy for me i got both on stockx at about 20 above retail and they ve quietly crept up in price ever since perhaps people are waking from their slumber awesome materials on both shoes comfortable fit i ve put some miles on both pairs like all 90s a great summer shoe with short fits very cool story telling and thoughtful details completely unique these are some of my favorite pairs in the collection i hope slawn does another collab with nike or even jordan brand because these are fire,0.981,positive,0.981,https://www.reddit.com/r/Sneakers/comments/1qszkwj/the_slawn_x_nike_air_max_90_pack/,nike air,,,,1qszkwj,sneakers
Nike,reddit,sneakers,2025-10-17 00:00:00+00:00,"UNDFTD 4’s Kinda Day! WDYWT?

Nike Air Camo from top to bottom with UNDFTD 4’s and Jordan x Somos Eternos cap",undftd 4 s kinda day wdywt nike air camo from top to bottom with undftd 4 s and jordan x somos eternos cap,0.2714,positive,0.2714,https://www.reddit.com/r/Sneakers/comments/1qsb0u8/undftd_4s_kinda_day_wdywt/,nike air,,,,1qsb0u8,sneakers
Nike,reddit,sneakers,2025-10-17 00:00:00+00:00,"A small Doernbecher family portrait (17s came in ❤️‍🔥)

Bless these kids with good health ❤️‍🩹. What’s your fav Doernbecher?

I love the collection yearly ❤️‍🔥

  
(posted one set of doubles for photo balance purposes, did not want to pull out all the boxes)",a small doernbecher family portrait 17s came in bless these kids with good health what s your fav doernbecher i love the collection yearly posted one set of doubles for photo balance purposes did not want to pull out all the boxes,0.835,positive,0.835,https://www.reddit.com/r/Sneakers/comments/1qn192u/a_small_doernbecher_family_portrait_17s_came_in/,nike air,,,,1qn192u,sneakers
Nike,reddit,sneakers,2025-10-18 00:00:00+00:00,"Same pair in different color vs simolar vibe new pair

Hey guys!!! I am kinda new to the sneaker world, I must say I have only a few pair in my wardrobe so I am prioritizing variety.

This year I got the Nike air max muse in black and I love them so much I want a white and silver pair. I looked at other options like nike v2k or adidas ghostride but i always end up prefering the muse lol. 

which option would you guys get? Maybe also drop sugestions on white and silver sneakers",same pair in different color vs simolar vibe new pair hey guys i am kinda new to the sneaker world i must say i have only a few pair in my wardrobe so i am prioritizing variety this year i got the nike air max muse in black and i love them so much i want a white and silver pair i looked at other options like nike v2k or adidas ghostride but i always end up prefering the muse lol which option would you guys get maybe also drop sugestions on white and silver sneakers,0.762,positive,0.762,https://www.reddit.com/r/Sneakers/comments/1qrvpv7/same_pair_in_different_color_vs_simolar_vibe_new/,nike air,,,,1qrvpv7,sneakers
Nike,reddit,sneakers,2025-10-18 00:00:00+00:00,"What the correct logo placement on the One block at a time Dunks?

IVe seen some with both shoes showing Born and some with Nike on one and Born on the other",what the correct logo placement on the one block at a time dunks ive seen some with both shoes showing born and some with nike on one and born on the other,-0.4404,negative,0.4404,https://www.reddit.com/r/Sneakers/comments/1qrq3hw/what_the_correct_logo_placement_on_the_one_block/,nike running shoes,,,,1qrq3hw,sneakers
Nike,reddit,sneakers,2025-10-19 00:00:00+00:00,"Jordan 1 Heritage to Bred custom finally done! Scored Heritages DS for $60 AUD and knew what I had to do

took a lot of patience but we got there in the end",jordan 1 heritage to bred custom finally done scored heritages ds for 60 aud and knew what i had to do took a lot of patience but we got there in the end,0.0,neutral,0.0,https://www.reddit.com/r/Sneakers/comments/1qqxzw9/jordan_1_heritage_to_bred_custom_finally_done/,nike air,,,,1qqxzw9,sneakers
Nike,reddit,sneakers,2025-10-19 00:00:00+00:00,I Designed a Custom Shoe Colorway For Every Nike NBA Signature Athlete. What do you think?,i designed a custom shoe colorway for every nike nba signature athlete what do you think,0.0,neutral,0.0,https://www.reddit.com/r/Sneakers/comments/1qqnnbp/i_designed_a_custom_shoe_colorway_for_every_nike/,nike running shoes,,,,1qqnnbp,sneakers
Nike,reddit,sneakers,2025-10-20 00:00:00+00:00,"Help me make sense of my sneaker addiction.

I I've been struggling to understand why I still buy sneakers. I'm in my mid-thirties. I have more deadstock pairs than worn pairs of sneakers, mostly retro Js and Yeezys. I'm a professional, so I don't wear sneakers in my day-to-day life, although I could. Everyone else around me does, but I would hate to destroy all my sneakers going to work. Plus, I don't want to think about keeping them fresh while I'm working; I just want to focus on work. So, typically I wear business casual shoes to work because dress shoes and loafers are easier to replace than a pair of sneakers that only gets retroed every seven years. In my personal life, most of the events I go to call for more business casual attire. So, my sneakers only get worn for going to a friend's house or running errands. I have sneakers that are over 10 years old, deadstock, and I worry if I don't wear them, they will break apart. The only time I feel comfortable wearing my sneakers is when I'm going to someplace super casual that's also clean (no mud or grass or packed crowd to get stepped on) and on vacation.

Can you guys help me figure out where else I should be wearing my sneakers? Should I accept that I no longer should be wearing sneakers and stop buying them? Should I sell all my sneakers? It's not like I can pass them down to my hypothetical child in the distant future.",help me make sense of my sneaker addiction i i ve been struggling to understand why i still buy sneakers i m in my mid thirties i have more deadstock pairs than worn pairs of sneakers mostly retro js and yeezys i m a professional so i don t wear sneakers in my day to day life although i could everyone else around me does but i would hate to destroy all my sneakers going to work plus i don t want to think about keeping them fresh while i m working i just want to focus on work so typically i wear business casual shoes to work because dress shoes and loafers are easier to replace than a pair of sneakers that only gets retroed every seven years in my personal life most of the events i go to call for more business casual attire so my sneakers only get worn for going to a friend s house or running errands i have sneakers that are over 10 years old deadstock and i worry if i don t wear them they will break apart the only time i feel comfortable wearing my sneakers is when i m going to someplace super casual that s also clean no mud or grass or packed crowd to get stepped on and on vacation can you guys help me figure out where else i should be wearing my sneakers should i accept that i no longer should be wearing sneakers and stop buying them should i sell all my sneakers it s not like i can pass them down to my hypothetical child in the distant future,0.8504,positive,0.8504,https://www.reddit.com/r/Sneakers/comments/1qptrwk/help_me_make_sense_of_my_sneaker_addiction/,nike running shoes,,,,1qptrwk,sneakers
Nike,reddit,sneakers,2025-10-20 00:00:00+00:00,"What are these?

Anyone know what shoes these are? They are from Steph's first run with Nike. Might be the colorway but I cant figure out what they are",what are these anyone know what shoes these are they are from steph s first run with nike might be the colorway but i cant figure out what they are,0.0,neutral,0.0,https://www.reddit.com/r/Sneakers/comments/1qqaguh/what_are_these/,nike running shoes,,,,1qqaguh,sneakers
Nike,reddit,sneakers,2025-10-21 00:00:00+00:00,"Are Nike Low Dunks Supposed To Be This Uncomfortable?

I'm in no way a sneakerhead and was wondering if it's normal for new dunks to be this uncomfortable. I ordered them a few days ago from the official Nike website so I know for sure it isn't because they're reps.

Both shoes have this sort of sharp bump on the outside, about under the pinky toe, where it digs into the side of the foot. On the left shoe it's noticeable and annoying. However, on the right shoe it's downright annoying to the point I'm wondering if it's a manufacturing defect. The difference between the bumps is probably because my feet aren't the exact same size as the other one. I know shoes can be uncomfortable until broken in, but I've never had anything like this happen before.

If it's in any way relevant, I used to wear Adidas Superstars in EU size 43 and only other Adidas shoes before that. The shoes shown in the images are panda dunks, non sb, also in size EU 43. The fit is good, but the bump is annoying. Could any dunk owners help me out here please?",are nike low dunks supposed to be this uncomfortable i m in no way a sneakerhead and was wondering if it s normal for new dunks to be this uncomfortable i ordered them a few days ago from the official nike website so i know for sure it isn t because they re reps both shoes have this sort of sharp bump on the outside about under the pinky toe where it digs into the side of the foot on the left shoe it s noticeable and annoying however on the right shoe it s downright annoying to the point i m wondering if it s a manufacturing defect the difference between the bumps is probably because my feet aren t the exact same size as the other one i know shoes can be uncomfortable until broken in but i ve never had anything like this happen before if it s in any way relevant i used to wear adidas superstars in eu size 43 and only other adidas shoes before that the shoes shown in the images are panda dunks non sb also in size eu 43 the fit is good but the bump is annoying could any dunk owners help me out here please,-0.4069,negative,0.4069,https://www.reddit.com/r/Sneakers/comments/1qptj1o/are_nike_low_dunks_supposed_to_be_this/,nike running shoes,,,,1qptj1o,sneakers
Nike,reddit,sneakers,2025-10-22 00:00:00+00:00,"A little about the Air Jordan 17 ""Doernbecher""

This is the Air Jordan 17 ""Doernbecher,"" designed by 18-year-old Zach Rumbaugh. It's the first Doernbecher edition of the silhouette ever made, and the first AJ17 High to release in nearly a decade.

Zach survived sudden cardiac arrest caused by a rare heart condition called catecholaminergic polymorphic ventricular tachycardia. He spent 38 days at Doernbecher recovering, and that number appears throughout the shoe on the lace lock and hang tag.

The design reflects who he is. The color-shifting purple upper mimics custom car wraps. The quilted collar nods to luxury interiors. Metallic bolt hardware on the eyelets references motorcycle and car parts. A glow-in-the-dark outsole represents glowing engine headers. Zach was adopted from Vietnam, and a turtle graphic on the sockliner honors his heritage, symbolizing protection and endurance in Vietnamese culture. A cat appears on the toe for his love of animals.

History of the Collab

In 2004, Michael Doherty, a former Nike Creative Director and Doernbecher Children's Hospital Foundation board member, had an idea over dinner with his son: what if Doernbecher patients designed shoes to benefit the hospital? That conversation became Doernbecher Freestyle. Twenty-one years later, the program has raised over $44 million for OHSU Doernbecher Children's Hospital, featured more than 120 patient-designers, and produced some of the most sought-after releases in sneaker history.

Each year, six patients work alongside Nike volunteer designers over a nine-month process to bring their visions to life. The designs tell deeply personal stories. All proceeds go back to the hospital to fund care for families in need, support specialized treatments, and expand research that helps kids worldwide.",a little about the air jordan 17 doernbecher this is the air jordan 17 doernbecher designed by 18 year old zach rumbaugh it s the first doernbecher edition of the silhouette ever made and the first aj17 high to release in nearly a decade zach survived sudden cardiac arrest caused by a rare heart condition called catecholaminergic polymorphic ventricular tachycardia he spent 38 days at doernbecher recovering and that number appears throughout the shoe on the lace lock and hang tag the design reflects who he is the color shifting purple upper mimics custom car wraps the quilted collar nods to luxury interiors metallic bolt hardware on the eyelets references motorcycle and car parts a glow in the dark outsole represents glowing engine headers zach was adopted from vietnam and a turtle graphic on the sockliner honors his heritage symbolizing protection and endurance in vietnamese culture a cat appears on the toe for his love of animals history of the collab in 2004 michael doherty a former nike creative director and doernbecher children s hospital foundation board member had an idea over dinner with his son what if doernbecher patients designed shoes to benefit the hospital that conversation became doernbecher freestyle twenty one years later the program has raised over 44 million for ohsu doernbecher children s hospital featured more than 120 patient designers and produced some of the most sought after releases in sneaker history each year six patients work alongside nike volunteer designers over a nine month process to bring their visions to life the designs tell deeply personal stories all proceeds go back to the hospital to fund care for families in need support specialized treatments and expand research that helps kids worldwide,0.9851,positive,0.9851,https://www.reddit.com/r/Sneakers/comments/1qov4wh/a_little_about_the_air_jordan_17_doernbecher/,nike air,,,,1qov4wh,sneakers
Nike,reddit,sneakers,2025-10-22 00:00:00+00:00,"Nike Air IDs on Janet Jackson's All for you MV

I'm trying to find out the black glitter AMs she wore on All for you MV released in 2001. No info on these on google and AI is telling me it they are presto escapes (of course they're not)

Those Air bubble midsoles look familiar but I cannot put my finger on it. It's not the BWs nor the AM2s",nike air ids on janet jackson s all for you mv i m trying to find out the black glitter ams she wore on all for you mv released in 2001 no info on these on google and ai is telling me it they are presto escapes of course they re not those air bubble midsoles look familiar but i cannot put my finger on it it s not the bws nor the am2s,-0.09,negative,0.09,https://www.reddit.com/r/Sneakers/comments/1qooaoz/nike_air_ids_on_janet_jacksons_all_for_you_mv/,nike air,,,,1qooaoz,sneakers
Nike,reddit,running,2025-10-23 00:00:00+00:00,"Tuesday Shoesday

Shoes are a big topic in this sub, so in an effort to condense and collect some of these posts, we're introducing **Shoesday Tuesday**!  Similar to Wednesday's gear thread, but focusing on shoes.  

What’ve you been wearing on your feet? Anything fun added to the rotation? Got a review of a new release? Questions about a pair that’s caught your eye? Here's the place to discuss.

 *NOTE: For you Runnitors looking to sell/trade any running gear (as well as bib transfers), head over to /r/therunningrack.*",tuesday shoesday shoes are a big topic in this sub so in an effort to condense and collect some of these posts we re introducing shoesday tuesday similar to wednesday s gear thread but focusing on shoes what ve you been wearing on your feet anything fun added to the rotation got a review of a new release questions about a pair that s caught your eye here s the place to discuss note for you runnitors looking to sell trade any running gear as well as bib transfers head over to r therunningrack,0.8538,positive,0.8538,https://www.reddit.com/r/running/comments/1qo5ong/tuesday_shoesday/,nike running shoes,,,,1qo5ong,running
Nike,reddit,sneakers,2025-10-23 00:00:00+00:00,"Are Nike AL8s comfortable to wear?

https://preview.redd.it/v92ijpmhzwfg1.png?width=2276&amp;format=png&amp;auto=webp&amp;s=600ff8e5c73974ea6416481695cbe8c49f97d679

  
I was looking for gifting options for Valentines and she mentioned once that she wanted to buy a pair of comfy shoes. If you have any other recommendations, please let me know.",are nike al8s comfortable to wear i was looking for gifting options for valentines and she mentioned once that she wanted to buy a pair of comfy shoes if you have any other recommendations please let me know,0.7149,positive,0.7149,https://www.reddit.com/r/Sneakers/comments/1qohs0b/are_nike_al8s_comfortable_to_wear/,nike running shoes,,,,1qohs0b,sneakers
Nike,reddit,sneakers,2025-10-24 00:00:00+00:00,"😊

ZsneakerheadZ could be saying everything with that emoji. Or. They could be saying nothing at all 🤣 I just really really hope we’re getting Sport Blue 6s with Nike Air branding this year… 🥲",zsneakerheadz could be saying everything with that emoji or they could be saying nothing at all i just really really hope we re getting sport blue 6s with nike air branding this year,0.9131,positive,0.9131,https://www.reddit.com/r/Sneakers/comments/1qnyv93/_/,nike air,,,,1qnyv93,sneakers
Nike,reddit,sneakers,2025-10-24 00:00:00+00:00,I absolutely killed it at the Nike outlet today. Scroll to last picture for prices and receipt.,i absolutely killed it at the nike outlet today scroll to last picture for prices and receipt,-0.6997,negative,0.6997,https://www.reddit.com/r/Sneakers/comments/1qnw4h7/i_absolutely_killed_it_at_the_nike_outlet_today/,nike air,,,,1qnw4h7,sneakers
Nike,reddit,sneakers,2025-10-25 00:00:00+00:00,"Convert sneakers/soccer shoes to dress shoes.

My fiancé has given me the go ahead to convert a pair of soccer shoes to dress shoes for our wedding. She must really really love me lol. I took a pair of my beloved Mizuno Morelia to a cobbler in town and he said for around $120 he could remove the sole and add a dress shoe sole. There are several soccer shoes that have cross-overs to running shoes that I was thinking might be even easier to convert. I am looking at these Roshe Tiempos. Has anyone ever got sneakers, running shoes, soccer shoes or similar converted to dress shoes? Any photos would be amazing along with stories and/or advice.",convert sneakers soccer shoes to dress shoes my fianc has given me the go ahead to convert a pair of soccer shoes to dress shoes for our wedding she must really really love me lol i took a pair of my beloved mizuno morelia to a cobbler in town and he said for around 120 he could remove the sole and add a dress shoe sole there are several soccer shoes that have cross overs to running shoes that i was thinking might be even easier to convert i am looking at these roshe tiempos has anyone ever got sneakers running shoes soccer shoes or similar converted to dress shoes any photos would be amazing along with stories and or advice,0.9567,positive,0.9567,https://www.reddit.com/r/Sneakers/comments/1qns5kv/convert_sneakerssoccer_shoes_to_dress_shoes/,nike running shoes,,,,1qns5kv,sneakers
Nike,reddit,sneakers,2025-10-25 00:00:00+00:00,"My first pair of AF1’s…. This sneaker freak chic needed some yellow!!! Along with some others in transit! Also some pics of my collection included ! Proud mom of my kicks 😎

With a collection of 180 pairs including recents posted above ….  consisting of over 120  choice pairs  of vans , a couple Jordans , an about 50 or so Nike SB’s from  dunks to blazers, pogo’s, and bakers! And I wear them ! Some only a cooler times a year and some for a longer run but constantly rotating my front line according to season, weather, and obviously my Fits!",my first pair of af1 s this sneaker freak chic needed some yellow along with some others in transit also some pics of my collection included proud mom of my kicks with a collection of 180 pairs including recents posted above consisting of over 120 choice pairs of vans a couple jordans an about 50 or so nike sb s from dunks to blazers pogo s and bakers and i wear them some only a cooler times a year and some for a longer run but constantly rotating my front line according to season weather and obviously my fits,0.5883,positive,0.5883,https://www.reddit.com/r/Sneakers/comments/1qno3g2/my_first_pair_of_af1s_this_sneaker_freak_chic/,nike running shoes,,,,1qno3g2,sneakers
Nike,reddit,sneakers,2025-10-26 00:00:00+00:00,"broke the Stussy’s out today

the Nike x Stussy Air Zoom Spiridon ‘Kukini’ (2020), is a highly underrated sneaker imo. They’re super light, simple slip-in style shoe that is prime for athletes, while its unique spider-like TPU (Thermoplastic Polyurethane) cage system provides comfort for training, while also looking great for casual wear &amp; collectors alike, while the padded mesh adds further versatility/stability to an already eye catching design. In terms of cons, if you have high arches or a wider foot, I’d do some more in depth research, as they are a more narrow running style model. If really keen on purchasing, I suggest a half size up (or more) to play it safe. Other than that, mine look outstanding after   4+ years of monthly use ✌🏻☮️",broke the stussy s out today the nike x stussy air zoom spiridon kukini 2020 is a highly underrated sneaker imo they re super light simple slip in style shoe that is prime for athletes while its unique spider like tpu thermoplastic polyurethane cage system provides comfort for training while also looking great for casual wear amp collectors alike while the padded mesh adds further versatility stability to an already eye catching design in terms of cons if you have high arches or a wider foot i d do some more in depth research as they are a more narrow running style model if really keen on purchasing i suggest a half size up or more to play it safe other than that mine look outstanding after 4 years of monthly use,0.981,positive,0.981,https://www.reddit.com/r/Sneakers/comments/1qnbp1b/broke_the_stussys_out_today/,nike air,,,,1qnbp1b,sneakers
Nike,reddit,sneakers,2025-10-27 00:00:00+00:00,"Nike SB x Air Jordan 4 Navy 😍

I just received these in the mail yesterday! This was also my first purchase in the realm of eBay Authenticity Guarantee. These SB 4s are so beautiful! I will have my first opportunity to wear them out and about this upcoming Friday and I can’t wait! If anyone is interested, I bought these laces on DMGlaces and they’re 64” / 160cm in length. The color is listed as Midnight Navy. 👍",nike sb x air jordan 4 navy i just received these in the mail yesterday this was also my first purchase in the realm of ebay authenticity guarantee these sb 4s are so beautiful i will have my first opportunity to wear them out and about this upcoming friday and i can t wait if anyone is interested i bought these laces on dmglaces and they re 64 160cm in length the color is listed as midnight navy,0.9466,positive,0.9466,https://www.reddit.com/r/Sneakers/comments/1qmtifb/nike_sb_x_air_jordan_4_navy/,nike air,,,,1qmtifb,sneakers
Nike,reddit,sneakers,2025-10-27 00:00:00+00:00,Great for foodies! Nike Air Force 1 ‘07 x Doernbecher Freestyle “Oli”,great for foodies nike air force 1 07 x doernbecher freestyle oli,0.7263,positive,0.7263,https://www.reddit.com/r/Sneakers/comments/1qmw8al/great_for_foodies_nike_air_force_1_07_x/,nike air,,,,1qmw8al,sneakers
Nike,reddit,sneakers,2025-10-28 00:00:00+00:00,"UNPOPULAR OPINIONS: Which sneakers do you feel have been overhyped and are just LAME?

Alright, I’m ready to lose karma today, so let’s get it.

Here are my Top 3 “I Just Don’t Get It” Sneakers:

1. Nike Air Force 1  
I know. I KNOW. Go ahead and warm up the pitchforks.  
But I never liked these. 🤷🏾‍♂️  
For context: I’m from DC, grew up in the 90s, and these just weren’t *that* girl where I was from. We were a New Balance town. AF1s always felt clunky and boring AF to me. And here in NYC, people seem to think the dirtier and bent up they are, the better... NO.

2. Nike Cortez  
Bruh… these are just cringe. I’m sorry.  
Every time I see them, my brain immediately goes “Thank god we've come such a long way from 1972"". Sheesh-

3. Nike Monarch 🤮  
And the absolute WORST offender.  
No matter how hard y’all try, you can NEVER make “fetch” happen with these goofy ass shoes- Please be serious.

Alright, I’ve said my piece.  
What sneakers do you think are overhyped and low-key (or high-key) LAME?",unpopular opinions which sneakers do you feel have been overhyped and are just lame alright i m ready to lose karma today so let s get it here are my top 3 i just don t get it sneakers 1 nike air force 1 i know i know go ahead and warm up the pitchforks but i never liked these for context i m from dc grew up in the 90s and these just weren t that girl where i was from we were a new balance town af1s always felt clunky and boring af to me and here in nyc people seem to think the dirtier and bent up they are the better no 2 nike cortez bruh these are just cringe i m sorry every time i see them my brain immediately goes thank god we ve come such a long way from 1972 sheesh 3 nike monarch and the absolute worst offender no matter how hard y all try you can never make fetch happen with these goofy ass shoes please be serious alright i ve said my piece what sneakers do you think are overhyped and low key or high key lame,-0.9707,negative,0.9707,https://www.reddit.com/r/Sneakers/comments/1qji9vs/unpopular_opinions_which_sneakers_do_you_feel/,nike air,,,,1qji9vs,sneakers
Nike,reddit,running,2025-10-28 00:00:00+00:00,"Race Report: Sun Marathon (Half)

### Race Information

* **Name:** Sun Marathon (Half)

* **Date:** January 24, 2025

* **Distance:** 13.1 miles

* **Location:** Santa Clara, UT

* **Website:** https://runsignup.com/Race/SunMarathon/Page/course

* **Time:** 2:13:25

### Goals

| Goal | Description | Completed? |
|------|-----|----|
| A | Finish | *Yes* |
| B | Sub 2:30 | *Yes* |
| C | Sub 2:15 | *Yes* |
| D | Sub 2:10 | *No* |

### Splits

| Mile | Time |
|------|------|
| 1 | 9:54 |
| 2 | 9:00 |
| 3 | 9:02 |
| 4 | 9:21 |
| 5 | 9:47 |
| 6 | 10:01 |
| 7 | 9:50 |
| 8 | 10:01 |
| 9 | 10:39 |
| 10 | 10:44 |
| 11 | 10:52 |
| 12 | 11:16 |
| 13 | 10:10 |
| 14 | 10:49 |

### Training

I'm pretty new to running in general but I have been playing sports most of my life. I ran my first 5K in September last year with a 28:30 with almost no training, then decided to train for a 10K in November and finished with a 1:03. After that, I began the ambitious plan to train for a marathon in the end of April and have been following the NRC app which involves 5 runs a week including 3 recovery, 1 speed and 1 long run. This is my first half marathon, and I used this race as a good gauge on my progress and have something to look forward to besides the marathon. My longest run before this race was a 20k last Saturday. This past week I only did one 5K recovery run and rested before the race.

### Pre-race

The night before the race I drove down with my girlfriend from SLC where we live, had a decent dinner (Zupas), and then had one of the worst nights of sleep of my life. Not sure if it was the anticipation or the fact that the walls were paper thin, but I only managed about 4 hours of sleep despite going to bed at 10:30 for a 5:30 wake up time. After we got up, we checked out and I had a good size hotel breakfast (first mistake, I will explain why later), then drove to the finish line to load on the bus that would take us to the half marathon starting point at 7:00 am. At this point I said goodbye to my girlfriend as she had to wait a few more hours for the 10K she was running.

The half marathon began at 8:30, while the full marathon was already well underway since it started at 7:00 am. Even before the half officially began, a small handful of very fast full marathoners passed us on the course as we cheered them on from the side of the road. Seconds before the half marathon started, I realized my right shoe was a little loose but ignored it since it didn't feel bad (second mistake).

### Race

The course was winding around the western shadowy side of a mountain along the shoulder of the road, with absolutely stunning vistas. I'm glad I wore my jacket, though, since it was very windy and cold for the first part of the race until we got into town later in the morning. There were aid stations every 2 miles starting at mile 1.9, except the last 2 which were at the 5K and 10K turnaround points.

I used first few miles of my race to warm up and hang out with the 2:10 pacer, and at the time it felt easy and decided my super-stretch / D goal would be to beat the 2:10 pacer. Around mile 3, however, my stomach started feeling like shit from the hotel eggs and sausage and I regretted eating a little too much while my stomach cramped up a little. Fortunately, this didn't slow me down much and by mile 5 or so I was feeling fine again.

A little before the 10k mark we started to run through some rolling hills and it slowly chipped away at my momentum and by the time I got to the halfway mark the 2:10 pacer passed me, although I kept sight of them for most of the rest of the race. I stopped for 15 seconds at the aid station at mile 7.9 in the middle of a brutal uphill climb, and the rolling hills stopped around mile 9. By this point I was feeling regret from not tying my right shoe tighter, but I kept ignoring it since I figured it didn't slow me down that much, and I didn't want to bother with taking my gloves off and stopping. Probably not the best decision, but it is what it is.

Mile 12 was brutal, since it was this long stretch of gradual uphill on a sidewalk. I did manage to see my girlfriend headed the other direction toward the 10K turnaround at this point, which did help motivate me, but I couldn't run very fast because my legs and right foot were exhausted by this point. Finally though the uphill climb made a couple right turns into some downhill for the last mile where I was able to pick up the pace and finish somewhat strong.

### Post-race

After I hobbled across the finish line, I received my medal and some Powerade, and immediately sat down and didn't get up again until it was time to cheer my girlfriend across the finish for the 10K (which she did great btw as her first 10K as well). I got an email with my chip time and honestly I'm very happy with the sub 2:15 for my first half. However, I am questioning whether I should stick to my marathon plan if I don't think I can achieve a sub-5 during the marathon at the end of April. Either way, I'll continue to build mileage and work toward the ultimate goal of finishing a marathon eventually.",race report sun marathon half race information name sun marathon half date january 24 2025 distance 13 1 miles location santa clara ut website time 2 13 25 goals goal description completed a finish yes b sub 2 30 yes c sub 2 15 yes d sub 2 10 no splits mile time 1 9 54 2 9 00 3 9 02 4 9 21 5 9 47 6 10 01 7 9 50 8 10 01 9 10 39 10 10 44 11 10 52 12 11 16 13 10 10 14 10 49 training i m pretty new to running in general but i have been playing sports most of my life i ran my first 5k in september last year with a 28 30 with almost no training then decided to train for a 10k in november and finished with a 1 03 after that i began the ambitious plan to train for a marathon in the end of april and have been following the nrc app which involves 5 runs a week including 3 recovery 1 speed and 1 long run this is my first half marathon and i used this race as a good gauge on my progress and have something to look forward to besides the marathon my longest run before this race was a 20k last saturday this past week i only did one 5k recovery run and rested before the race pre race the night before the race i drove down with my girlfriend from slc where we live had a decent dinner zupas and then had one of the worst nights of sleep of my life not sure if it was the anticipation or the fact that the walls were paper thin but i only managed about 4 hours of sleep despite going to bed at 10 30 for a 5 30 wake up time after we got up we checked out and i had a good size hotel breakfast first mistake i will explain why later then drove to the finish line to load on the bus that would take us to the half marathon starting point at 7 00 am at this point i said goodbye to my girlfriend as she had to wait a few more hours for the 10k she was running the half marathon began at 8 30 while the full marathon was already well underway since it started at 7 00 am even before the half officially began a small handful of very fast full marathoners passed us on the course as we cheered them on from the side of the road seconds before the half marathon started i realized my right shoe was a little loose but ignored it since it didn t feel bad second mistake race the course was winding around the western shadowy side of a mountain along the shoulder of the road with absolutely stunning vistas i m glad i wore my jacket though since it was very windy and cold for the first part of the race until we got into town later in the morning there were aid stations every 2 miles starting at mile 1 9 except the last 2 which were at the 5k and 10k turnaround points i used first few miles of my race to warm up and hang out with the 2 10 pacer and at the time it felt easy and decided my super stretch d goal would be to beat the 2 10 pacer around mile 3 however my stomach started feeling like shit from the hotel eggs and sausage and i regretted eating a little too much while my stomach cramped up a little fortunately this didn t slow me down much and by mile 5 or so i was feeling fine again a little before the 10k mark we started to run through some rolling hills and it slowly chipped away at my momentum and by the time i got to the halfway mark the 2 10 pacer passed me although i kept sight of them for most of the rest of the race i stopped for 15 seconds at the aid station at mile 7 9 in the middle of a brutal uphill climb and the rolling hills stopped around mile 9 by this point i was feeling regret from not tying my right shoe tighter but i kept ignoring it since i figured it didn t slow me down that much and i didn t want to bother with taking my gloves off and stopping probably not the best decision but it is what it is mile 12 was brutal since it was this long stretch of gradual uphill on a sidewalk i did manage to see my girlfriend headed the other direction toward the 10k turnaround at this point which did help motivate me but i couldn t run very fast because my legs and right foot were exhausted by this point finally though the uphill climb made a couple right turns into some downhill for the last mile where i was able to pick up the pace and finish somewhat strong post race after i hobbled across the finish line i received my medal and some powerade and immediately sat down and didn t get up again until it was time to cheer my girlfriend across the finish for the 10k which she did great btw as her first 10k as well i got an email with my chip time and honestly i m very happy with the sub 2 15 for my first half however i am questioning whether i should stick to my marathon plan if i don t think i can achieve a sub 5 during the marathon at the end of april either way i ll continue to build mileage and work toward the ultimate goal of finishing a marathon eventually,0.9871,positive,0.9871,https://www.reddit.com/r/running/comments/1qmsvv2/race_report_sun_marathon_half/,nike running shoes,,,,1qmsvv2,running
Nike,reddit,sneakers,2025-10-29 00:00:00+00:00,"Girlfriend got me AJ1s Zion Vodooooo

I entered the raffle with 2 accounts and she entered with 1. She ended up winning and gifted these to me.",girlfriend got me aj1s zion vodooooo i entered the raffle with 2 accounts and she entered with 1 she ended up winning and gifted these to me,0.5267,positive,0.5267,https://www.reddit.com/r/Sneakers/comments/1qlg86m/girlfriend_got_me_aj1s_zion_vodooooo/,nike air,,,,1qlg86m,sneakers
Nike,reddit,sneakers,2025-10-29 00:00:00+00:00,"Marshalls Pickup

Marshalls has some nice New Balance, Nike Running and Brooks right now",marshalls pickup marshalls has some nice new balance nike running and brooks right now,0.4215,positive,0.4215,https://www.reddit.com/r/Sneakers/comments/1qlchvv/marshalls_pickup/,nike running shoes,,,,1qlchvv,sneakers
Nike,reddit,sneakers,2025-10-30 00:00:00+00:00,"KOTD

Jordan 3 Retro Black Cat (2025)

What are y’all wearing today???",kotd jordan 3 retro black cat 2025 what are y all wearing today,0.0,neutral,0.0,https://www.reddit.com/r/Sneakers/comments/1ql6mky/kotd/,nike air,,,,1ql6mky,sneakers
Nike,reddit,sneakers,2025-10-30 00:00:00+00:00,"Nike Air Trainer 3 viotech

Looking for some outfit ideas for Nike Air Trainer 3 Viotech. Anyone got some pics of what you're wearing or some thoughts on what would look good?",nike air trainer 3 viotech looking for some outfit ideas for nike air trainer 3 viotech anyone got some pics of what you re wearing or some thoughts on what would look good,0.4404,positive,0.4404,https://www.reddit.com/r/Sneakers/comments/1qkordx/nike_air_trainer_3_viotech/,nike air,,,,1qkordx,sneakers
Nike,reddit,sneakers,2025-10-31 00:00:00+00:00,"Got my ""grail"" for a steal from a local shop.

$165 used and cleaned up super easy",got my grail for a steal from a local shop 165 used and cleaned up super easy,0.5574,positive,0.5574,https://www.reddit.com/r/Sneakers/comments/1qk8rj9/got_my_grail_for_a_steal_from_a_local_shop/,nike air,,,,1qk8rj9,sneakers
Nike,reddit,sneakers,2025-11-01 00:00:00+00:00,Nike air max 1 ( Coconut milk/ Burgundy crush,nike air max 1 coconut milk burgundy crush,-0.1531,negative,0.1531,https://www.reddit.com/r/Sneakers/comments/1qjlxt9/nike_air_max_1_coconut_milk_burgundy_crush/,nike air,,,,1qjlxt9,sneakers
Nike,reddit,sneakers,2025-11-01 00:00:00+00:00,"My colorful wall collection (updated)

Missing are a pair of nike running shoes, a pair of pirate black v1 yeezy 350s and some checkered vans slip ons; all shoes I keep at the entry to my apartment.",my colorful wall collection updated missing are a pair of nike running shoes a pair of pirate black v1 yeezy 350s and some checkered vans slip ons all shoes i keep at the entry to my apartment,-0.296,negative,0.296,https://www.reddit.com/r/Sneakers/comments/1qjj86r/my_colorful_wall_collection_updated/,nike running shoes,,,,1qjj86r,sneakers
Nike,reddit,running,2025-11-02 00:00:00+00:00,"Tuesday Shoesday

Shoes are a big topic in this sub, so in an effort to condense and collect some of these posts, we're introducing **Shoesday Tuesday**!  Similar to Wednesday's gear thread, but focusing on shoes.  

What’ve you been wearing on your feet? Anything fun added to the rotation? Got a review of a new release? Questions about a pair that’s caught your eye? Here's the place to discuss.

 *NOTE: For you Runnitors looking to sell/trade any running gear (as well as bib transfers), head over to /r/therunningrack.*",tuesday shoesday shoes are a big topic in this sub so in an effort to condense and collect some of these posts we re introducing shoesday tuesday similar to wednesday s gear thread but focusing on shoes what ve you been wearing on your feet anything fun added to the rotation got a review of a new release questions about a pair that s caught your eye here s the place to discuss note for you runnitors looking to sell trade any running gear as well as bib transfers head over to r therunningrack,0.8538,positive,0.8538,https://www.reddit.com/r/running/comments/1qht3lp/tuesday_shoesday/,nike running shoes,,,,1qht3lp,running
Nike,reddit,sneakers,2025-11-02 00:00:00+00:00,"Help me identify some random sneakers I remember. A friend wanted to know.

Im not sure if they’re Travis Scott shoes but they’re brown nikes and have these bright green silicone looking plug drops on the bottom and in the soles.

Please help. I know Im not going crazy.",help me identify some random sneakers i remember a friend wanted to know im not sure if they re travis scott shoes but they re brown nikes and have these bright green silicone looking plug drops on the bottom and in the soles please help i know im not going crazy,0.9368,positive,0.9368,https://www.reddit.com/r/Sneakers/comments/1qjdx17/help_me_identify_some_random_sneakers_i_remember/,nike running shoes,,,,1qjdx17,sneakers
Nike,reddit,sneakers,2025-11-03 00:00:00+00:00,"KOTD

Nike Air Max 95 OG Levis Light Orewood Brown

What are y’all wearing today?",kotd nike air max 95 og levis light orewood brown what are y all wearing today,0.0,neutral,0.0,https://www.reddit.com/r/Sneakers/comments/1qjb0g8/kotd/,nike air,,,,1qjb0g8,sneakers
Nike,reddit,sneakers,2025-11-03 00:00:00+00:00,"Molly nailed it.

My wife’s Doernbecher Vomero Plus came today. They’re awesome. Molly really nailed it. The field journal/ magnifying lens is a cool little accessory.",molly nailed it my wife s doernbecher vomero plus came today they re awesome molly really nailed it the field journal magnifying lens is a cool little accessory,0.7506,positive,0.7506,https://www.reddit.com/r/Sneakers/comments/1qj3h9u/molly_nailed_it/,nike running shoes,,,,1qj3h9u,sneakers
Nike,reddit,sneakers,2025-11-04 00:00:00+00:00,AJ taxi lace lace swap union,aj taxi lace lace swap union,0.0,neutral,0.0,https://www.reddit.com/r/Sneakers/comments/1qirsun/aj_taxi_lace_lace_swap_union/,nike air,,,,1qirsun,sneakers
Nike,reddit,sneakers,2025-11-05 00:00:00+00:00,"Nike Air Max Fire – good for summer?

Hi, I’m thinking about buying the Nike Air Max Fire, but I’m not sure whether they’re better suited for winter, spring, or summer. I’d like them to be comfortable to wear in summer as well, without making my feet too sweaty. Let me know what you think about them. If I end up buying them, I’ll probably go for the white colorway.",nike air max fire good for summer hi i m thinking about buying the nike air max fire but i m not sure whether they re better suited for winter spring or summer i d like them to be comfortable to wear in summer as well without making my feet too sweaty let me know what you think about them if i end up buying them i ll probably go for the white colorway,0.9063,positive,0.9063,https://www.reddit.com/r/Sneakers/comments/1qi8c4o/nike_air_max_fire_good_for_summer/,nike air,,,,1qi8c4o,sneakers
Nike,reddit,sneakers,2025-11-05 00:00:00+00:00,"Air Max sizing

What’s up guys.  I am a Jordan and New Balance guy looking to get my first pair of Air Max.  I like the retro vibe of Air Max 90 and the Air Max 1 most. 

My question is on the sizing.  I have wide feet.  I am a size 13 and E width measure on a brannock device.  i wear size 13 in all Jordans and all New Balance as well.  everything i see says to go up half size in air max.  Nike doesn’t make a 13.5 so i am considering getting a 14.  do you think l that would be too big? Should I go with a 13?

picture added for attention",air max sizing what s up guys i am a jordan and new balance guy looking to get my first pair of air max i like the retro vibe of air max 90 and the air max 1 most my question is on the sizing i have wide feet i am a size 13 and e width measure on a brannock device i wear size 13 in all jordans and all new balance as well everything i see says to go up half size in air max nike doesn t make a 13 5 so i am considering getting a 14 do you think l that would be too big should i go with a 13 picture added for attention,0.7882,positive,0.7882,https://www.reddit.com/r/Sneakers/comments/1qi84ww/air_max_sizing/,nike air,,,,1qi84ww,sneakers
Nike,reddit,running,2025-11-06 00:00:00+00:00,"Race Report - 2026 Carlsbad Marathon (1st Marathon)

# Race Information

* **Name:** Carlsbad Marathon
* **Date:** January 18, 2026
* **Distance:** 26.2 miles
* **Location:** Carlsbad, CA
* **Website:** [https://inmotionevents.com/event/carlsbad-marathon](https://inmotionevents.com/event/carlsbad-marathon)
* **Time:** 4:20:33

# Goals

|Goal|Description|Completed?|
|:-|:-|:-|
||
|A|Finish!|*Yes*|
|B|Sub 4:20|*No*|
|C|Sub 4:10|*No*|

# Splits

|Mile|Time|
|:-|:-|
||
|1|9:42|
|2|9:31|
|3|9:26|
|4|9:24|
|5|9:39|
|6|9:41|
|7|9:41|
|8|9:30|
|9|9:29|
|10|10:44|
|11|9:28|
|12|9:25|
|13|9:38|
|14|9:53|
|15|9:47|
|16|9:54|
|17|9:43|
|18|10:00|
|19|9:56|
|20|10:11|
|21|10:06|
|22|10:03|
|23|10:11|
|24|10:33|
|25|10:47|
|26|10:21|
|26.2|9:28|

# Background / Training

This was my first time attempting to run a marathon (39M). I completed my first half marathon in Feb 2022 at 2:20:17 and have worked my way down to my most recent half marathon in San Jose in Oct 2025 where I posted a PR at 1:55:40.

Last fall I got the idea in my head that I wanted to run a marathon before I turn 40 in May 2026. One of my closest friends decided that was a worthy venture and after a review of the marathons on the West coast in the first quarter of the year we landed on Carlsbad.

When I signed up for the marathon I was at the tail end of a half marathon training block so I figured that I could jump right into a marathon training block. I had about 124 days from sign up to race day. I completed 3 half marathons in 2025 (Feb, Jun, Oct) so I felt like I had a good training base to undertake the endeavor. I had 104 days from my San Jose HM to race day so a little more condensed than I would have preferred for my first attempt at a full marathon.

I trained with a modified RunKeeper marathon plan that had me running 3 days a week (long run on Sunday, Recovery run on Tuesday and a tempo run on Thursdays). I supplemented with an Orangetheory tread workout on Mondays and an additional cross-training day on Fridays also at Orangetheory. I also took some elements from the Nike Run Club Marathon plan.

I incorporated my previously scheduled half marathon into my training schedule for the full. Training was going pretty well thru the end of November as I was able to increase my pace even though I was going longer distances than I ever had before. I had a 14 mile run 63 days out from race day (9:21 pace) and a 16 mile run 49 days out from race day (9:17 pace). Those were both personal long distances for me. My 16 mile run was on 11/30/2025 (2 days before my wife and I left on a 10 day trip to Amsterdam). This is where my training suffered a little and I never really made it back to that exact point of fitness. I was able to squeeze in a 6 mile tread run in the bowels of the W Amsterdam in the middle of our trip but a combination of firm beds and sickness kept me from running more during our vacation.

When we returned from Amsterdam, I took a couple days of recovery but once the initial fatigue wore off, I could feel that my body was fighting off my wife's sickness. I attempted to restart my training with a 14 mile run post vacation but could definitely feel from the outset that my body wasn't right. About half way thru my run I made the decision to cut my out and back short and just do a half marathon. My pace was definitely slower (9:59 HM pace) and my HR was about 10 bpm higher than my usual HR averages so I was not at peak performance. I made it home, took a shower and climbed into bed and spiked a fever a few hours later. I was able to shake off the bug fairly quickly and returned to cross training a few days later. I went out for another 16m run 6 days later (28 days until race day) and was in much better physical condition and put up a 9:26 pace, not quite the same run as my other 16 miler 21 days earlier but definitely restored some confidence.

I finished out my training block with an 18 mile run (9:46 pace, 21 days out) and a 20 mile run (9:49 pace, 14 days out). My focus for those runs was to just go out with steady sustained pace. My taper got a little screwed up as the days after my 20 mile run the psoas in my right hip pulled on me during a tread run. It subsided fairly quickly but then pulled again during my cross training a couple days later and really hurt this time. I tried to do a bunch of stretching, heating pad, TENS unit but was unable to complete my final 8m taper run.

# Pre-race

The week leading up to the race, I was dealing with a very angry psoas muscle. The Monday before the race, I was able to tough out a 4.25 tread run but I couldn't do anything over a 9:30 pace as anything faster was really difficult and painful. I had a chiropractor appointment the next day and a hip re-alignment was able to relieve some of the pain but it wasn't completely gone. Wednesday before the race, I was able to do another OTF workout with less pain and focus on some strengthening exercises to help elongate the psoas (in what was probably a futile attempt). I did order a tool from Amazon that specifically targeted the psoas which helped tremendously!

My wife and I left Arizona for the drive to Carlsbad on Saturday morning and got to the expo just about 2PM local time. The Carlsbad Marathon / Half has about 10,000 runners combined so it was a lot smaller than the Rock 'n Roll races that I have completed in the past. The Expo was fine but small so we were able to get in and out fairly quickly. At the recommendation of my friend who was also running the marathon, we took a quick detour on the way to the hotel to drive the course. I obviously reviewed the race elevation profile but did not appreciate the hills at Mile 4.8, Mile 6.8 and Mile 9 until I saw them.

I woke up at 4:45AM to get ready, get a quick breakfast in and arrived at the start line about 5:45AM to get some stretching and warm up with my Theragun in.

# Race

Being this was my first marathon, my primary goal was to Finish. Based on my training and speaking to an experienced marathoner, I thought 4:20 would be a ""B"" goal. Due to dealing with an iffy hip and not exactly sure how it was going to hold up, I decided to start with the 4:20 pacer and go from there. It was a little bit of a chaotic start so I quickly realized that I was with the 4:30 pacer when I crossed the start line and rushed up to be with the 4:20 group.

We settled into a little bit of a faster pace than I was expecting but everything was pretty solid for the first 5k. I took in my first honey stinger gels (Qty 2) at the 30 min mark and took 2 more every half hour after that. I supplemented with lifesaver gummy every 15 mins after the gels (:45, 1:15, 1:45 etc). My friend started behind me so I was able to give him a high 5 after turn around 1 and turn around 2. After TA2 you have about a 6.5 mile out and back on Carlsbad Blvd with a increasingly difficult hills at Mile 4.8, Mile 6.8 and big steep hill at Mile 9 before turn around 3 to head back North. I stayed pretty much with the 4:20 pacer until Mile 9 when I had to start keeping an eye out for a free porta-pottie as I need to make a pit stop. I found one not in use and tried to use the facilities as quick as possible. Once I got back on the course, I was able to still see the 4:20 pace group but was about 45 seconds behind them (this caused my Mile 10 to spike to 10:44). I believe I caught back up to the 4:20 pace group by about Mile 12. The course takes you back up North for turn around 4. I was able to see my wife on the course between Mile 3-4, just before MM15 and right around MM16 based on the course loops and where our hotel was.

I was still feeling pretty steady when the pace group started our second loop heading South. Luckily the second loop skips the worst hill but still had two difficult hills around MM18 and MM20. Right before MM20 we turned back North for the final 10k. It was about this time that I really started to notice the heat, I hit mile 20 at about 9:30AM but the sun started to beat down on the course. I did my best to stick with the 4:20 pacer but started to lose them around Mile 22 as I started to walk the aid stations to take in water and gatorade. My hip held up pretty well thru Mile 20 but I could definitely start to feel it. At Mile 23, I passed someone in the 4:20 pace group who went into a straight walk. The walk strategy thru the aid stations was keeping me sustained even though it cost me my ""B"" goal but I had run out of Gatorade I was keeping in my soft flask and at that point the goal was to just finish. I had a little bit of life for the last 1.2 miles as it was mostly shaded and downhill (Mile 26 had about a 50 foot elevation drop). It was at this time a lot of the half marathoners were walking towards the finish and made the final stretch a little crowded. When I made the turn on Marron Road I could see the Mile 26 marker and the 4:20 pacer but just didn't have enough in me to increase the pace. I made the final left turn on Vista Way to see the 4:20 pacer finish about 30 seconds before me.

# Post-race

I grabbed my medal, a couple of waters and my goody bag and headed to the closest place that I could find shade. Because of some miscommunication with my friend's family, my wife was delayed on getting to the finish line. This ended up a blessing in disguise as I had about a half hour to collect myself and feel a little bit normal. When she finally showed up, we were able to go to the finish line and wait for my friend to finish. It was then while we were waiting that I actually began to sweat again so I knew I was feeling a little more alive. We saw my friend finish and then walked over to the finish line festival to meet him and his family.

The finish line festival was definitely a little lackluster. They had 3 random food trucks, maybe a half dozen vendors and no shade. We stayed for about a half hour, snapped some picks with the race backdrops and then slowly walked over to my car.

I'm not sure if I'll run another marathon but if I do I'll probably target either the Phoenix or Mesa Marathon if I do. I have the Rock 'n Roll Half marathon in Vegas in about a month so my focus is on recovery and then getting prepped for that. I would probably not run Carlsbad again due to the course. It was definitely a challenge especially for my first marathon but I'm glad I did it and completed it. Congrats to everyone who participated this weekend.

# 42kbefore40 - Complete

Made with a new [race report generator](http://sfdavis.com/racereports/) created by [u/herumph](https://www.reddit.com/user/herumph/).",race report 2026 carlsbad marathon 1st marathon race information name carlsbad marathon date january 18 2026 distance 26 2 miles location carlsbad ca website time 4 20 33 goals goal description completed a finish yes b sub 4 20 no c sub 4 10 no splits mile time 1 9 42 2 9 31 3 9 26 4 9 24 5 9 39 6 9 41 7 9 41 8 9 30 9 9 29 10 10 44 11 9 28 12 9 25 13 9 38 14 9 53 15 9 47 16 9 54 17 9 43 18 10 00 19 9 56 20 10 11 21 10 06 22 10 03 23 10 11 24 10 33 25 10 47 26 10 21 26 2 9 28 background training this was my first time attempting to run a marathon 39m i completed my first half marathon in feb 2022 at 2 20 17 and have worked my way down to my most recent half marathon in san jose in oct 2025 where i posted a pr at 1 55 40 last fall i got the idea in my head that i wanted to run a marathon before i turn 40 in may 2026 one of my closest friends decided that was a worthy venture and after a review of the marathons on the west coast in the first quarter of the year we landed on carlsbad when i signed up for the marathon i was at the tail end of a half marathon training block so i figured that i could jump right into a marathon training block i had about 124 days from sign up to race day i completed 3 half marathons in 2025 feb jun oct so i felt like i had a good training base to undertake the endeavor i had 104 days from my san jose hm to race day so a little more condensed than i would have preferred for my first attempt at a full marathon i trained with a modified runkeeper marathon plan that had me running 3 days a week long run on sunday recovery run on tuesday and a tempo run on thursdays i supplemented with an orangetheory tread workout on mondays and an additional cross training day on fridays also at orangetheory i also took some elements from the nike run club marathon plan i incorporated my previously scheduled half marathon into my training schedule for the full training was going pretty well thru the end of november as i was able to increase my pace even though i was going longer distances than i ever had before i had a 14 mile run 63 days out from race day 9 21 pace and a 16 mile run 49 days out from race day 9 17 pace those were both personal long distances for me my 16 mile run was on 11 30 2025 2 days before my wife and i left on a 10 day trip to amsterdam this is where my training suffered a little and i never really made it back to that exact point of fitness i was able to squeeze in a 6 mile tread run in the bowels of the w amsterdam in the middle of our trip but a combination of firm beds and sickness kept me from running more during our vacation when we returned from amsterdam i took a couple days of recovery but once the initial fatigue wore off i could feel that my body was fighting off my wife s sickness i attempted to restart my training with a 14 mile run post vacation but could definitely feel from the outset that my body wasn t right about half way thru my run i made the decision to cut my out and back short and just do a half marathon my pace was definitely slower 9 59 hm pace and my hr was about 10 bpm higher than my usual hr averages so i was not at peak performance i made it home took a shower and climbed into bed and spiked a fever a few hours later i was able to shake off the bug fairly quickly and returned to cross training a few days later i went out for another 16m run 6 days later 28 days until race day and was in much better physical condition and put up a 9 26 pace not quite the same run as my other 16 miler 21 days earlier but definitely restored some confidence i finished out my training block with an 18 mile run 9 46 pace 21 days out and a 20 mile run 9 49 pace 14 days out my focus for those runs was to just go out with steady sustained pace my taper got a little screwed up as the days after my 20 mile run the psoas in my right hip pulled on me during a tread run it subsided fairly quickly but then pulled again during my cross training a couple days later and really hurt this time i tried to do a bunch of stretching heating pad tens unit but was unable to complete my final 8m taper run pre race the week leading up to the race i was dealing with a very angry psoas muscle the monday before the race i was able to tough out a 4 25 tread run but i couldn t do anything over a 9 30 pace as anything faster was really difficult and painful i had a chiropractor appointment the next day and a hip re alignment was able to relieve some of the pain but it wasn t completely gone wednesday before the race i was able to do another otf workout with less pain and focus on some strengthening exercises to help elongate the psoas in what was probably a futile attempt i did order a tool from amazon that specifically targeted the psoas which helped tremendously my wife and i left arizona for the drive to carlsbad on saturday morning and got to the expo just about 2pm local time the carlsbad marathon half has about 10 000 runners combined so it was a lot smaller than the rock n roll races that i have completed in the past the expo was fine but small so we were able to get in and out fairly quickly at the recommendation of my friend who was also running the marathon we took a quick detour on the way to the hotel to drive the course i obviously reviewed the race elevation profile but did not appreciate the hills at mile 4 8 mile 6 8 and mile 9 until i saw them i woke up at 4 45am to get ready get a quick breakfast in and arrived at the start line about 5 45am to get some stretching and warm up with my theragun in race being this was my first marathon my primary goal was to finish based on my training and speaking to an experienced marathoner i thought 4 20 would be a b goal due to dealing with an iffy hip and not exactly sure how it was going to hold up i decided to start with the 4 20 pacer and go from there it was a little bit of a chaotic start so i quickly realized that i was with the 4 30 pacer when i crossed the start line and rushed up to be with the 4 20 group we settled into a little bit of a faster pace than i was expecting but everything was pretty solid for the first 5k i took in my first honey stinger gels qty 2 at the 30 min mark and took 2 more every half hour after that i supplemented with lifesaver gummy every 15 mins after the gels 45 1 15 1 45 etc my friend started behind me so i was able to give him a high 5 after turn around 1 and turn around 2 after ta2 you have about a 6 5 mile out and back on carlsbad blvd with a increasingly difficult hills at mile 4 8 mile 6 8 and big steep hill at mile 9 before turn around 3 to head back north i stayed pretty much with the 4 20 pacer until mile 9 when i had to start keeping an eye out for a free porta pottie as i need to make a pit stop i found one not in use and tried to use the facilities as quick as possible once i got back on the course i was able to still see the 4 20 pace group but was about 45 seconds behind them this caused my mile 10 to spike to 10 44 i believe i caught back up to the 4 20 pace group by about mile 12 the course takes you back up north for turn around 4 i was able to see my wife on the course between mile 3 4 just before mm15 and right around mm16 based on the course loops and where our hotel was i was still feeling pretty steady when the pace group started our second loop heading south luckily the second loop skips the worst hill but still had two difficult hills around mm18 and mm20 right before mm20 we turned back north for the final 10k it was about this time that i really started to notice the heat i hit mile 20 at about 9 30am but the sun started to beat down on the course i did my best to stick with the 4 20 pacer but started to lose them around mile 22 as i started to walk the aid stations to take in water and gatorade my hip held up pretty well thru mile 20 but i could definitely start to feel it at mile 23 i passed someone in the 4 20 pace group who went into a straight walk the walk strategy thru the aid stations was keeping me sustained even though it cost me my b goal but i had run out of gatorade i was keeping in my soft flask and at that point the goal was to just finish i had a little bit of life for the last 1 2 miles as it was mostly shaded and downhill mile 26 had about a 50 foot elevation drop it was at this time a lot of the half marathoners were walking towards the finish and made the final stretch a little crowded when i made the turn on marron road i could see the mile 26 marker and the 4 20 pacer but just didn t have enough in me to increase the pace i made the final left turn on vista way to see the 4 20 pacer finish about 30 seconds before me post race i grabbed my medal a couple of waters and my goody bag and headed to the closest place that i could find shade because of some miscommunication with my friend s family my wife was delayed on getting to the finish line this ended up a blessing in disguise as i had about a half hour to collect myself and feel a little bit normal when she finally showed up we were able to go to the finish line and wait for my friend to finish it was then while we were waiting that i actually began to sweat again so i knew i was feeling a little more alive we saw my friend finish and then walked over to the finish line festival to meet him and his family the finish line festival was definitely a little lackluster they had 3 random food trucks maybe a half dozen vendors and no shade we stayed for about a half hour snapped some picks with the race backdrops and then slowly walked over to my car i m not sure if i ll run another marathon but if i do i ll probably target either the phoenix or mesa marathon if i do i have the rock n roll half marathon in vegas in about a month so my focus is on recovery and then getting prepped for that i would probably not run carlsbad again due to the course it was definitely a challenge especially for my first marathon but i m glad i did it and completed it congrats to everyone who participated this weekend 42kbefore40 complete made with a new race report generator created by u herumph,0.9972,positive,0.9972,https://www.reddit.com/r/running/comments/1qi7cbp/race_report_2026_carlsbad_marathon_1st_marathon/,nike,,,,1qi7cbp,running
Nike,reddit,sneakers,2025-11-06 00:00:00+00:00,"Nike SB - Gundam 02 Banshee

Continuing down the long and lonely road of forgotten heat, today we've got the Nike SB - Gundam 02 Banshee!

I had forgotten what these looked like, and any reviews I had on them because they were purchased in November of 2024 (*along with another sneaker Frag 3*) as an incentive for me to lose weight; the rules were simple I had to get under 190 pounds to open the shoes.  Well over a year later, I finally smashed my goal and was 188 pounds yesterday morning.

* Super fun unboxing, lots of little suprises in the box
   * I wish they did something more with the standard SB box
* 4 sets of nice quality Nike SB laces... black, gold, blue and green
   * I feel like a red, light purple or bronze lace could also work?
* Customizable swooshes, yellow and bronze
* Great leather and build quality of the shoe
   * No quality issues
   * Beautiful shape
* Awesome storytelling, unique design

These are cool as hell, I was kinda blown away by them. It's been awhile since I've gotten a shoe like this which, almost remind me of a concepts collab or something.

There is SOOO much detail and the quality is so nice, it reminds me of what sneaker collecting is all about ... **feeling like a kid again**.

Interested in getting the other pair to complete the set, and I now also want the little Nike SB Gundam collectable figures.",nike sb gundam 02 banshee continuing down the long and lonely road of forgotten heat today we ve got the nike sb gundam 02 banshee i had forgotten what these looked like and any reviews i had on them because they were purchased in november of 2024 along with another sneaker frag 3 as an incentive for me to lose weight the rules were simple i had to get under 190 pounds to open the shoes well over a year later i finally smashed my goal and was 188 pounds yesterday morning super fun unboxing lots of little suprises in the box i wish they did something more with the standard sb box 4 sets of nice quality nike sb laces black gold blue and green i feel like a red light purple or bronze lace could also work customizable swooshes yellow and bronze great leather and build quality of the shoe no quality issues beautiful shape awesome storytelling unique design these are cool as hell i was kinda blown away by them it s been awhile since i ve gotten a shoe like this which almost remind me of a concepts collab or something there is sooo much detail and the quality is so nice it reminds me of what sneaker collecting is all about feeling like a kid again interested in getting the other pair to complete the set and i now also want the little nike sb gundam collectable figures,0.9865,positive,0.9865,https://www.reddit.com/r/Sneakers/comments/1qhxigu/nike_sb_gundam_02_banshee/,nike running shoes,,,,1qhxigu,sneakers
Nike,reddit,sneakers,2025-11-07 00:00:00+00:00,"Today's On Feet

Nike Air Max Penny 1 Social Status Recess in Photon Dust",today s on feet nike air max penny 1 social status recess in photon dust,0.0,neutral,0.0,https://www.reddit.com/r/Sneakers/comments/1qlwko8/todays_on_feet/,nike air,,,,1qlwko8,sneakers
Nike,reddit,sneakers,2025-11-07 00:00:00+00:00,"I hope Nike releases these again some day with the Nike Air on the back

SP Blue 6’s",i hope nike releases these again some day with the nike air on the back sp blue 6 s,0.4404,positive,0.4404,https://www.reddit.com/r/Sneakers/comments/1qhknka/i_hope_nike_releases_these_again_some_day_with/,nike air,,,,1qhknka,sneakers
Nike,reddit,sneakers,2025-11-08 00:00:00+00:00,Times have sure changed…,times have sure changed,0.3182,positive,0.3182,https://www.reddit.com/r/Sneakers/comments/1qfo5fn/times_have_sure_changed/,nike running shoes,,,,1qfo5fn,sneakers
Nike,reddit,sneakers,2025-11-08 00:00:00+00:00,"Flight Club 4s - Unboxing and Lace Swap

I'll admit it, I didn't think I was going to buy these sneakers. They looked boring and cheap. I will also admit they aren't boring and the quality of materials is decent for a GR. 

I copped a pair at Dicks this morning (*that I bought online*), it was nice to just roll up at 10am, grab em and walk out. Remember when you could buy shoes without waiting two weeks for resellers and authenticators?

* Fun unboxing experience 
* I had a few quality check issues on mine
   * Scuffs around the lower lace crown
   * Overspray from the white leather to the back heal
* Cool alt laces but they're all cheap polyester stuff
* Clean colorway, red glow on the Nike Air back tab
* Decent dreamcell insole 

These look much better with some flat black waxed laces. It's a clean colorway that you can rock with most casual outfits. Contrary to what I had been posting, these are a great add to a collection, if you can wait you probably can pick them up for much cheaper and fulfill my Ross Club 4 prophecy... they'll be there.",flight club 4s unboxing and lace swap i ll admit it i didn t think i was going to buy these sneakers they looked boring and cheap i will also admit they aren t boring and the quality of materials is decent for a gr i copped a pair at dicks this morning that i bought online it was nice to just roll up at 10am grab em and walk out remember when you could buy shoes without waiting two weeks for resellers and authenticators fun unboxing experience i had a few quality check issues on mine scuffs around the lower lace crown overspray from the white leather to the back heal cool alt laces but they re all cheap polyester stuff clean colorway red glow on the nike air back tab decent dreamcell insole these look much better with some flat black waxed laces it s a clean colorway that you can rock with most casual outfits contrary to what i had been posting these are a great add to a collection if you can wait you probably can pick them up for much cheaper and fulfill my ross club 4 prophecy they ll be there,0.9814,positive,0.9814,https://www.reddit.com/r/Sneakers/comments/1qgsnxj/flight_club_4s_unboxing_and_lace_swap/,nike air,,,,1qgsnxj,sneakers
Nike,reddit,sneakers,2025-11-09 00:00:00+00:00,"Nike AF1 x G-Dragon

Sto cercando da inizio dicembre di comprare da Stockx un paio di Nike Air Force 1 Low G-Dragon Peaceminusone Para-Noise 3.0, ma entrambe le volte che il paio di scarpe mi è arrivato, almeno 1 delle 2 (la prima volta solo 1, la seconda volta entrambe) era macchiata: sulla tomaia nera c'erano come delle macchie di vernice degli stessi colori degli swoosh (cioè azzurro, rosa e giallo).

Io so che la caratteristica di tale sneaker è il fatto che ci sia un art work dietro e che si scopra con l'usura, ma comprando la scarpa come nuova, queste ""crepe"" (tra virgolette perché crepe non erano, ma vere e proprie piccole macchie) in teoria non dovrebbero esserci.

Ora, avendo io visto queste sneaker solo tramite immagini, vorrei sapere se queste macchie ci sono in tutte le paia di queste scarpe e quindi per quante volte e ovunque io possa comprarle ci saranno sempre, oppure sono semplicemente stato sfortunato io a beccare 2 volte scarpe con quelli che sembrano minimi difetti di fabbrica? Qualcuno che le ha potrebbe risolvermi questo dubbio?",nike af1 x g dragon sto cercando da inizio dicembre di comprare da stockx un paio di nike air force 1 low g dragon peaceminusone para noise 3 0 ma entrambe le volte che il paio di scarpe mi arrivato almeno 1 delle 2 la prima volta solo 1 la seconda volta entrambe era macchiata sulla tomaia nera c erano come delle macchie di vernice degli stessi colori degli swoosh cio azzurro rosa e giallo io so che la caratteristica di tale sneaker il fatto che ci sia un art work dietro e che si scopra con l usura ma comprando la scarpa come nuova queste crepe tra virgolette perch crepe non erano ma vere e proprie piccole macchie in teoria non dovrebbero esserci ora avendo io visto queste sneaker solo tramite immagini vorrei sapere se queste macchie ci sono in tutte le paia di queste scarpe e quindi per quante volte e ovunque io possa comprarle ci saranno sempre oppure sono semplicemente stato sfortunato io a beccare 2 volte scarpe con quelli che sembrano minimi difetti di fabbrica qualcuno che le ha potrebbe risolvermi questo dubbio,0.168,positive,0.168,https://www.reddit.com/r/Sneakers/comments/1qgqmwe/nike_af1_x_gdragon/,nike air,,,,1qgqmwe,sneakers
Nike,reddit,sneakers,2025-11-10 00:00:00+00:00,"Need help with identification

Can anyone help me identify exactly what these shoes are called? 

I posted this on my IG back in 2012 before I shipped out to Army basic training and I cant seem to find them anywhere online even on eBay. 

I dont even remember how or why i got rid of them whatsoever. I would love to get my hands on one of these again.

Gold-ish Nike logo, olive green&amp;white colorway.

I’d appreciate any input✌🏽",need help with identification can anyone help me identify exactly what these shoes are called i posted this on my ig back in 2012 before i shipped out to army basic training and i cant seem to find them anywhere online even on ebay i dont even remember how or why i got rid of them whatsoever i would love to get my hands on one of these again gold ish nike logo olive green amp white colorway i d appreciate any input,0.9382,positive,0.9382,https://www.reddit.com/r/Sneakers/comments/1qgcsab/need_help_with_identification/,nike running shoes,,,,1qgcsab,sneakers
Nike,reddit,sneakers,2025-11-10 00:00:00+00:00,"Almost half a year into sneaker collecting!

What I now know:

At least for my feet, Jordan 4s don’t feel uncomfortable at all, however, they can be very difficult to put on. 

My favorite shoes out of what I have right now are the medium olive 3s for outfits, air monarchs for comfort, and all my Jordan 4s, ny vs ny af1s, and book 1 blue blood are also great. The book 1s fit amazing which surprised me along with the air monarchs which also fit nice. 

The Nigel Sylvester lows were the shoes I’m most sad I lost the raffle for.

I bought shoes I liked not just hype shoes, I don’t regret that. 

The pure money 3s crease like insane after 3 steps, wouldn’t have bought those in hindsight. I’ve cooled down on adding more to the collection for now. I’m going to try and get the sb air maxes this month of SNKRS and hopefully calm down after that.

\- Nike Flex Experience Run 12 – White/Red  

\- Nike Dunk Low “Panda”  

\- Nike Air Monarch IV – Black  

\- Brooks Glycerin 21  

\- Nike Court Vision Low – Midnight Navy  

\- Nike Air Max 90 – Purple  

\- Nike Air Max 1 Essential – Black/Red  

\- Nike Dunk Low SE – Light Army  

\- Nike Air Zoom – Tie-Dye  

\- Nike SB Janoski – Black/Red  

\- Book 1 – Desert Night  

\- Jordan 1 High – Black/Muslin  

\- Jordan 1 Mid – Red/Black  

\- Air Force 1 “NY vs NY” – Crimson Pulse  

\- Jordan 4 – Cavestone  

\- A Ma Maniére Jordan 4 – Violet Ore  

\- Jordan 4 – University Blue  

\- Jordan 4 – Infrared  

\- Nike Blazer Mid ’77 – Tie-Dye  

\- Jordan 3 – Pure Money  

\- Air Force 1 – Red Swoosh  

\- Converse Chuck 70 – Stranger Things  

\- Book 1 – Blue Blood  

\- Nike Waffle Debut – Navy  

\- Jordan CMFT – Restone  

\- Jordan 1 Low – Game Royal  

\- Jordan 1 Mid SE – Blue Swoosh  

\- Air Force 1 – Black  

\- Jordan 3 – Medium Olive  

\- Nike Court Shot – Brown",almost half a year into sneaker collecting what i now know at least for my feet jordan 4s don t feel uncomfortable at all however they can be very difficult to put on my favorite shoes out of what i have right now are the medium olive 3s for outfits air monarchs for comfort and all my jordan 4s ny vs ny af1s and book 1 blue blood are also great the book 1s fit amazing which surprised me along with the air monarchs which also fit nice the nigel sylvester lows were the shoes i m most sad i lost the raffle for i bought shoes i liked not just hype shoes i don t regret that the pure money 3s crease like insane after 3 steps wouldn t have bought those in hindsight i ve cooled down on adding more to the collection for now i m going to try and get the sb air maxes this month of snkrs and hopefully calm down after that nike flex experience run 12 white red nike dunk low panda nike air monarch iv black brooks glycerin 21 nike court vision low midnight navy nike air max 90 purple nike air max 1 essential black red nike dunk low se light army nike air zoom tie dye nike sb janoski black red book 1 desert night jordan 1 high black muslin jordan 1 mid red black air force 1 ny vs ny crimson pulse jordan 4 cavestone a ma mani re jordan 4 violet ore jordan 4 university blue jordan 4 infrared nike blazer mid 77 tie dye jordan 3 pure money air force 1 red swoosh converse chuck 70 stranger things book 1 blue blood nike waffle debut navy jordan cmft restone jordan 1 low game royal jordan 1 mid se blue swoosh air force 1 black jordan 3 medium olive nike court shot brown,0.8639,positive,0.8639,https://www.reddit.com/r/Sneakers/comments/1qgph2p/almost_half_a_year_into_sneaker_collecting/,nike air,,,,1qgph2p,sneakers
Nike,reddit,sneakers,2025-11-11 00:00:00+00:00,"nike mind 001 restock

(it's in asia)",nike mind 001 restock it s in asia,0.0,neutral,0.0,https://www.reddit.com/r/Sneakers/comments/1qgaq5x/nike_mind_001_restock/,nike running shoes,,,,1qgaq5x,sneakers
Nike,reddit,sneakers,2025-11-11 00:00:00+00:00,Anyone know what shoe this is? looks fire,anyone know what shoe this is looks fire,-0.34,negative,0.34,https://www.reddit.com/r/Sneakers/comments/1qg1wiy/anyone_know_what_shoe_this_is_looks_fire/,nike air,,,,1qg1wiy,sneakers
Nike,reddit,sneakers,2025-11-12 00:00:00+00:00,"On feet today

I love this shoes. Love this color way. The swooshes. The nostalgia. All of it. So glad I have these in my collection. Nike Air Barrage University Red.",on feet today i love this shoes love this color way the swooshes the nostalgia all of it so glad i have these in my collection nike air barrage university red,0.9227,positive,0.9227,https://www.reddit.com/r/Sneakers/comments/1qgud9l/on_feet_today/,nike air,,,,1qgud9l,sneakers
Nike,reddit,sneakers,2025-11-12 00:00:00+00:00,"Cream of the DB crop...

People are loving the 17s, but in hand these are outlandishly fun. The details are so good, and they're understated enough to actually wearable. 

https://preview.redd.it/b53i7sneg0eg1.png?width=964&amp;format=png&amp;auto=webp&amp;s=442c64f588fb78189cb73fb3b2c77c656ade77ea

https://preview.redd.it/omk4g0ghg0eg1.png?width=934&amp;format=png&amp;auto=webp&amp;s=0fb48758f6a14a08b8542f8a01ba1024b9a6fb08

https://preview.redd.it/wzl5x0ghg0eg1.png?width=980&amp;format=png&amp;auto=webp&amp;s=d835089c4cc87e8780d90783e6a0717964fe792c",cream of the db crop people are loving the 17s but in hand these are outlandishly fun the details are so good and they re understated enough to actually wearable,0.9575,positive,0.9575,https://www.reddit.com/r/Sneakers/comments/1qfv22j/cream_of_the_db_crop/,nike air,,,,1qfv22j,sneakers
Nike,reddit,sneakers,2025-11-13 00:00:00+00:00,"My current sneaker rotation trying to keep it wearable

Nothing crazy or hype-heavy, just my current sneaker rotation.

Mix of daily beaters, gym pairs, and a couple statement shoes. I try to actually wear everything instead of letting pairs

sit.

Thinking of adding an icy blue high-top next would that fit into this lineup or be overkill?

Open to suggestions.

Current line up is:

Nike AJ 6 infrared, ADIDAS GAZELLE, Nike x Sacai VaporWaffle, Souled Store Urban blaze red, Converse,  Campus running shoes",my current sneaker rotation trying to keep it wearable nothing crazy or hype heavy just my current sneaker rotation mix of daily beaters gym pairs and a couple statement shoes i try to actually wear everything instead of letting pairs sit thinking of adding an icy blue high top next would that fit into this lineup or be overkill open to suggestions current line up is nike aj 6 infrared adidas gazelle nike x sacai vaporwaffle souled store urban blaze red converse campus running shoes,0.5478,positive,0.5478,https://www.reddit.com/r/Sneakers/comments/1qff3qb/my_current_sneaker_rotation_trying_to_keep_it/,nike running shoes,,,,1qff3qb,sneakers
Nike,reddit,sneakers,2025-11-13 00:00:00+00:00,"Does it matter if sock brand matches the shoe brand?

If yes, how many style points do you credit for that?

 If no, cool, you agree with me lol. Got my pink Asics socks on with the brown WB 07 Beechtree Air Force 1, I don't have Nike / Jordan socks and I don't feel like I need them, but how do you feel?",does it matter if sock brand matches the shoe brand if yes how many style points do you credit for that if no cool you agree with me lol got my pink asics socks on with the brown wb 07 beechtree air force 1 i don t have nike jordan socks and i don t feel like i need them but how do you feel,0.7171,positive,0.7171,https://www.reddit.com/r/Sneakers/comments/1qgvpfr/does_it_matter_if_sock_brand_matches_the_shoe/,nike air,,,,1qgvpfr,sneakers
Nike,reddit,sneakers,2025-11-14 00:00:00+00:00,Been waiting for these,been waiting for these,0.0,neutral,0.0,https://www.reddit.com/r/Sneakers/comments/1qf0krt/been_waiting_for_these/,nike air,,,,1qf0krt,sneakers
Nike,reddit,sneakers,2025-11-15 00:00:00+00:00,Nike Air Force 1 Patent Leather Psychic Blue,nike air force 1 patent leather psychic blue,0.0,neutral,0.0,https://www.reddit.com/r/Sneakers/comments/1qepza0/nike_air_force_1_patent_leather_psychic_blue/,nike air,,,,1qepza0,sneakers
Nike,reddit,sneakers,2025-11-15 00:00:00+00:00,"Rick Owens sizing

How do Rick Owens shoes fit? I usually wear a size 12.5 - 13 US in Nike and Adidas. Should I go with 46 or 47? Please let me know",rick owens sizing how do rick owens shoes fit i usually wear a size 12 5 13 us in nike and adidas should i go with 46 or 47 please let me know,0.6322,positive,0.6322,https://www.reddit.com/r/Sneakers/comments/1qepduh/rick_owens_sizing/,nike running shoes,,,,1qepduh,sneakers
Nike,reddit,sneakers,2025-11-16 00:00:00+00:00,Does anyone know which Nike shoe this is?,does anyone know which nike shoe this is,0.0,neutral,0.0,https://www.reddit.com/r/Sneakers/comments/1qebdiz/does_anyone_know_which_nike_shoe_this_is/,nike running shoes,,,,1qebdiz,sneakers
Nike,reddit,sneakers,2025-11-16 00:00:00+00:00,"Most durable sneaker of all time?

In your opinion ,what is the most durable mass produced sneaker model of all time? Of course if you go into niche brands like Crown North Hampton and some of the Japanese makers like Moonstar, you are in another category. But I'm not talking about those brands. I'm specifically referring to sneakers most people are familiar with.  

  
For me it's a close one between the Jordan 1 Retro High and the New Balance 992.

I think the 992s are absolute tanks (honestly most 99x made in US sneakers). But I think the thickness of the sole and just general weight of the 992 is greater than the 990s. There are anecdotes of people having  airs for 8-10 years that are still wearable. I think the quality of the suede, overall attention to details, and construction yield a very well made sneaker that gets better with time. I've owned several 990s and currently have a pair of 992s. I never threw a pair out because they were worn through, rather I just moved on from them. The reason I put them at number two though is because they are made of suede not leather, and there is anecdotal evidence that quality lately hasn't been the same. The suede is a bit thinner since Santis took over, and some aspects of the materials have gone downhill. I've read too many accounts to excuse this purely due to increased manufacturing. I think they are getting sloppy and cutting corners, which imo is inexcusable for a made in USA shoe. Still, I do think modern made NB is still a remarkable well made durable shoe. 

This takes me to my king of durable sneakers. The Air Jordan 1 Retro High. Of course, the vintage pairs were made objectively better, but I still think most modern pairs will last you 10 years as long as you aren't doing construction in them. 85 cuts even seem to have thicker leather. There are many examples of people wearing vintage ones almost 40 years later and still holding up. There are anecdotes of many people with more recent pairs over 10 years old. Foamer Simpson has a great video he posted of his 2011 breds that lasted 5 years and are still going strong, with no signs of impending failure. Listen, I know quality has been hit or miss with Nike lately. That being said, these are rubber shoes made in Asia which are stitched to a leather upper (may not be full grain, but it's enough) and they take years and years to wear down. The soles don't crumble and the leather in general looks better the more you wear it. The high top and leather uppers makes them suitable for inclement weather in a pinch (try doing that with suede new balances) and again the fact that they are leather, it is inherently more durable than canvas or suede. For these reasons, ones take the cake for me.

I am biased heavily towards NB Made and Jordan 1s so take all this with a grain of salt. I look forward to hearing your thoughts and I hope this sparks some interesting conversations!",most durable sneaker of all time in your opinion what is the most durable mass produced sneaker model of all time of course if you go into niche brands like crown north hampton and some of the japanese makers like moonstar you are in another category but i m not talking about those brands i m specifically referring to sneakers most people are familiar with for me it s a close one between the jordan 1 retro high and the new balance 992 i think the 992s are absolute tanks honestly most 99x made in us sneakers but i think the thickness of the sole and just general weight of the 992 is greater than the 990s there are anecdotes of people having airs for 8 10 years that are still wearable i think the quality of the suede overall attention to details and construction yield a very well made sneaker that gets better with time i ve owned several 990s and currently have a pair of 992s i never threw a pair out because they were worn through rather i just moved on from them the reason i put them at number two though is because they are made of suede not leather and there is anecdotal evidence that quality lately hasn t been the same the suede is a bit thinner since santis took over and some aspects of the materials have gone downhill i ve read too many accounts to excuse this purely due to increased manufacturing i think they are getting sloppy and cutting corners which imo is inexcusable for a made in usa shoe still i do think modern made nb is still a remarkable well made durable shoe this takes me to my king of durable sneakers the air jordan 1 retro high of course the vintage pairs were made objectively better but i still think most modern pairs will last you 10 years as long as you aren t doing construction in them 85 cuts even seem to have thicker leather there are many examples of people wearing vintage ones almost 40 years later and still holding up there are anecdotes of many people with more recent pairs over 10 years old foamer simpson has a great video he posted of his 2011 breds that lasted 5 years and are still going strong with no signs of impending failure listen i know quality has been hit or miss with nike lately that being said these are rubber shoes made in asia which are stitched to a leather upper may not be full grain but it s enough and they take years and years to wear down the soles don t crumble and the leather in general looks better the more you wear it the high top and leather uppers makes them suitable for inclement weather in a pinch try doing that with suede new balances and again the fact that they are leather it is inherently more durable than canvas or suede for these reasons ones take the cake for me i am biased heavily towards nb made and jordan 1s so take all this with a grain of salt i look forward to hearing your thoughts and i hope this sparks some interesting conversations,0.9913,positive,0.9913,https://www.reddit.com/r/Sneakers/comments/1qdrbss/most_durable_sneaker_of_all_time/,nike air,,,,1qdrbss,sneakers
Nike,reddit,sneakers,2025-11-17 00:00:00+00:00,"How safe is to purchase from stockx outside the US?

Throwaway bc the person I'll talk about lurks this subreddit.

I'm from Mexico and want get a close person to me a pair of the Jordan 1 Retro Low OG ""Chicago"" &amp; I was ecstatic when I saw that they did a (final?) re-stock of all sizes put his shoe size on my cart &amp; I just had to wait for my pay day to buy the pair his size (US 9.5) from the Nike app, but sadly that same size was the first one to become sold out, I've been scrounging the web for any online store that sells them in my country &amp; I have only found horror stories (receiving fakes, the order being cancelled the day before 'arriving', getting used pairs when the store marked them as new, orders arriving 3-8 months late, the pair being already marked up between $2000-$3000 pesos, etc.), then I expanded my search to US stores, but if one didn't have shipping to Mexico (&amp; I had to pay extra for a proxy :/), they only had the models price listed (so -shipping &amp; -tariffs) they were also way marked up, but when I clicked on stockx I saw that they had a small price up (≈$200 pesos) &amp; they had all the sizes, including US 9.5, &amp; they shipped to Mexico and had all the extra stuff accounted in the price (shipping &amp; tariffs), but I couldn't for the life of me find experiences from other mexicans to see how reliable is the store in here

Can anyone that have bought something from stockx that lives outside the US share their experience to see if I won't lose my money?",how safe is to purchase from stockx outside the us throwaway bc the person i ll talk about lurks this subreddit i m from mexico and want get a close person to me a pair of the jordan 1 retro low og chicago amp i was ecstatic when i saw that they did a final re stock of all sizes put his shoe size on my cart amp i just had to wait for my pay day to buy the pair his size us 9 5 from the nike app but sadly that same size was the first one to become sold out i ve been scrounging the web for any online store that sells them in my country amp i have only found horror stories receiving fakes the order being cancelled the day before arriving getting used pairs when the store marked them as new orders arriving 3 8 months late the pair being already marked up between 2000 3000 pesos etc then i expanded my search to us stores but if one didn t have shipping to mexico amp i had to pay extra for a proxy they only had the models price listed so shipping amp tariffs they were also way marked up but when i clicked on stockx i saw that they had a small price up 200 pesos amp they had all the sizes including us 9 5 amp they shipped to mexico and had all the extra stuff accounted in the price shipping amp tariffs but i couldn t for the life of me find experiences from other mexicans to see how reliable is the store in here can anyone that have bought something from stockx that lives outside the us share their experience to see if i won t lose my money,-0.8848,negative,0.8848,https://www.reddit.com/r/Sneakers/comments/1qcz79t/how_safe_is_to_purchase_from_stockx_outside_the_us/,nike running shoes,,,,1qcz79t,sneakers
Nike,reddit,sneakers,2025-11-17 00:00:00+00:00,"Whats the oldest pair you own?

For me its these and a pair of nike air decades i own. Recently moved so i have to dig them out but ill drop pics if anyone is interested. Planning on sole swapping soon.",whats the oldest pair you own for me its these and a pair of nike air decades i own recently moved so i have to dig them out but ill drop pics if anyone is interested planning on sole swapping soon,-0.4215,negative,0.4215,https://www.reddit.com/r/Sneakers/comments/1qfnimt/whats_the_oldest_pair_you_own/,nike air,,,,1qfnimt,sneakers
Nike,reddit,sneakers,2025-11-18 00:00:00+00:00,Some nice finds today after work,some nice finds today after work,0.4215,positive,0.4215,https://www.reddit.com/r/Sneakers/comments/1qxz1ko/some_nice_finds_today_after_work/,nike,,,,1qxz1ko,sneakers
Nike,reddit,running,2025-11-19 00:00:00+00:00,"Tuesday Shoesday

Shoes are a big topic in this sub, so in an effort to condense and collect some of these posts, we're introducing **Shoesday Tuesday**!  Similar to Wednesday's gear thread, but focusing on shoes.  

What’ve you been wearing on your feet? Anything fun added to the rotation? Got a review of a new release? Questions about a pair that’s caught your eye? Here's the place to discuss.

 *NOTE: For you Runnitors looking to sell/trade any running gear (as well as bib transfers), head over to /r/therunningrack.*",tuesday shoesday shoes are a big topic in this sub so in an effort to condense and collect some of these posts we re introducing shoesday tuesday similar to wednesday s gear thread but focusing on shoes what ve you been wearing on your feet anything fun added to the rotation got a review of a new release questions about a pair that s caught your eye here s the place to discuss note for you runnitors looking to sell trade any running gear as well as bib transfers head over to r therunningrack,0.8538,positive,0.8538,https://www.reddit.com/r/running/comments/1nca50m/tuesday_shoesday/,nike running shoes,,,,1nca50m,running
Nike,reddit,sneakers,2025-11-19 00:00:00+00:00,"Guys, please help me…

I’ve contacted several sneaker repair companies and visited 3 or 4 shoe repair shops in my city. Every single one told me the same thing, that these are a write-off.

The problem is, I have a huge soft spot for Nike Air Stab and Nike Air Structure. This pair is in almost new condition. I wore them a few years ago, everything felt fine, and then suddenly it felt weird when walking. Turns out the entire sole has crumbled and torn apart.

I put them in the back of my closet and tried to forget about them, which worked… until I found them again while cleaning. And honestly, it hurts to see them like this, because the upper still looks almost brand new.

At this point I’m pretty desperate. I’m not trying to flip or make money, I just want to be able to wear and enjoy these classics again.

If anyone has tips, knows of a specialist, or has successfully repaired something like this before, I’d really appreciate the help.",guys please help me i ve contacted several sneaker repair companies and visited 3 or 4 shoe repair shops in my city every single one told me the same thing that these are a write off the problem is i have a huge soft spot for nike air stab and nike air structure this pair is in almost new condition i wore them a few years ago everything felt fine and then suddenly it felt weird when walking turns out the entire sole has crumbled and torn apart i put them in the back of my closet and tried to forget about them which worked until i found them again while cleaning and honestly it hurts to see them like this because the upper still looks almost brand new at this point i m pretty desperate i m not trying to flip or make money i just want to be able to wear and enjoy these classics again if anyone has tips knows of a specialist or has successfully repaired something like this before i d really appreciate the help,0.9377,positive,0.9377,https://www.reddit.com/r/Sneakers/comments/1qcuqlz/guys_please_help_me/,nike air,,,,1qcuqlz,sneakers
Nike,reddit,streetwear,2025-11-20 00:00:00+00:00,"Had another bucket hat bbq for my bday. Another grand time.

Nantucket bucket hat from child
Good vacation 


Old navy tank top

Our legacy button down

Levi Jorts

Off white belt

Nike Sb 4’s",had another bucket hat bbq for my bday another grand time nantucket bucket hat from child good vacation old navy tank top our legacy button down levi jorts off white belt nike sb 4 s,0.7717,positive,0.7717,https://www.reddit.com/r/streetwear/comments/1nas02d/had_another_bucket_hat_bbq_for_my_bday_another/,nike,,,,1nas02d,streetwear
Nike,reddit,sneakers,2025-11-20 00:00:00+00:00,"Hot take: Bred toes are better than Chicagos or Breds

Obviously this is just my opinion. I think breds and Chicagos are far more iconic and important than a non OG sneaker. 

My thought process for why I think these are superior to the bred and Chicago is as follows. Primarily it follows versatility and the idea of a “perfect model”. I think the Chicago is my favorite color way of all time, but in my opinion, they have not made the perfect version yet. The 2016 version is very nice, but I’ve heard mixed things about the quality and the shape is not an 85 cut. The Lost and Founds are cool, but I’m not a fan of the pre-distressing and I don’t love the cut. It’s kind of a hybrid between the 85 and the 2016 pair which I don’t love. The day Nike drops a 85 Cut of the Chicago in a non-distressed leather, I’m coping. I don’t care what the price is. Currently the best we have of that is reps which I’m not about (though the quality is way better than Nike supposedly)

The breds are obviously the OG but personally, I just don’t find the black and red color way the most wearable compare compared to a retro 1 with some white in it. I do think the 85 version they released last year is a perfect shoe. I love it for its history and provenance but honestly, I just don’t think it’s as versatile color way for my wardrobe as the Chicago or bred toes.

So that left me with the bred toe. This is a combination of the Chicago and the breds obviously which is pretty cool in its own right. In my opinion, it’s more wearable than a bred and I don’t think they are going to retro it anytime soon. The only high that I want more than this is an 85 cut Chicago but they haven’t made it yet so I got the next best thing. I heard this generation of 1s are tanks and Foamer Simpson has a video where he says he had a pair for five years (a 2011 bred which was lower quality), so I’m sure this will be even better. Ones look better the more beat up they are. 

Sorry to ramble, but I just had a lot of thoughts I wanted to get out",hot take bred toes are better than chicagos or breds obviously this is just my opinion i think breds and chicagos are far more iconic and important than a non og sneaker my thought process for why i think these are superior to the bred and chicago is as follows primarily it follows versatility and the idea of a perfect model i think the chicago is my favorite color way of all time but in my opinion they have not made the perfect version yet the 2016 version is very nice but i ve heard mixed things about the quality and the shape is not an 85 cut the lost and founds are cool but i m not a fan of the pre distressing and i don t love the cut it s kind of a hybrid between the 85 and the 2016 pair which i don t love the day nike drops a 85 cut of the chicago in a non distressed leather i m coping i don t care what the price is currently the best we have of that is reps which i m not about though the quality is way better than nike supposedly the breds are obviously the og but personally i just don t find the black and red color way the most wearable compare compared to a retro 1 with some white in it i do think the 85 version they released last year is a perfect shoe i love it for its history and provenance but honestly i just don t think it s as versatile color way for my wardrobe as the chicago or bred toes so that left me with the bred toe this is a combination of the chicago and the breds obviously which is pretty cool in its own right in my opinion it s more wearable than a bred and i don t think they are going to retro it anytime soon the only high that i want more than this is an 85 cut chicago but they haven t made it yet so i got the next best thing i heard this generation of 1s are tanks and foamer simpson has a video where he says he had a pair for five years a 2011 bred which was lower quality so i m sure this will be even better ones look better the more beat up they are sorry to ramble but i just had a lot of thoughts i wanted to get out,0.9967,positive,0.9967,https://www.reddit.com/r/Sneakers/comments/1qc940z/hot_take_bred_toes_are_better_than_chicagos_or/,nike running shoes,,,,1qc940z,sneakers
Nike,reddit,sneakers,2025-11-21 00:00:00+00:00,"On feet today

A grail for me!!! Nike Air Mission!! Have a great day!!",on feet today a grail for me nike air mission have a great day,0.7405,positive,0.7405,https://www.reddit.com/r/Sneakers/comments/1qc6vqv/on_feet_today/,nike air,,,,1qc6vqv,sneakers
Nike,reddit,sneakers,2025-11-21 00:00:00+00:00,"Air Jordan 8 “Bugs Bunny” (2003 vs 2025)

Air Jordan 8 “Bugs Bunny” (2003 vs 2025)

Got the 2025 pair in a couple weeks back so figured we could do another comparison. I’ve been totally content with my 2003 pair over the years and passed on the other retros (2008 and 2013). 20+ years later though, they’re on their last legs until I can get around to restoring them, so the 2025 pair was a must for me. 

To start, while not perfect, the 2025 pair is pretty solid overall. The biggest differences (besides the signs of age on the ‘03) are the overall shape, including the newer pair having a more rounded toebox compared to the 03 pair, which has a sleeker toebox closer to the ‘93 OGs. The heels on the 2025 retro sit more straight up while the heels on the ‘03 have more of a curve to them like the OGs as well. The tongue/pull tabs from the inner bootie sit significantly shorter on the 2025 pair compared to the ‘03 retro which sits pretty high. Admittedly imo, this kinda throws the silhouette off on the newer pair. Also, the pattern on the tongues of the ‘25 is more vibrant compared to the ’03. 

There are a few other differences (patterns on the tabs, plastic on the straps, and etc.) but nothing I would consider a deal breaker. The 2025 has pretty decent leather and a solid paint job on the midsoles too imo. So while there are some features I think Nike could’ve made more accurate, again, it’s a solid retro overall. Which pair do you prefer?",air jordan 8 bugs bunny 2003 vs 2025 air jordan 8 bugs bunny 2003 vs 2025 got the 2025 pair in a couple weeks back so figured we could do another comparison i ve been totally content with my 2003 pair over the years and passed on the other retros 2008 and 2013 20 years later though they re on their last legs until i can get around to restoring them so the 2025 pair was a must for me to start while not perfect the 2025 pair is pretty solid overall the biggest differences besides the signs of age on the 03 are the overall shape including the newer pair having a more rounded toebox compared to the 03 pair which has a sleeker toebox closer to the 93 ogs the heels on the 2025 retro sit more straight up while the heels on the 03 have more of a curve to them like the ogs as well the tongue pull tabs from the inner bootie sit significantly shorter on the 2025 pair compared to the 03 retro which sits pretty high admittedly imo this kinda throws the silhouette off on the newer pair also the pattern on the tongues of the 25 is more vibrant compared to the 03 there are a few other differences patterns on the tabs plastic on the straps and etc but nothing i would consider a deal breaker the 2025 has pretty decent leather and a solid paint job on the midsoles too imo so while there are some features i think nike could ve made more accurate again it s a solid retro overall which pair do you prefer,0.9306,positive,0.9306,https://www.reddit.com/r/Sneakers/comments/1qc61lm/air_jordan_8_bugs_bunny_2003_vs_2025/,nike air,,,,1qc61lm,sneakers
Nike,reddit,sneakers,2025-11-22 00:00:00+00:00,"First cop of the year

These are quite dope. Military blacks have always been one of the best 4s imo, but I dig the off white color and Nike Air on these. The toe stitches will prob get some hate but that's part of what I liked, a little different but not too crazy. Trying to understand the pink laces but overall very happy w these joints",first cop of the year these are quite dope military blacks have always been one of the best 4s imo but i dig the off white color and nike air on these the toe stitches will prob get some hate but that s part of what i liked a little different but not too crazy trying to understand the pink laces but overall very happy w these joints,0.8517,positive,0.8517,https://www.reddit.com/r/Sneakers/comments/1qbzb1x/first_cop_of_the_year/,nike air,,,,1qbzb1x,sneakers
Nike,reddit,sneakers,2025-11-22 00:00:00+00:00,"I really wanna like these…

I’m a lifelong Suns and huge Book fan and while the overall response to the unveiling of his first model was very ‘meh’ here, I loved them and they were comfy AF. 

I wasn’t crazy about these from the start but bought them for sizing and feel purposes. I can tell you from walking they are easily as comfy as the Book 1s. Feels like a very snug neoprene sock with a spring to the step. 

Other than the comfort, I’m on the fence about them. The sole gives hard AF1 vibes and I’ve never cared for that silhouette. Also, and this is the big one for me, In regards to the ‘stripes’ behind the swoosh, I can’t believe NO ONE at Nike was like ‘are we trying to be the brand with four stripes?’ My buddy said K-Swiss and I can’t really unsee either one.

As far as sizing goes, I know Nike said TTS but just like with the Book 1, you’re gonna wanna go a half size bigger. My left foot is a true 12 and my right foot is a true 11.5 and it’s a significantly more comfortable shoe on the right foot and I have some pinching on my left big toe so these will be going back to Nike.

I’m not really sure if I’ll grab any more of these seeing as how this one goes perfect with their valley jersey and the orange one is all Suns and I figure if any color-way would get me to buy this shoe again would be a Suns themed one and the first two models are both of those.",i really wanna like these i m a lifelong suns and huge book fan and while the overall response to the unveiling of his first model was very meh here i loved them and they were comfy af i wasn t crazy about these from the start but bought them for sizing and feel purposes i can tell you from walking they are easily as comfy as the book 1s feels like a very snug neoprene sock with a spring to the step other than the comfort i m on the fence about them the sole gives hard af1 vibes and i ve never cared for that silhouette also and this is the big one for me in regards to the stripes behind the swoosh i can t believe no one at nike was like are we trying to be the brand with four stripes my buddy said k swiss and i can t really unsee either one as far as sizing goes i know nike said tts but just like with the book 1 you re gonna wanna go a half size bigger my left foot is a true 12 and my right foot is a true 11 5 and it s a significantly more comfortable shoe on the right foot and i have some pinching on my left big toe so these will be going back to nike i m not really sure if i ll grab any more of these seeing as how this one goes perfect with their valley jersey and the orange one is all suns and i figure if any color way would get me to buy this shoe again would be a suns themed one and the first two models are both of those,0.982,positive,0.982,https://www.reddit.com/r/Sneakers/comments/1qbxz8p/i_really_wanna_like_these/,nike running shoes,,,,1qbxz8p,sneakers
Nike,reddit,sneakers,2025-11-23 00:00:00+00:00,"Today's heat

Nike Air Max 270 React x Travis Scott Cactus Trails",today s heat nike air max 270 react x travis scott cactus trails,0.0,neutral,0.0,https://www.reddit.com/r/Sneakers/comments/1qbv1u6/todays_heat/,nike air,,,,1qbv1u6,sneakers
Nike,reddit,running,2025-11-24 00:00:00+00:00,"Tuesday Shoesday

Shoes are a big topic in this sub, so in an effort to condense and collect some of these posts, we're introducing **Shoesday Tuesday**!  Similar to Wednesday's gear thread, but focusing on shoes.  

What’ve you been wearing on your feet? Anything fun added to the rotation? Got a review of a new release? Questions about a pair that’s caught your eye? Here's the place to discuss.

 *NOTE: For you Runnitors looking to sell/trade any running gear (as well as bib transfers), head over to /r/therunningrack.*",tuesday shoesday shoes are a big topic in this sub so in an effort to condense and collect some of these posts we re introducing shoesday tuesday similar to wednesday s gear thread but focusing on shoes what ve you been wearing on your feet anything fun added to the rotation got a review of a new release questions about a pair that s caught your eye here s the place to discuss note for you runnitors looking to sell trade any running gear as well as bib transfers head over to r therunningrack,0.8538,positive,0.8538,https://www.reddit.com/r/running/comments/1qbjm6g/tuesday_shoesday/,nike running shoes,,,,1qbjm6g,running
Nike,reddit,sneakers,2025-11-24 00:00:00+00:00,Nike Air Max 90 Recraft,nike air max 90 recraft,0.0,neutral,0.0,https://www.reddit.com/r/Sneakers/comments/1q8ltdk/nike_air_max_90_recraft/,nike air,,,,1q8ltdk,sneakers
Nike,reddit,sneakers,2025-11-25 00:00:00+00:00,"Need Recommendation for Stylish yet Comfortable Sneaker

Hey everyone, I'm looking for sneaker recommendations that balance style and comfort, especially for someone with flat feet/overpronation.

Most sneakers I try either: look great but kill my feet after a few hours, or feel supportive but look  sporty or super bulky.

What I'm hoping for: 
-Good arch support or flat
-foot friendly design -Comfortable for long walks/all-day wear 
-Stylish enough for casual outfits (jeans, chinos, etc.) 
-Preferably not too heavy or clunky

Note: I already have Asics Kayano 31 as a running shoe; I need something for casual wear.

Budget - Under $150 or equivalent",need recommendation for stylish yet comfortable sneaker hey everyone i m looking for sneaker recommendations that balance style and comfort especially for someone with flat feet overpronation most sneakers i try either look great but kill my feet after a few hours or feel supportive but look sporty or super bulky what i m hoping for good arch support or flat foot friendly design comfortable for long walks all day wear stylish enough for casual outfits jeans chinos etc preferably not too heavy or clunky note i already have asics kayano 31 as a running shoe i need something for casual wear budget under 150 or equivalent,0.9839,positive,0.9839,https://www.reddit.com/r/Sneakers/comments/1qalnb6/need_recommendation_for_stylish_yet_comfortable/,nike running shoes,,,,1qalnb6,sneakers
Nike,reddit,sneakers,2025-11-25 00:00:00+00:00,"16 year old deadstock gem

These were a pair of my favorite shoes I ever owned, only came out one year, 2010...... I was thinking about them last week and found one deadstock pair on eBay.... bought them.... got them yesterday and immediately put them on.... man I've missed these.....Lebron 8 Black and Red and White, in my opinion the Lebron 7 and 8 are 2 of the best shoes Nike ever made...",16 year old deadstock gem these were a pair of my favorite shoes i ever owned only came out one year 2010 i was thinking about them last week and found one deadstock pair on ebay bought them got them yesterday and immediately put them on man i ve missed these lebron 8 black and red and white in my opinion the lebron 7 and 8 are 2 of the best shoes nike ever made,0.7184,positive,0.7184,https://www.reddit.com/r/Sneakers/comments/1qb4671/16_year_old_deadstock_gem/,nike running shoes,,,,1qb4671,sneakers
Nike,reddit,sneakers,2025-11-26 00:00:00+00:00,"Help identifying these Huaraches

Hi there!

  
I was sorting through my collection and I stumble upon this pair. I bought it something like 15 years ago at a vintage sneaker event. My box is probably the wrong one, they look way more air challenge huarache than air challenge future C. But I can't find any reference anywhere about this colorway (I also use to wear the yellow/black when they were released in the 90s, but this colorway is way more foundable).

  
Any idea anyone?

  
Thanks a lot,

S",help identifying these huaraches hi there i was sorting through my collection and i stumble upon this pair i bought it something like 15 years ago at a vintage sneaker event my box is probably the wrong one they look way more air challenge huarache than air challenge future c but i can t find any reference anywhere about this colorway i also use to wear the yellow black when they were released in the 90s but this colorway is way more foundable any idea anyone thanks a lot s,0.7295,positive,0.7295,https://www.reddit.com/r/Sneakers/comments/1qa8av5/help_identifying_these_huaraches/,nike air,,,,1qa8av5,sneakers
Nike,reddit,sneakers,2025-11-26 00:00:00+00:00,"Nike SB Air Max 95 x Eric Koston

HQ8492-400",nike sb air max 95 x eric koston hq8492 400,0.0,neutral,0.0,https://www.reddit.com/r/Sneakers/comments/1q9w4jj/nike_sb_air_max_95_x_eric_koston/,nike air,,,,1q9w4jj,sneakers
Nike,reddit,sneakers,2025-11-27 00:00:00+00:00,"Lebron 9 Big Bang - all time grail

today I just copped the LeBron 9 big bang which is probably my all time grail. remember being in 7th grade when these dropped and couldn’t afford them so today is a full circle moment for me lol. I get a kick at how today’s kids don’t understand the run Nike basketball had in the late 2000s. anybody else feel this way about the all star pack from 2012, the big bangs are my all time grails! would love to hear thoughts",lebron 9 big bang all time grail today i just copped the lebron 9 big bang which is probably my all time grail remember being in 7th grade when these dropped and couldn t afford them so today is a full circle moment for me lol i get a kick at how today s kids don t understand the run nike basketball had in the late 2000s anybody else feel this way about the all star pack from 2012 the big bangs are my all time grails would love to hear thoughts,0.807,positive,0.807,https://www.reddit.com/r/Sneakers/comments/1q9kqip/lebron_9_big_bang_all_time_grail/,nike running shoes,,,,1q9kqip,sneakers
Nike,reddit,sneakers,2025-11-27 00:00:00+00:00,"AF1 WMNS Red &amp; Black

Air Force 1 fit with Nike from top to bottom and Swarovski sunglasses",af1 wmns red amp black air force 1 fit with nike from top to bottom and swarovski sunglasses,0.5106,positive,0.5106,https://www.reddit.com/r/Sneakers/comments/1q9h3z1/af1_wmns_red_black/,nike air,,,,1q9h3z1,sneakers
Nike,reddit,sneakers,2025-11-28 00:00:00+00:00,"Why is Adidas sizing so inconsistent compared to Nike?

I wore Nikes exclusively for about 8 years. Running shoes or otherwise, size 12 or 12.5 would fit me perfectly.

I switched to Adidas a year ago. My first pair is a Supernova Rise 2 at size 13. In the past month, I bought two other pairs at the same size online rather than in-person.
1. Adizero EVO SL (already returned): Could barely fit my feet, even with the lightly-padded tongue. 
2. Campus 00s: Roomy as hell out-the-box. I could have probably sized down to 12.5, but I do like the extra room.

Sure, the Campuses aren't running shoes but I don't understand why Adizero and Supernova have extremely different sizing.

I am liking my two pairs of Adidas right now, but it seems buying online is a no-go unless I want to deal with their slow refund process. On one hand, my local Adidas doesn't always have what I want.",why is adidas sizing so inconsistent compared to nike i wore nikes exclusively for about 8 years running shoes or otherwise size 12 or 12 5 would fit me perfectly i switched to adidas a year ago my first pair is a supernova rise 2 at size 13 in the past month i bought two other pairs at the same size online rather than in person 1 adizero evo sl already returned could barely fit my feet even with the lightly padded tongue 2 campus 00s roomy as hell out the box i could have probably sized down to 12 5 but i do like the extra room sure the campuses aren t running shoes but i don t understand why adizero and supernova have extremely different sizing i am liking my two pairs of adidas right now but it seems buying online is a no go unless i want to deal with their slow refund process on one hand my local adidas doesn t always have what i want,0.9524,positive,0.9524,https://www.reddit.com/r/Sneakers/comments/1q9dxh0/why_is_adidas_sizing_so_inconsistent_compared_to/,nike running shoes,,,,1q9dxh0,sneakers
Nike,reddit,sneakers,2025-11-29 00:00:00+00:00,"Nike Air Force 3 Delivery from Kith

My Nike Air Force 3s just arrived from Kith and they’re awesome! I ended up grabbing both colorways because they’re super versatile with different outfits, plus they’re really comfortable. Definitely a solid pickup.",nike air force 3 delivery from kith my nike air force 3s just arrived from kith and they re awesome i ended up grabbing both colorways because they re super versatile with different outfits plus they re really comfortable definitely a solid pickup,0.9474,positive,0.9474,https://www.reddit.com/r/Sneakers/comments/1q9c34h/nike_air_force_3_delivery_from_kith/,nike air,,,,1q9c34h,sneakers
Nike,reddit,sneakers,2025-11-29 00:00:00+00:00,"How to take care of sneakers?

I never considered myself a sneaker gal but I went thrifting and found these beautiful pair of Nike sneakers. They where in perfect condition! Brand new looking to me. I am in love with them. How do I take care of these shoes so that they last? How can I water proof these? How often should I wear these? 

What should my next pair be?! SO MANY QUESTIONS.",how to take care of sneakers i never considered myself a sneaker gal but i went thrifting and found these beautiful pair of nike sneakers they where in perfect condition brand new looking to me i am in love with them how do i take care of these shoes so that they last how can i water proof these how often should i wear these what should my next pair be so many questions,0.9801,positive,0.9801,https://www.reddit.com/r/Sneakers/comments/1qaszox/how_to_take_care_of_sneakers/,nike running shoes,,,,1qaszox,sneakers
Nike,reddit,sneakers,2025-11-30 00:00:00+00:00,"Optimus Air - using my old shoeboxes to create art

Doernbecher Vomeros, Action Bronson 990s, Undefeated Dunks, and Union LA AJKO boxes highlight this piece.  The reflective portion is actually a Jordan golf box, and we have some Jordan 13s silver box in there as well.  A Ma Maniere plastic sleeve backing (used my last one on this) and the standard black Jordan boxes for the matting.  It’s ALL shoeboxes!  Cant forgot the red sleeve from Jordan XI for the eye shield, along with a few more unmentioned 

About 45 hours to make this one, it’s big!  Appreciate yall for checking it out and have a great Saturday 🤙🏻",optimus air using my old shoeboxes to create art doernbecher vomeros action bronson 990s undefeated dunks and union la ajko boxes highlight this piece the reflective portion is actually a jordan golf box and we have some jordan 13s silver box in there as well a ma maniere plastic sleeve backing used my last one on this and the standard black jordan boxes for the matting it s all shoeboxes cant forgot the red sleeve from jordan xi for the eye shield along with a few more unmentioned about 45 hours to make this one it s big appreciate yall for checking it out and have a great saturday,0.9458,positive,0.9458,https://www.reddit.com/r/Sneakers/comments/1q98put/optimus_air_using_my_old_shoeboxes_to_create_art/,nike air,,,,1q98put,sneakers
Nike,reddit,sneakers,2025-11-30 00:00:00+00:00,"Nike Air Max 90 ""Recraft Volt""",nike air max 90 recraft volt,0.0,neutral,0.0,https://www.reddit.com/r/Sneakers/comments/1q8lksl/nike_air_max_90_recraft_volt/,nike air,,,,1q8lksl,sneakers
Nike,reddit,sneakers,2025-12-01 00:00:00+00:00,"Trying Out Some Newer Models Finally

Jordan Trunner O/S Archaeo Brown &amp; Nike Air Pegasus Wave Copper Moon",trying out some newer models finally jordan trunner o s archaeo brown amp nike air pegasus wave copper moon,0.0,neutral,0.0,https://www.reddit.com/r/Sneakers/comments/1q8jynn/trying_out_some_newer_models_finally/,nike air,,,,1q8jynn,sneakers
Nike,reddit,streetwear,2025-12-01 00:00:00+00:00,"Chinatown - last weekend fit of the year

Hat - Urban Outfitters

Sunglasses - Meller

Shirt - Club Monaco

Jacket - Carhartt

Pants - Dickies!

Sneakers- Nike Dun Low Ceramics",chinatown last weekend fit of the year hat urban outfitters sunglasses meller shirt club monaco jacket carhartt pants dickies sneakers nike dun low ceramics,0.1759,positive,0.1759,https://www.reddit.com/r/streetwear/comments/1py6yd9/chinatown_last_weekend_fit_of_the_year/,nike,,,,1py6yd9,streetwear
Nike,reddit,sneakers,2025-12-02 00:00:00+00:00,Nike Mind 002 - strangest shoe I have ever bought,nike mind 002 strangest shoe i have ever bought,0.0,neutral,0.0,https://www.reddit.com/r/Sneakers/comments/1q7j4b1/nike_mind_002_strangest_shoe_i_have_ever_bought/,nike running shoes,,,,1q7j4b1,sneakers
Nike,reddit,sneakers,2025-12-02 00:00:00+00:00,"how to clean these green mesh with dirt on them

hey, so i have bought these shoes from adidas (rapidmove 2) and i was running with them ( i know they aren't for running) and later that night the weather was so bad and the rain began to fall on dirt and it got all over my shoes LIKE CHUNKS OF DIRT and for my stupidity i have left it with the dirt on it for about 2 weeks i think . so yesterday i tried washing it in the washing machine TWICE and and still the dirt is still stuck on the mesh it did disappear like 40% but still it doesn't come off .

any help pls with how to wash them :(

thanks.",how to clean these green mesh with dirt on them hey so i have bought these shoes from adidas rapidmove 2 and i was running with them i know they aren t for running and later that night the weather was so bad and the rain began to fall on dirt and it got all over my shoes like chunks of dirt and for my stupidity i have left it with the dirt on it for about 2 weeks i think so yesterday i tried washing it in the washing machine twice and and still the dirt is still stuck on the mesh it did disappear like 40 but still it doesn t come off any help pls with how to wash them thanks,-0.4206,negative,0.4206,https://www.reddit.com/r/Sneakers/comments/1q6npd4/how_to_clean_these_green_mesh_with_dirt_on_them/,nike running shoes,,,,1q6npd4,sneakers
Nike,reddit,sneakers,2025-12-03 00:00:00+00:00,"Who throws a shoe, honestly?

Busting these bad boys out for the first time. So many hrs spent in my buddy’s basement playing this.

Got them of Nike, but glad the shoe has gone down in price so anyone can get them. Wish the TR and the DK’s would as well.",who throws a shoe honestly busting these bad boys out for the first time so many hrs spent in my buddy s basement playing this got them of nike but glad the shoe has gone down in price so anyone can get them wish the tr and the dk s would as well,0.8847,positive,0.8847,https://www.reddit.com/r/Sneakers/comments/1q6lrcl/who_throws_a_shoe_honestly/,nike running shoes,,,,1q6lrcl,sneakers
Nike,reddit,sneakers,2025-12-04 00:00:00+00:00,"Bernard Kings 1987 NY Knicks Player Edition shoes seems to have inspired 3 Recent Converse Collaborations

If True, ....then any 2ndary meaning of the Green on the Converse Japan ""Stranger Things"", could very well be a Reference to the Boston Celtics, and how close they came to signing Bernard King as a Free Agent in 1987? or is it just part of the recent upexplaned run of Boston Celtics influence in almost everyone of their recent shoe releases

I believe , with it looking like, the two 2025 Stranger Things Converse Weapons , were influenced by the Bernard King 1987 ""PE"",....... that it takes Mark Aguirre's 1986 Dallas Mavericks Green/ White Weapons,  out of the mix here",bernard kings 1987 ny knicks player edition shoes seems to have inspired 3 recent converse collaborations if true then any 2ndary meaning of the green on the converse japan stranger things could very well be a reference to the boston celtics and how close they came to signing bernard king as a free agent in 1987 or is it just part of the recent upexplaned run of boston celtics influence in almost everyone of their recent shoe releases i believe with it looking like the two 2025 stranger things converse weapons were influenced by the bernard king 1987 pe that it takes mark aguirre s 1986 dallas mavericks green white weapons out of the mix here,0.8122,positive,0.8122,https://www.reddit.com/r/Sneakers/comments/1q698bk/bernard_kings_1987_ny_knicks_player_edition_shoes/,nike running shoes,,,,1q698bk,sneakers
Nike,reddit,sneakers,2025-12-04 00:00:00+00:00,"Nike dunk low Kentucky 2025? White hyper Royal?? I'm confused

I have a pair of **dunk low 'Kentucky' sp's** which are kinda destroyed because I wore them for 4 years and I grew up so they're too small for me now.

I was looking to buy some new ones and I was surprised to see that they cost half the price now and there's a [newer version from 2025](https://www.goat.com/fr-fr/sneakers/dunk-low-kentucky-2025-hf5441-112) that cost around 100$. It's called Kentucky still. But looking on Stockx, the exact same shoes are available too except they're called ['white hyper royal'](https://stockx.com/fr-fr/nike-dunk-low-white-hyper-royal-2025). When I look up for 'White hyper royal' dunks I'm seeing full-white shoes with blue swoosh (which are... not my taste at all).

Are these true Kentucky's??? I'm confused. Is 'Kentucky' their nickname and 'White hyper royal' just the official color name??",nike dunk low kentucky 2025 white hyper royal i m confused i have a pair of dunk low kentucky sp s which are kinda destroyed because i wore them for 4 years and i grew up so they re too small for me now i was looking to buy some new ones and i was surprised to see that they cost half the price now and there s a newer version from 2025 that cost around 100 it s called kentucky still but looking on stockx the exact same shoes are available too except they re called white hyper royal when i look up for white hyper royal dunks i m seeing full white shoes with blue swoosh which are not my taste at all are these true kentucky s i m confused is kentucky their nickname and white hyper royal just the official color name,-0.5367,negative,0.5367,https://www.reddit.com/r/Sneakers/comments/1q5lr8e/nike_dunk_low_kentucky_2025_white_hyper_royal_im/,nike running shoes,,,,1q5lr8e,sneakers
Nike,reddit,running,2025-12-05 00:00:00+00:00,"Tuesday Shoesday

Shoes are a big topic in this sub, so in an effort to condense and collect some of these posts, we're introducing **Shoesday Tuesday**!  Similar to Wednesday's gear thread, but focusing on shoes.  

What’ve you been wearing on your feet? Anything fun added to the rotation? Got a review of a new release? Questions about a pair that’s caught your eye? Here's the place to discuss.

 *NOTE: For you Runnitors looking to sell/trade any running gear (as well as bib transfers), head over to /r/therunningrack.*",tuesday shoesday shoes are a big topic in this sub so in an effort to condense and collect some of these posts we re introducing shoesday tuesday similar to wednesday s gear thread but focusing on shoes what ve you been wearing on your feet anything fun added to the rotation got a review of a new release questions about a pair that s caught your eye here s the place to discuss note for you runnitors looking to sell trade any running gear as well as bib transfers head over to r therunningrack,0.8538,positive,0.8538,https://www.reddit.com/r/running/comments/1q5anqf/tuesday_shoesday/,nike running shoes,,,,1q5anqf,running
Nike,reddit,sneakers,2025-12-05 00:00:00+00:00,"Would 4year old Zoomx sneakers still be ok to buy?

I had the comfiest sneakers a few years ago, the Nike Zoomx Invincible Run Flynit. Tried to buy them again early last year and decided to go for the Invincible 3. The 3's do not feel anything like the 1's.

Would the Zoomx sole of a new set of 1's that have sat around for years still be worth buying? Would they have deteriorated much? I have heard that the Zoomx sole is pretty durable but sitting on a shelf for years would they still be alright?",would 4year old zoomx sneakers still be ok to buy i had the comfiest sneakers a few years ago the nike zoomx invincible run flynit tried to buy them again early last year and decided to go for the invincible 3 the 3 s do not feel anything like the 1 s would the zoomx sole of a new set of 1 s that have sat around for years still be worth buying would they have deteriorated much i have heard that the zoomx sole is pretty durable but sitting on a shelf for years would they still be alright,0.8502,positive,0.8502,https://www.reddit.com/r/Sneakers/comments/1q5eiiu/would_4year_old_zoomx_sneakers_still_be_ok_to_buy/,nike running shoes,,,,1q5eiiu,sneakers
Nike,reddit,sneakers,2025-12-06 00:00:00+00:00,"8th Grade Pick Ups - 2006

Grabbed these at Nike Town NYC on an 8th Grade Field Trip. Still glad I did. 

Tee: Supreme x North Face
Flannel: North Face 
Jeans: BDG 
Shoes: Nike AF1 Jump Rope Pack (2006)",8th grade pick ups 2006 grabbed these at nike town nyc on an 8th grade field trip still glad i did tee supreme x north face flannel north face jeans bdg shoes nike af1 jump rope pack 2006,0.765,positive,0.765,https://www.reddit.com/r/Sneakers/comments/1q5abn2/8th_grade_pick_ups_2006/,nike running shoes,,,,1q5abn2,sneakers
Nike,reddit,sneakers,2025-12-06 00:00:00+00:00,"Nike Dunk NG Golf X Nike SB JPack sole swap???

https://preview.redd.it/is7x8qjw7mbg1.jpg?width=1179&amp;format=pjpg&amp;auto=webp&amp;s=4809270d867d1f0a82703167ba08ea6453272ddd

https://preview.redd.it/iec1dpjw7mbg1.jpg?width=1179&amp;format=pjpg&amp;auto=webp&amp;s=5f807d8a9e2be398ee7f8a3d3f927b37d6de0bd7

Anyone tried a Nike Dunk NG Golf sole swap with another dunk? Trying to make some golf shoes out of a favorite of mine but curious if anyone as done it? I havent seen any vidoes on youtube or on Reddit. Just curious. Anyone have thoughts on how it might work out?!?",nike dunk ng golf x nike sb jpack sole swap anyone tried a nike dunk ng golf sole swap with another dunk trying to make some golf shoes out of a favorite of mine but curious if anyone as done it i havent seen any vidoes on youtube or on reddit just curious anyone have thoughts on how it might work out,0.8463,positive,0.8463,https://www.reddit.com/r/Sneakers/comments/1q51vpe/nike_dunk_ng_golf_x_nike_sb_jpack_sole_swap/,nike running shoes,,,,1q51vpe,sneakers
Nike,reddit,sneakers,2025-12-07 00:00:00+00:00,Rescued these Deadstock 1984 Brooks running shoes today!!,rescued these deadstock 1984 brooks running shoes today,0.5242,positive,0.5242,https://www.reddit.com/r/Sneakers/comments/1q4emb0/rescued_these_deadstock_1984_brooks_running_shoes/,nike running shoes,,,,1q4emb0,sneakers
Nike,reddit,streetwear,2025-12-08 00:00:00+00:00,"Encouraging casuals to buy these lows since they’re just sitting on shelves everywhere

Shirt: Shakawear - bought from a local Houston artist

Jacket: Yzy Gap Puffer

Pants: Fried Rice

Shoes: AJ1 Low Chicago

Hat: Urban Outfitters 

Run on Dunkin",encouraging casuals to buy these lows since they re just sitting on shelves everywhere shirt shakawear bought from a local houston artist jacket yzy gap puffer pants fried rice shoes aj1 low chicago hat urban outfitters run on dunkin,0.128,positive,0.128,https://www.reddit.com/r/streetwear/comments/1q3xom7/encouraging_casuals_to_buy_these_lows_since/,nike running shoes,,,,1q3xom7,streetwear
Nike,reddit,sneakers,2025-12-08 00:00:00+00:00,"If you rode a skateboard back in 1987, J1s was it!",if you rode a skateboard back in 1987 j1s was it,0.0,neutral,0.0,https://www.reddit.com/r/Sneakers/comments/1q2yog9/if_you_rode_a_skateboard_back_in_1987_j1s_was_it/,nike running shoes,,,,1q2yog9,sneakers
Nike,reddit,sneakers,2025-12-09 00:00:00+00:00,"Sneakers water resistant?

I’m not looking for a technical shoe for running or hiking or extreme weather. I just want a pair of ordinary sneakers (e.g. adidas or Nike) that don’t get wet as soon as I walk a few steps while raining in the city. Any advice?",sneakers water resistant i m not looking for a technical shoe for running or hiking or extreme weather i just want a pair of ordinary sneakers e g adidas or nike that don t get wet as soon as i walk a few steps while raining in the city any advice,0.168,positive,0.168,https://www.reddit.com/r/Sneakers/comments/1q2tuw9/sneakers_water_resistant/,nike running shoes,,,,1q2tuw9,sneakers
Nike,reddit,sneakers,2025-12-09 00:00:00+00:00,"Nike Book Moab Cleaning Tips

Wifey got me a pair of Nike Book 1 Moab’s for Christmas and they already have a scuff on top of the vamp. 

These are the full shoes: https://share.google/81FdPTQ9kyc4hBaRE

Any idea how to get that scuff out? I have made the mistake in the past of trying on some Nike Dunks and ruined them. So I don’t want to make the same mistake. 

Thanks in advance",nike book moab cleaning tips wifey got me a pair of nike book 1 moab s for christmas and they already have a scuff on top of the vamp these are the full shoes any idea how to get that scuff out i have made the mistake in the past of trying on some nike dunks and ruined them so i don t want to make the same mistake thanks in advance,-0.3892,negative,0.3892,https://www.reddit.com/r/Sneakers/comments/1q2cogs/nike_book_moab_cleaning_tips/,nike running shoes,,,,1q2cogs,sneakers
Nike,reddit,running,2025-12-10 00:00:00+00:00,"Tuesday Shoesday

Shoes are a big topic in this sub, so in an effort to condense and collect some of these posts, we're introducing **Shoesday Tuesday**!  Similar to Wednesday's gear thread, but focusing on shoes.  

What’ve you been wearing on your feet? Anything fun added to the rotation? Got a review of a new release? Questions about a pair that’s caught your eye? Here's the place to discuss.

 *NOTE: For you Runnitors looking to sell/trade any running gear (as well as bib transfers), head over to /r/therunningrack.*",tuesday shoesday shoes are a big topic in this sub so in an effort to condense and collect some of these posts we re introducing shoesday tuesday similar to wednesday s gear thread but focusing on shoes what ve you been wearing on your feet anything fun added to the rotation got a review of a new release questions about a pair that s caught your eye here s the place to discuss note for you runnitors looking to sell trade any running gear as well as bib transfers head over to r therunningrack,0.8538,positive,0.8538,https://www.reddit.com/r/running/comments/1pza9xy/tuesday_shoesday/,nike running shoes,,,,1pza9xy,running
Nike,reddit,running,2025-12-10 00:00:00+00:00,"What equipment do you need to get started?

Hello!

I would like to start running, but I don't know what clothes are best. I don't have a big budget, and the only stores I have access to are H&amp;M and Decathlon. I already know what kind of shoes I need, but I'm more concerned about clothing. I'd like to run all year round (because otherwise I don't see the point in only doing it during the warmer months, I like a bit of a challenge).  

Thank you for your help and patience in answering my questions!

All the best.",what equipment do you need to get started hello i would like to start running but i don t know what clothes are best i don t have a big budget and the only stores i have access to are h amp m and decathlon i already know what kind of shoes i need but i m more concerned about clothing i d like to run all year round because otherwise i don t see the point in only doing it during the warmer months i like a bit of a challenge thank you for your help and patience in answering my questions all the best,0.9855,positive,0.9855,https://www.reddit.com/r/running/comments/1q2bem7/what_equipment_do_you_need_to_get_started/,nike running shoes,,,,1q2bem7,running
Nike,reddit,running,2025-12-11 00:00:00+00:00,"Race Review: 7 Bridges Chattanooga Marathon, October 19, 2025

**Race Information**

|**Race**|**Location**|**My Distance**|
|:-|:-|:-|
|Seven Bridges Marathon|Chattanooga, TN|26.2 mi (42.2KM)|
|**Date**|**Distances Offered**|**Website**|
|October 19, 2025|26.2 mi (42.2km); and,13.1 mi (21.1km)|[7 Bridges Marathon](https://sevenbridgesmarathon.com/)|
|**Registration**|**My Time**|**Did the puppet run?**|
|Entry opened soon after marathon finished; bibs purchasable up to the date of race|4:45:46|N/A|

**My Goals**



|Goal|Description|Completed?|
|:-|:-|:-|
|1|Finish|Yes|
|2|Take it easy|Yes|

**Conditions?**

The conditions for this race starting out a bit rough, it was a little cooler and rainy! Very rainy. I was excited to have family spectating, but the rain prevented them from being able to come out. It rained pretty heavily before start at 7:00am, then continued to go for another hour and a half or so. While it calmed down to a mist, it didn’t really quite stop until a bit later in the race. This race also started warm at about just under 60°F (16°C). The temperature creeped up as the day went on, eventually hitting its high of 75°F (24°C) around 1:00pm, luckily, I finished when it was just about 72°F (22°C). Pretty warm conditions, but the course was beautiful.

One difficult thing about these conditions is that a large portion of the course is an out and back on these boardwalk structures that go through a beautiful park. So, while absolutely beautiful, there was some slight slipping at various parts due to the type of terrain on the course.

**Race day kit**

Brooks Ghost 18, weatherized. These are amazing shoes. The weatherized really kept my feet dry through most of the race - no irritation at all and maybe just a little seep through but nothing notable. For running about 1.5 hours in the rain, my feet did not feel uncomfortable at all.

I wore teal Nike shorts, Feetures socks, my Burning Man 2025 shirt, amphipod belt with Gus, and my 50th anniversary nyc marathon visor.

Obviously some rain gear might have been beneficial, but I survived. I think I felt wet throughout.

**Training**

*Last race:* August 26, 2025 (50K)

*Total runs:* 15

*Total miles/km:* 103.79 (167K)

Training sounds better for this race than a few others in this second part of the year, but honestly it’s still not quite a lot, but my timing wasn’t terrible given the rain.

I had a long run just a week before this one so was really pushing myself with long runs in this period (NYC two weeks after this one). Most of the training runs were almost exclusively in NYC, except a few where I was in Buffalo for work.

**Race strategy**

Honestly, no strategy here. This race was a deferment from last year, and I was really ramping up the NYC Marathon, so my approach was pretty slow and easy for this one. I didn’t know what kind of run/walk strategy I would take, and honestly didn’t really think of one. I walked quite a bit and I think I attempted some longer runs then to walk, but I also just had no strategy. My mind didn’t think about it and so I just wanted to finish and not hurt myself!

**Expo and gear**

The expo was quite small! This was a nice little afternoon in Coolidge Park by the river. The organizers had tents and they were selling a few things. Pick up was quite easy and quick. Not a lot of fanfare or things to see, and the only gear I got was a sticker for 26.2 - CHA. That felt appropriate given it’s my hometown.

**Race Review**

The hallmark of this race is running over seven bridges in Chattanooga, Tennessee. This race is sponsored by the Seventh Day Adventist Church in the area, and hence the focus on seven bridges, I believe. The Church is a sponsor primarily and it had branding, but there were no visible attempts at converting anyone. I knew quite a few Seventh Day Adventors in high school as where I grew up was right by where they congregated. Fun fact: Little Debbie, the snack cake company, is Seventh Day Adventist. However, there wasn’t much in terms of Little Debbie Snack cakes at this race, nor were there any Moon Pies. Weird!

I think this course is pretty gorgeous and it is significantly better than the Chattanooga Marathon, held in March, which is more condensed in the downtown area near Erlanger Hospital, and it appears to have zero bridges.

The course had some great and clear bridges at the start, it was fun to count and try to record these - and these were obvious bridges. You start on the north side of the Tennessee River and go to the south side via the first bridge, then loop back north for the second bridge, then run through North Chattanooga till you get to the farthest east bridge, then you cross to the south side and run east along the river through this amazing park that runs nearly to the Chattanooga airport, and then you turn around and run back to downtown, where you finish across the pedestrian only bridge to finish right where you started.

The Walnut Street Bridge has been closed for repairs for some time, so it was quite nice that they opened it to allow runners across. The first three and last bridge were the most obvious and iconic bridges for this race, and so I think the other three, it was hard to understand what was a bridge. At one point you are on an elevated board walk through the trees and the park - so was that a bridge? I didn’t closely review what the bridges were and so I didn’t capture each one, but I think o have a nice video of the four main bridges.

Aid stations were pretty good through out the race, well stocked and everyone was so nice.

**Miles 1-4**

This first part was simply wet. This first part is magical for the three bridges you run - but honestly it was so dark and wet, it was hard to really see. The first bridge had a great view of the Tennessee Aquarium, and its bright lights helped us make out some of the city. The inclines for these bridges were not too bad. Once you get back to the southern side of the river, you hit mile 4 and are off east.

**Miles 4-15**

These miles are the first few spent on some greenways through East Chattanooga. Before the greenways, you run along Riverside Drive, and I was floored when I saw the Good Morning Chattanooga sign with the water company 1 this is so iconic of Chattanooga and brought back a lot of memories. Important to note, Riverside is not exactly by the river so you don’t get these views. I think this is good because (1) you aren’t traipsing the same course out and back, and (2) you get to see some cool sites in Chattanooga! The Tennessee River Greenway is the first bit of greenway you enter, and it was beautiful.

You keep going north along the river until you hit the South Chickamauga Creek Greenway, and this is a long part that takes you up a boardwalk in the trees. Unfortunately, due to the rain earlier is this race, the boardwalk was pretty slick and I had to demonstrate some careful navigating.

**Miles 15-25**

Mile 15 is essentially around the turn around point, and you just reverse through the last 9 miles - and I think while I usually don’t like out and backs, this one you just get to spend in some beautiful natural trees and woods, and so it is truly worth it.

Just past mile 23, you split from the original course to go alongside the Tennessee River - and as I reflect on the course - and it is gorgeous with downtown views coming into sight as you make the way back downtown.

The run alongside the river is really great, it’s mostly paved so no more worrying about slipping on the wood. At some point the river side path breaks up to the Bluff View Arts district, a cute area with some fancy restaurants and a great museum, and it leads over to the Walnut Street Bridge, which is exclusively for pedestrians. It has also been undergoing construction, so it was nice of them to let the runners come through for the marathon.

**Miles 25-26.2**

This final mile is run over the final bridge, and the bridge was not too bad – it is clear why it is currently closed, the boardwalk was a bit rickety and uneven, which made it a little tricky to run over. For me, this was clear nostalgia – I spent many nights on this bridge, and there is something special about returning many, many years later as a runner. There isn’t much of an incline as it kind of runs from the bluff, but then you have a descent into the north side road, and you run through the street, and make a right down into the park – with a wonderful hill that gives you quite a run into the finish.

**Post Race Experience and Meal**

The finish line was great and small – immediately handed medal, some water, some banana, and everyone was so pleasant. The rain was far gone by this point, and so it was a nice little atmosphere. My family was at the finish, which was great to see and meet up. They had a lot of food trucks around, and it was nice – we got moving as we had to check out.

Post race was biscuits and gravy and some chicken – it was delicious and a feel good recovery meal – not sure if it’s the healthiest, but when in the South, you have to have some good biscuits, gravy, and fried chicken.

**Costs**

*Total:* $1,786.52  
*Race Fee*: $65  
*Accommodations, hotel:* $394.58  
*Car Rental:* $0  
*AirFare:* $1,326.94  
*Food:* $0

  
My flights were absolutely inflated for this - I should claim just one, I had to book one ways and dates kept changing, so I think I ultimately paid much more than I should have due to some work obligations.",race review 7 bridges chattanooga marathon october 19 2025 race information race location my distance seven bridges marathon chattanooga tn 26 2 mi 42 2km date distances offered website october 19 2025 26 2 mi 42 2km and 13 1 mi 21 1km 7 bridges marathon registration my time did the puppet run entry opened soon after marathon finished bibs purchasable up to the date of race 4 45 46 n a my goals goal description completed 1 finish yes 2 take it easy yes conditions the conditions for this race starting out a bit rough it was a little cooler and rainy very rainy i was excited to have family spectating but the rain prevented them from being able to come out it rained pretty heavily before start at 7 00am then continued to go for another hour and a half or so while it calmed down to a mist it didn t really quite stop until a bit later in the race this race also started warm at about just under 60 f 16 c the temperature creeped up as the day went on eventually hitting its high of 75 f 24 c around 1 00pm luckily i finished when it was just about 72 f 22 c pretty warm conditions but the course was beautiful one difficult thing about these conditions is that a large portion of the course is an out and back on these boardwalk structures that go through a beautiful park so while absolutely beautiful there was some slight slipping at various parts due to the type of terrain on the course race day kit brooks ghost 18 weatherized these are amazing shoes the weatherized really kept my feet dry through most of the race no irritation at all and maybe just a little seep through but nothing notable for running about 1 5 hours in the rain my feet did not feel uncomfortable at all i wore teal nike shorts feetures socks my burning man 2025 shirt amphipod belt with gus and my 50th anniversary nyc marathon visor obviously some rain gear might have been beneficial but i survived i think i felt wet throughout training last race august 26 2025 50k total runs 15 total miles km 103 79 167k training sounds better for this race than a few others in this second part of the year but honestly it s still not quite a lot but my timing wasn t terrible given the rain i had a long run just a week before this one so was really pushing myself with long runs in this period nyc two weeks after this one most of the training runs were almost exclusively in nyc except a few where i was in buffalo for work race strategy honestly no strategy here this race was a deferment from last year and i was really ramping up the nyc marathon so my approach was pretty slow and easy for this one i didn t know what kind of run walk strategy i would take and honestly didn t really think of one i walked quite a bit and i think i attempted some longer runs then to walk but i also just had no strategy my mind didn t think about it and so i just wanted to finish and not hurt myself expo and gear the expo was quite small this was a nice little afternoon in coolidge park by the river the organizers had tents and they were selling a few things pick up was quite easy and quick not a lot of fanfare or things to see and the only gear i got was a sticker for 26 2 cha that felt appropriate given it s my hometown race review the hallmark of this race is running over seven bridges in chattanooga tennessee this race is sponsored by the seventh day adventist church in the area and hence the focus on seven bridges i believe the church is a sponsor primarily and it had branding but there were no visible attempts at converting anyone i knew quite a few seventh day adventors in high school as where i grew up was right by where they congregated fun fact little debbie the snack cake company is seventh day adventist however there wasn t much in terms of little debbie snack cakes at this race nor were there any moon pies weird i think this course is pretty gorgeous and it is significantly better than the chattanooga marathon held in march which is more condensed in the downtown area near erlanger hospital and it appears to have zero bridges the course had some great and clear bridges at the start it was fun to count and try to record these and these were obvious bridges you start on the north side of the tennessee river and go to the south side via the first bridge then loop back north for the second bridge then run through north chattanooga till you get to the farthest east bridge then you cross to the south side and run east along the river through this amazing park that runs nearly to the chattanooga airport and then you turn around and run back to downtown where you finish across the pedestrian only bridge to finish right where you started the walnut street bridge has been closed for repairs for some time so it was quite nice that they opened it to allow runners across the first three and last bridge were the most obvious and iconic bridges for this race and so i think the other three it was hard to understand what was a bridge at one point you are on an elevated board walk through the trees and the park so was that a bridge i didn t closely review what the bridges were and so i didn t capture each one but i think o have a nice video of the four main bridges aid stations were pretty good through out the race well stocked and everyone was so nice miles 1 4 this first part was simply wet this first part is magical for the three bridges you run but honestly it was so dark and wet it was hard to really see the first bridge had a great view of the tennessee aquarium and its bright lights helped us make out some of the city the inclines for these bridges were not too bad once you get back to the southern side of the river you hit mile 4 and are off east miles 4 15 these miles are the first few spent on some greenways through east chattanooga before the greenways you run along riverside drive and i was floored when i saw the good morning chattanooga sign with the water company 1 this is so iconic of chattanooga and brought back a lot of memories important to note riverside is not exactly by the river so you don t get these views i think this is good because 1 you aren t traipsing the same course out and back and 2 you get to see some cool sites in chattanooga the tennessee river greenway is the first bit of greenway you enter and it was beautiful you keep going north along the river until you hit the south chickamauga creek greenway and this is a long part that takes you up a boardwalk in the trees unfortunately due to the rain earlier is this race the boardwalk was pretty slick and i had to demonstrate some careful navigating miles 15 25 mile 15 is essentially around the turn around point and you just reverse through the last 9 miles and i think while i usually don t like out and backs this one you just get to spend in some beautiful natural trees and woods and so it is truly worth it just past mile 23 you split from the original course to go alongside the tennessee river and as i reflect on the course and it is gorgeous with downtown views coming into sight as you make the way back downtown the run alongside the river is really great it s mostly paved so no more worrying about slipping on the wood at some point the river side path breaks up to the bluff view arts district a cute area with some fancy restaurants and a great museum and it leads over to the walnut street bridge which is exclusively for pedestrians it has also been undergoing construction so it was nice of them to let the runners come through for the marathon miles 25 26 2 this final mile is run over the final bridge and the bridge was not too bad it is clear why it is currently closed the boardwalk was a bit rickety and uneven which made it a little tricky to run over for me this was clear nostalgia i spent many nights on this bridge and there is something special about returning many many years later as a runner there isn t much of an incline as it kind of runs from the bluff but then you have a descent into the north side road and you run through the street and make a right down into the park with a wonderful hill that gives you quite a run into the finish post race experience and meal the finish line was great and small immediately handed medal some water some banana and everyone was so pleasant the rain was far gone by this point and so it was a nice little atmosphere my family was at the finish which was great to see and meet up they had a lot of food trucks around and it was nice we got moving as we had to check out post race was biscuits and gravy and some chicken it was delicious and a feel good recovery meal not sure if it s the healthiest but when in the south you have to have some good biscuits gravy and fried chicken costs total 1 786 52 race fee 65 accommodations hotel 394 58 car rental 0 airfare 1 326 94 food 0 my flights were absolutely inflated for this i should claim just one i had to book one ways and dates kept changing so i think i ultimately paid much more than i should have due to some work obligations,0.9998,positive,0.9998,https://www.reddit.com/r/running/comments/1pw8g0u/race_review_7_bridges_chattanooga_marathon/,nike,,,,1pw8g0u,running
Nike,reddit,streetwear,2025-12-11 00:00:00+00:00,"🦇

Top : Weekday scuba hoodie

Top : Uniqlo long sleeve

Bottoms : No label jeans

Trainers : Nike shox

Accessories : Stussy ribcage  keychain 

Accessories : Dropdead carabiner

Accessories : Thomas Sabo rings

Accessories : Thrifted leather belt

Hat : Arcteryx toque beanie",top weekday scuba hoodie top uniqlo long sleeve bottoms no label jeans trainers nike shox accessories stussy ribcage keychain accessories dropdead carabiner accessories thomas sabo rings accessories thrifted leather belt hat arcteryx toque beanie,0.1027,positive,0.1027,https://www.reddit.com/r/streetwear/comments/1pvc0kw/_/,nike,,,,1pvc0kw,streetwear
Nike,reddit,running,2025-12-12 00:00:00+00:00,"Tuesday Shoesday

Shoes are a big topic in this sub, so in an effort to condense and collect some of these posts, we're introducing **Shoesday Tuesday**!  Similar to Wednesday's gear thread, but focusing on shoes.  

What’ve you been wearing on your feet? Anything fun added to the rotation? Got a review of a new release? Questions about a pair that’s caught your eye? Here's the place to discuss.

 *NOTE: For you Runnitors looking to sell/trade any running gear (as well as bib transfers), head over to /r/therunningrack.*",tuesday shoesday shoes are a big topic in this sub so in an effort to condense and collect some of these posts we re introducing shoesday tuesday similar to wednesday s gear thread but focusing on shoes what ve you been wearing on your feet anything fun added to the rotation got a review of a new release questions about a pair that s caught your eye here s the place to discuss note for you runnitors looking to sell trade any running gear as well as bib transfers head over to r therunningrack,0.8538,positive,0.8538,https://www.reddit.com/r/running/comments/1ptmfcp/tuesday_shoesday/,nike running shoes,,,,1ptmfcp,running
Nike,reddit,running,2025-12-13 00:00:00+00:00,"Where does the 300-mile-limit for shoes come from?

I mean, is there actual research behind modern shoes mileage limit? Or is it just to sell more shoes?
I'm currently running two road pairs at \~1000km (daily trainer and another carbon plated) + one barefoot trail pair at 100km, and I don't feel the loss in response. I know I'm biased since I don't have a new pair to compare, but I'd like to hear some opinions on the matter.",where does the 300 mile limit for shoes come from i mean is there actual research behind modern shoes mileage limit or is it just to sell more shoes i m currently running two road pairs at 1000km daily trainer and another carbon plated one barefoot trail pair at 100km and i don t feel the loss in response i know i m biased since i don t have a new pair to compare but i d like to hear some opinions on the matter,0.5955,positive,0.5955,https://www.reddit.com/r/running/comments/1po61r8/where_does_the_300milelimit_for_shoes_come_from/,nike running shoes,,,,1po61r8,running
Nike,reddit,streetwear,2025-12-13 00:00:00+00:00,"🌓

Orbitgear explorer jacket 
Nike sling bag in champagne gold
Nike ISPA pants in photon dust
Hoka one one mafate 2 in eucalyptus/putty",orbitgear explorer jacket nike sling bag in champagne gold nike ispa pants in photon dust hoka one one mafate 2 in eucalyptus putty,0.296,positive,0.296,https://www.reddit.com/r/streetwear/comments/1pesr1h/_/,nike,,,,1pesr1h,streetwear
Nike,reddit,running,2025-12-14 00:00:00+00:00,"Tuesday Shoesday

Shoes are a big topic in this sub, so in an effort to condense and collect some of these posts, we're introducing **Shoesday Tuesday**!  Similar to Wednesday's gear thread, but focusing on shoes.  

What’ve you been wearing on your feet? Anything fun added to the rotation? Got a review of a new release? Questions about a pair that’s caught your eye? Here's the place to discuss.

 *NOTE: For you Runnitors looking to sell/trade any running gear (as well as bib transfers), head over to /r/therunningrack.*",tuesday shoesday shoes are a big topic in this sub so in an effort to condense and collect some of these posts we re introducing shoesday tuesday similar to wednesday s gear thread but focusing on shoes what ve you been wearing on your feet anything fun added to the rotation got a review of a new release questions about a pair that s caught your eye here s the place to discuss note for you runnitors looking to sell trade any running gear as well as bib transfers head over to r therunningrack,0.8538,positive,0.8538,https://www.reddit.com/r/running/comments/1pnujec/tuesday_shoesday/,nike running shoes,,,,1pnujec,running
Nike,reddit,running,2025-12-14 00:00:00+00:00,"Valencia Marathon Race Report (3:13:33) – Making lemonade

# Race Information

* **Name:** Valencia Marathon
* **Date:** December 7, 2025
* **Distance:** 42.2 kilometres
* **Location:** Valenica, Spain
* **Website:** [https://www.valenciaciudaddelrunning.com/en/marathon/maraton/](https://www.valenciaciudaddelrunning.com/en/marathon/maraton/)
* **Strava:** [https://www.strava.com/activities/16673873151/overview](https://www.strava.com/activities/16673873151/overview)
* **Time:** 3:13:33

# Goals

|Goal|Description|Completed?|
|:-|:-|:-|
|A|Sub 3:31|*Yes*|
|B|Sub 3:15|*Yes*|
|C|Sub 3:10|*No*|

# Splits

|Kilometer|Time|
|:-|:-|
|1|4:41|
|2|4:31|
|3|4:25|
|4|4:24|
|5|4:26|
|6|4:30|
|7|4:27|
|8|4:25|
|9|4:25|
|10|4:22|
|11|4:26|
|12|4:23|
|13|4:26|
|14|4:22|
|15|4:15|
|16|4:15|
|17|4:22|
|18|4:22|
|19|4:23|
|20|4:20|
|21|4:21|
|22|4:27|
|23|4:29|
|24|4:34|
|25|4:28|
|26|4:31|
|27|4:38|
|28|4:43|
|29|4:44|
|30|4:40|
|31|4:42|
|32|4:52|
|33|4:48|
|34|5:00|
|35|5:05|
|36|5:00|
|37|4:56|
|38|4:48|
|39|4:49|
|40|4:48|
|41|4:46|
|42|4:36|
|.2|1:18|

# Background

Me: 42-year-old male, running for 2.5 years. 193cm, 86kg.

Current PBs: 5K 19:34, 10k 40:54, HM 1:28, Marathon 3:13

I ran my first marathon in London in April, in a time of 3:31:33. I then had surgery to remove my appendix in May. Are these two things related? According to the surgeon who laughed when I asked him about, no.

I ran very easy in June/July before beginning a 20-week block for Valencia. Being my second block of the year, I could have done fewer weeks, but I wanted a slow ramp up to the race after taking basically the whole of May off. On reflection, this may have been overkill.

Post-surgery I followed sub-threshold/NSA training principles, building up to 4 easy runs a week, limited to 70% of my Max HR, and 3 sessions with sub-threshold intervals. The adaptation I made (based on common wisdom) was to put one of these sub-T sessions in my Saturday long run, so each 2h30m run had a block of faster mileage included, which I gradually increased through the block.

A note on weight: I also dropped from 100kg to 86kg over the course of the block. I did this by tracking calories and leaving a slight deficit (I stopped doing this during the last month of the block). I simply felt too heavy in London, and wanted to race lighter this time.

# Training

The mantra this block was consistent mileage. I ran over 80km for the first 16 weeks of the block (more on this below), and over 90km in 10 of those weeks. I progressed well for the first 12 weeks, running accidental PBs in almost every distance during training runs.

I also ran a few personal bests on purpose, including my first sub-20 minute 5k in 20 years, and my Half-Marathon PB in 1:28 in Cardiff, a 10 minute improvement.

The next 4 weeks everything got faster. I was so fit that my easy paces at 70% of Max HR were below 4:50/km. Instead of keeping my easy paces between 5:40-6:00/km, I sped them up to match my HR effort, and to help fit in the extra mileage I was pushing for.

This, coupled with very little in the way of strength training, laid the foundation for what came next.

By week 13 my 1km interval pace dropped to 3:56/km, and my 3km interval pace was 4:08/km, again this was at sub-T, not all out. My long runs were also incredibly consistent. I ran over 20 miles (32km) six times, which I only managed once before London Marathon. I ran over 30km on ten separate occasions. Summer really makes a difference to a marathon block.

Then the weather turned and the bottom fell out of my training plan.

At the beginning of week 15, my left achilles tendon started to feel tight and sore. Rather than let it rest, I immediately loaded the tendon with low reps of eccentric and isometric calf raises with very heavy weight.

This made the tendon feel great and meant I could run pain free or in the 1-2/10 range most days. I managed to finish week 15 &amp; 16 (peak week, 110km) this way. 

But I was also causing myself further injury. By jumping to a heavy weight instead of gradually loading the tendon, I pissed off the achilles insertion points on the medial side of both of my heels. Nice one, dickhead.

To help it calm down I backed off the weight and began cross training every other day. I did my interval runs on the treadmill (flat is good for achilles tendinopathy), and used a Zero Runner (elliptical) for my easy runs. Running slow wasn't a problem, but anytime I got up towards goal marathon pace (4:15 or faster), the tendon immediately started to get upset.

Weeks 17 and 18 I managed to trade-off running and cross training. I considered this an early taper, trying to keep some pace work on interval days but my equivalent long runs – 2h30m on an elliptical — were all at easier efforts.

Week 19 was all cross training. Week 20, the week of the race, I cross-trained and managed 3 short runs at very easy paces without pain (shout out to EJ, my physio for the confidence boost)

After taper, my Runalyse prediction had gone from 3:01 to 3:08. My Stryd footpod had gone from 3:08 (+/- 3mins) to 3:16 (+/- 3mins).

# Pre-race

Is it sensible to run a marathon with achilles tendinopathy? No. But I was over £1000+ in the red thanks to flights, accommodation and race entry. Not to mention shoes, gels, and nutrition. I knew my fitness was good, so I got on the plane and hoped for the best.

I didn't know how long the achilles would hold up in the race, and didn't enjoy the prospect of running for 3+ hours in a lot of pain. I decided I would stop running if the pain went above a 5/10, and downgraded my sights from an unadjusted BQ (sub 3:05), to a PR (sub 3:31).

The morning of the race I woke up at 4:30am and topped off my carbs with 2 pots of instant porridge oats and a Maurten 320. I'd done a 3 day carb load at 800gm+ per day, and was feeling good about it, if a little full. Trusting that feeling, I skipped my scheduled bagel.

For London, my carb load left me overly bloated with a sensitive gut during the race, so this time I reduced my intake from 12g per kg of bodyweight to around 10g per kg. 

I prioritised rice, oats, and gluten-free pasta, along with Maurten 320s, rather than my previous approach of ""any carb counts,"" which meant relying too heavily on sugary cereals, cookies and candy.

The microwave rice pouch is a game changer, and I'd recommend it for travel when cooking options are limited.

The buses in Valencia weren't running, at least not the route myself and many others were trying to take. My friend Tom and I got an Uber instead, which would have got us to the start line in plenty of time if I hadn't left my phone in it!

Several minutes of panic ensued, trying to get a call through to the driver (thankfully Tom had booked the ride and had his number), and after three dropped calls, I managed to get through. The relief was quickly tempered by the fact he was 1km away.

I wasn't planning to do a warm up run, hoping to stay off my feet and rest the tendon as much as possible, but marathons rarely go exactly to plan. I dodged, dipped, ducked, dived, and dodged through crowds of runners and managed to retrieve my phone.

There were a very small number of portaloos available and I'm not proud of the very massive piss (in excess of two minutes, possibly approaching three) that I took against the concrete wall of a municipal building in downtown Valencia.

But needs must, and like they say after a riot, presumably: everyone else was doing it, your honour.

I walked to the poorly sign-posted corral by following the orange-coloured bibs of other runners. Upon entering the pen I saw Kofuzi warming up, and said a very quick hello. Very nice chap.

I did my warm ups, slapped on some sunscreen, downed a Precision PF 30 with caffeine, and played a few hype songs on my Airpods. Game on.

A note on the weather: much in the way water is wet, Spain be hot. And Valencia was planning on being historically hot, with forecasts in the low 20s Celsius. When I ran London it was also in the low 20s. I struggled badly in the heat that day, as did many others. I taped extra salt pills to my PF30 gels and also added sodium to my hand bottle, just in case.

# 1-14km

Gun time was just after 8:40am and temperatures were still in the mid-teens Celsius. There was a generous and welcome breeze, and unlike in windswept Cardiff, it was strong enough to cool but not to slow.

First kilometre I went out very easy. I was wearing the same ASICS Metaspeed Sky Tokyos that I'd PR'd in in Cardiff (albeit with a new notch cut out of the heel counter to give my achilles some breathing room).

I settled into a pace around the 4:25 mark, and for the first hour I ran calm, cool and collected. This was a genuinely pleasant pace, more in line with my training paces on my long runs. If I'd been fully healthy, I would have tried to pace the first hour the exact same way.

My fuelling strategy, which was the same as Cardiff, was a gel every 20 mins, or 90g of carbs per hour. That's ten gels, and two spares. I may be 12kg lighter than I was in London, but I'm still a sizeable unit, and moving this much me that far needs proper fuel.

I also planned on taking on 500mg of salt per hour, in the form of 250mg Precision sodium pills. I've run with these taped to my gels many times over the past few years (a strategy I picked up from Eric Floberg).

This strategy worked perfectly, as I'd expected from a well-tested approach. I managed to take in all 10 gels on time, without dropping any, though I skipped out on a couple of salt tabs in the third hour, more on that later.

A note on pain: I started feeling my achilles from about 6-7km. When I say feeling it, I mean a sensation, rather that pain. It wasn't annoyed yet, but it was starting to talk to me.

# 14-28km

I hit 14km just after the hour mark, right on schedule. Still breathing easy, still running easy, but becoming slowly more aware of my achilles.

This is where, with two working legs, I would have pushed toward goal pace and stayed there for the next hour. And I tried, hitting the next two splits at 4:15/km, but thought better of it because it wasn't that day.

Around 10am, with roughly 1hr20 elapsed, I popped 2 paracetamol I'd brought with me, hoping they'd dampen the pain to come, confident that they wouldn't upset my stomach (they didn't).

10am is also when I started feeling the heat. I watched as the degrees rose each time I passed one of the digital displays lining the course. I hugged the tangent line and hoped it wouldn't be a scorcher.

I came through the half in 1:33, bang on target for the sub 3:10.

This is where the race got hard. Whether my push to 4:15 had upset my tendons, or whether there was a slight change in incline, or if the tendon had just hit its limit after an hour and a half of running, something changed.

My pace slipped by five seconds a kilometer, then ten. My left achilles was getting very sore, and the back of my right calf, which was compensating for the left, was noticeably struggling. My lungs felt fine, my HR was in the right place. I was just losing power. After moving so well for so long, everything was starting to fall apart.

It was like one of those dreams where you need to run but you can't make your body do it. I gritted my teeth and gutted it out as best I could.

I focused on what I could control. I started alternating bouts of heel striking with my usual forefoot strike to try and provide some relief. I focused on hitting my gels on time. I refilled my hand bottle with water from the course. I nursed the tangent line.

What I didn't do was put in my Airpods and hit play on my last 10km playlist. I wanted to, more than anything. But I knew if I played that card now, I'd be struggling in the last few miles once the hype wore off. I had to save it.

I was now being passed every few seconds. I kept my eyes on the road ahead, and focused on moving forward by any means necessary.

# 28-42.2km

There are surprisingly few photos of me grimacing in agony. The pain seemed to hit a five out of ten and stay there. It's sort of like getting a tattoo: A constant, gnawing pain you have to live with for hours. You learn to live with it. You chose to do it, and it sucks, but it'll be over soon and you'll have a sweet tattoo (or medal) to show for it.

As a wise man once said: Pain is temporary, chicks dig scars, glory lasts forever.

Two things happened next. At 30km, I put my Airpods in and transcended reality with a series of stone cold bangers designed to hype me, specifically, out of my damn mind. I wasn't running any faster, in fact, I was still slowing down. But damn if I didn't feel better.

Then I passed the 32km mark in 2:25. This was a significant moment, because I knew if my achilles could just hang on, I'd be in line for a PR. Not only a PR, a big one. Because if I was doing my maths right, the sub-3:15 was still on. I just had to make my legs turnover somehow.

I tried to focus on what did work. My lungs were fresh. My heart was fine. I might not have had the wheels, but I had the engine. I just had to keep moving.

Between 30-40km, I averaged 4:54/km. Slower than my low HR easy paces in training, but faster than my overall London Marathon average pace.

Then I noticed that despite my troubles, I wasn't just being passed: I was passing others. Yes, I'm I was pain, but I was moving better than those runners were. That, and the music, is what got me through.

Another saving grace was the weather. The temperature was high, but there was a much cooler air feel owing to the breeze and the amount of shade on the course. I skipped my final salt two salt tabs since I wasn't sweating manically.

The last couple of kilometres I was scanning for a mile marker, too scared to look at my watch. With the crowds lining the streets growing in number and voice, I knew we were closing in. Then a sign: 900m to go. Then 800m. Everyone picked up a step.

As we entered the City of Arts and Sciences, with the finish line in sight and Faith No More battering my eardrums, I gathered myself and closed, somehow, in a sprint.

I crossed the line in 3:13:33. An 18-minute personal best. From Out of Nowhere.

# Post-race

Race directors, please don't make the people who just ran a marathon walk another 5km to get to the meeting area. If you are a race director and have a good excuse for this, I'm here to tell you that you, in fact, don't.

I hobbled forward as best as I could to collect my medal. I could barely move. A moment ago I was sprinting and now every step was agony. I shed a tear from the effort. I nearly lost the contents of my stomach at the sight of Powerade. 

After I found my wife and my friend Tom (who also ran a PR – 2:44:33!), we made our way to a cafe. I drank a beer and sank an order of fries. I felt better than I had after any of my long runs. I know I have so much more in the tank, and I'm excited to see what I can do next time.

Injury or no, the time you were training towards only exists in your head. There's a much more valuable time, out there on the course, waiting to be earned.

Made with a new [race report generator](http://sfdavis.com/racereports/) created by u/herumph.",valencia marathon race report 3 13 33 making lemonade race information name valencia marathon date december 7 2025 distance 42 2 kilometres location valenica spain website strava time 3 13 33 goals goal description completed a sub 3 31 yes b sub 3 15 yes c sub 3 10 no splits kilometer time 1 4 41 2 4 31 3 4 25 4 4 24 5 4 26 6 4 30 7 4 27 8 4 25 9 4 25 10 4 22 11 4 26 12 4 23 13 4 26 14 4 22 15 4 15 16 4 15 17 4 22 18 4 22 19 4 23 20 4 20 21 4 21 22 4 27 23 4 29 24 4 34 25 4 28 26 4 31 27 4 38 28 4 43 29 4 44 30 4 40 31 4 42 32 4 52 33 4 48 34 5 00 35 5 05 36 5 00 37 4 56 38 4 48 39 4 49 40 4 48 41 4 46 42 4 36 2 1 18 background me 42 year old male running for 2 5 years 193cm 86kg current pbs 5k 19 34 10k 40 54 hm 1 28 marathon 3 13 i ran my first marathon in london in april in a time of 3 31 33 i then had surgery to remove my appendix in may are these two things related according to the surgeon who laughed when i asked him about no i ran very easy in june july before beginning a 20 week block for valencia being my second block of the year i could have done fewer weeks but i wanted a slow ramp up to the race after taking basically the whole of may off on reflection this may have been overkill post surgery i followed sub threshold nsa training principles building up to 4 easy runs a week limited to 70 of my max hr and 3 sessions with sub threshold intervals the adaptation i made based on common wisdom was to put one of these sub t sessions in my saturday long run so each 2h30m run had a block of faster mileage included which i gradually increased through the block a note on weight i also dropped from 100kg to 86kg over the course of the block i did this by tracking calories and leaving a slight deficit i stopped doing this during the last month of the block i simply felt too heavy in london and wanted to race lighter this time training the mantra this block was consistent mileage i ran over 80km for the first 16 weeks of the block more on this below and over 90km in 10 of those weeks i progressed well for the first 12 weeks running accidental pbs in almost every distance during training runs i also ran a few personal bests on purpose including my first sub 20 minute 5k in 20 years and my half marathon pb in 1 28 in cardiff a 10 minute improvement the next 4 weeks everything got faster i was so fit that my easy paces at 70 of max hr were below 4 50 km instead of keeping my easy paces between 5 40 6 00 km i sped them up to match my hr effort and to help fit in the extra mileage i was pushing for this coupled with very little in the way of strength training laid the foundation for what came next by week 13 my 1km interval pace dropped to 3 56 km and my 3km interval pace was 4 08 km again this was at sub t not all out my long runs were also incredibly consistent i ran over 20 miles 32km six times which i only managed once before london marathon i ran over 30km on ten separate occasions summer really makes a difference to a marathon block then the weather turned and the bottom fell out of my training plan at the beginning of week 15 my left achilles tendon started to feel tight and sore rather than let it rest i immediately loaded the tendon with low reps of eccentric and isometric calf raises with very heavy weight this made the tendon feel great and meant i could run pain free or in the 1 2 10 range most days i managed to finish week 15 amp 16 peak week 110km this way but i was also causing myself further injury by jumping to a heavy weight instead of gradually loading the tendon i pissed off the achilles insertion points on the medial side of both of my heels nice one dickhead to help it calm down i backed off the weight and began cross training every other day i did my interval runs on the treadmill flat is good for achilles tendinopathy and used a zero runner elliptical for my easy runs running slow wasn t a problem but anytime i got up towards goal marathon pace 4 15 or faster the tendon immediately started to get upset weeks 17 and 18 i managed to trade off running and cross training i considered this an early taper trying to keep some pace work on interval days but my equivalent long runs 2h30m on an elliptical were all at easier efforts week 19 was all cross training week 20 the week of the race i cross trained and managed 3 short runs at very easy paces without pain shout out to ej my physio for the confidence boost after taper my runalyse prediction had gone from 3 01 to 3 08 my stryd footpod had gone from 3 08 3mins to 3 16 3mins pre race is it sensible to run a marathon with achilles tendinopathy no but i was over 1000 in the red thanks to flights accommodation and race entry not to mention shoes gels and nutrition i knew my fitness was good so i got on the plane and hoped for the best i didn t know how long the achilles would hold up in the race and didn t enjoy the prospect of running for 3 hours in a lot of pain i decided i would stop running if the pain went above a 5 10 and downgraded my sights from an unadjusted bq sub 3 05 to a pr sub 3 31 the morning of the race i woke up at 4 30am and topped off my carbs with 2 pots of instant porridge oats and a maurten 320 i d done a 3 day carb load at 800gm per day and was feeling good about it if a little full trusting that feeling i skipped my scheduled bagel for london my carb load left me overly bloated with a sensitive gut during the race so this time i reduced my intake from 12g per kg of bodyweight to around 10g per kg i prioritised rice oats and gluten free pasta along with maurten 320s rather than my previous approach of any carb counts which meant relying too heavily on sugary cereals cookies and candy the microwave rice pouch is a game changer and i d recommend it for travel when cooking options are limited the buses in valencia weren t running at least not the route myself and many others were trying to take my friend tom and i got an uber instead which would have got us to the start line in plenty of time if i hadn t left my phone in it several minutes of panic ensued trying to get a call through to the driver thankfully tom had booked the ride and had his number and after three dropped calls i managed to get through the relief was quickly tempered by the fact he was 1km away i wasn t planning to do a warm up run hoping to stay off my feet and rest the tendon as much as possible but marathons rarely go exactly to plan i dodged dipped ducked dived and dodged through crowds of runners and managed to retrieve my phone there were a very small number of portaloos available and i m not proud of the very massive piss in excess of two minutes possibly approaching three that i took against the concrete wall of a municipal building in downtown valencia but needs must and like they say after a riot presumably everyone else was doing it your honour i walked to the poorly sign posted corral by following the orange coloured bibs of other runners upon entering the pen i saw kofuzi warming up and said a very quick hello very nice chap i did my warm ups slapped on some sunscreen downed a precision pf 30 with caffeine and played a few hype songs on my airpods game on a note on the weather much in the way water is wet spain be hot and valencia was planning on being historically hot with forecasts in the low 20s celsius when i ran london it was also in the low 20s i struggled badly in the heat that day as did many others i taped extra salt pills to my pf30 gels and also added sodium to my hand bottle just in case 1 14km gun time was just after 8 40am and temperatures were still in the mid teens celsius there was a generous and welcome breeze and unlike in windswept cardiff it was strong enough to cool but not to slow first kilometre i went out very easy i was wearing the same asics metaspeed sky tokyos that i d pr d in in cardiff albeit with a new notch cut out of the heel counter to give my achilles some breathing room i settled into a pace around the 4 25 mark and for the first hour i ran calm cool and collected this was a genuinely pleasant pace more in line with my training paces on my long runs if i d been fully healthy i would have tried to pace the first hour the exact same way my fuelling strategy which was the same as cardiff was a gel every 20 mins or 90g of carbs per hour that s ten gels and two spares i may be 12kg lighter than i was in london but i m still a sizeable unit and moving this much me that far needs proper fuel i also planned on taking on 500mg of salt per hour in the form of 250mg precision sodium pills i ve run with these taped to my gels many times over the past few years a strategy i picked up from eric floberg this strategy worked perfectly as i d expected from a well tested approach i managed to take in all 10 gels on time without dropping any though i skipped out on a couple of salt tabs in the third hour more on that later a note on pain i started feeling my achilles from about 6 7km when i say feeling it i mean a sensation rather that pain it wasn t annoyed yet but it was starting to talk to me 14 28km i hit 14km just after the hour mark right on schedule still breathing easy still running easy but becoming slowly more aware of my achilles this is where with two working legs i would have pushed toward goal pace and stayed there for the next hour and i tried hitting the next two splits at 4 15 km but thought better of it because it wasn t that day around 10am with roughly 1hr20 elapsed i popped 2 paracetamol i d brought with me hoping they d dampen the pain to come confident that they wouldn t upset my stomach they didn t 10am is also when i started feeling the heat i watched as the degrees rose each time i passed one of the digital displays lining the course i hugged the tangent line and hoped it wouldn t be a scorcher i came through the half in 1 33 bang on target for the sub 3 10 this is where the race got hard whether my push to 4 15 had upset my tendons or whether there was a slight change in incline or if the tendon had just hit its limit after an hour and a half of running something changed my pace slipped by five seconds a kilometer then ten my left achilles was getting very sore and the back of my right calf which was compensating for the left was noticeably struggling my lungs felt fine my hr was in the right place i was just losing power after moving so well for so long everything was starting to fall apart it was like one of those dreams where you need to run but you can t make your body do it i gritted my teeth and gutted it out as best i could i focused on what i could control i started alternating bouts of heel striking with my usual forefoot strike to try and provide some relief i focused on hitting my gels on time i refilled my hand bottle with water from the course i nursed the tangent line what i didn t do was put in my airpods and hit play on my last 10km playlist i wanted to more than anything but i knew if i played that card now i d be struggling in the last few miles once the hype wore off i had to save it i was now being passed every few seconds i kept my eyes on the road ahead and focused on moving forward by any means necessary 28 42 2km there are surprisingly few photos of me grimacing in agony the pain seemed to hit a five out of ten and stay there it s sort of like getting a tattoo a constant gnawing pain you have to live with for hours you learn to live with it you chose to do it and it sucks but it ll be over soon and you ll have a sweet tattoo or medal to show for it as a wise man once said pain is temporary chicks dig scars glory lasts forever two things happened next at 30km i put my airpods in and transcended reality with a series of stone cold bangers designed to hype me specifically out of my damn mind i wasn t running any faster in fact i was still slowing down but damn if i didn t feel better then i passed the 32km mark in 2 25 this was a significant moment because i knew if my achilles could just hang on i d be in line for a pr not only a pr a big one because if i was doing my maths right the sub 3 15 was still on i just had to make my legs turnover somehow i tried to focus on what did work my lungs were fresh my heart was fine i might not have had the wheels but i had the engine i just had to keep moving between 30 40km i averaged 4 54 km slower than my low hr easy paces in training but faster than my overall london marathon average pace then i noticed that despite my troubles i wasn t just being passed i was passing others yes i m i was pain but i was moving better than those runners were that and the music is what got me through another saving grace was the weather the temperature was high but there was a much cooler air feel owing to the breeze and the amount of shade on the course i skipped my final salt two salt tabs since i wasn t sweating manically the last couple of kilometres i was scanning for a mile marker too scared to look at my watch with the crowds lining the streets growing in number and voice i knew we were closing in then a sign 900m to go then 800m everyone picked up a step as we entered the city of arts and sciences with the finish line in sight and faith no more battering my eardrums i gathered myself and closed somehow in a sprint i crossed the line in 3 13 33 an 18 minute personal best from out of nowhere post race race directors please don t make the people who just ran a marathon walk another 5km to get to the meeting area if you are a race director and have a good excuse for this i m here to tell you that you in fact don t i hobbled forward as best as i could to collect my medal i could barely move a moment ago i was sprinting and now every step was agony i shed a tear from the effort i nearly lost the contents of my stomach at the sight of powerade after i found my wife and my friend tom who also ran a pr 2 44 33 we made our way to a cafe i drank a beer and sank an order of fries i felt better than i had after any of my long runs i know i have so much more in the tank and i m excited to see what i can do next time injury or no the time you were training towards only exists in your head there s a much more valuable time out there on the course waiting to be earned made with a new race report generator created by u herumph,0.9996,positive,0.9996,https://www.reddit.com/r/running/comments/1pnxenj/valencia_marathon_race_report_31333_making/,nike running shoes,,,,1pnxenj,running
Nike,reddit,running,2025-12-15 00:00:00+00:00,"Race Report - 2025 Phoenix Half Marathon (45M Assesses Potential for Sub-3:00 Marathon in 2026)

### Race Information
* **Name:** Phoenix Half Marathon 
* **Date:** December 13, 2025
* **Distance:** 13.1
* **Location:** Phoenix, AZ
* **Website:** https://phxmarathon.com
* **Strava:** https://www.strava.com/athletes/43172262
* **Time:** 1:28:53

### Goals
| Goal | Description | Completed? |
|------|-------------|------------|
| A | Sub 1:28:00 | *No* |
| B | Sub 1:29:00 | *Yes* |
| C | Sub 1:30:35 | *Yes* |

### Splits
| Mile | Time |
|------|------|
| 1 | 6:46
| 2 | 6:56
| 3 | 6:43
| 4 | 6:42
| 5 | 6:59
| 6 | 6:54
| 7 | 6:46
| 8 | 6:41
| 9 | 6:32
| 10 | 6:40
| 11 | 7:18
| 12 | 6:41
| 13 | 6:38
| 13.1 | 6:40

| 1st Half | 44:39
| 2nd Half | 44:13


### Background 

I am a 45-year-old man (150 lbs) with several years of casual running experience. I have run 9 half marathons and 3 full marathons over the course of the past 20 years. Now squarely in my mid-40s, I’ve decided to combat my mid-life crisis by trying to notch a few more PRs while I can.

I ran my first full marathon in NYC in November 2024 (3:26:31). I ran the REVEL White Mountains Marathon in May 2025 (3:07:39). My goal of a new PR at the 2025 Berlin Marathon was foiled by heat (finished at 3:20:15). 

Going into Phoenix, my PR in the half marathon was 1:30:35, which I claimed this summer during the best training run of my life.

This year I broke 20 minutes in the 5K and broke 40 minutes in the 10K. I decided to end my racing year in Phoenix to both seek redemption for Berlin and take crack that elusive 90-minute barrier in the half marathon. I also wanted to use the race to assess the feasibility of a sub-3:00 marathon attempt in 2026.

### Training

I followed slightly modified Pfitz 12/63 plan for this training block. I also dabbled with ChatGPT “coaching” to supplement the Pfitz plan. More on that below. 

I took a recovery week after Berlin with no running. That left 10 weeks (instead of the 12 contemplated in the Pfitz plan) to bounce back for a short-ish build toward this half marathon. I basically just started in Week 3, instead of Week 1. The plan included a bit more focus on threshold and speed work (1000m and 1200m intervals on a few occasions), and shorter long runs (peak was 16 miles). But I was over 60 miles for at least 4 weeks, which was a lot for me and actually more average weekly mileage than in my previous marathon builds. 

I trained based on an “A” goal time of 1:28:00. Here is a breakdown of the rough pacing I used as a guide during this short build based on my perceived level of fitness and goal time:

 Pace | Target Heart Rate | Minutes/Mile |
|------|-------------|------------|
| Marathon Pace | 82-88% Max HR | *7:00-7:09* |
| Half Marathon Pace | 82-90% Max HR | *6:43-6:56* |
| Lactate Threshold | 82-91% Max HR | *6:26-6:39* |
| Long Run | 75-85% Max HR | *7:46-8:29* |
| General Aerobic | 72-81% Max HR | *8:08-8:50* |
| Recovery | &lt;76% Max HR | *&gt;9:11* |

I paid more attention to heart rate than I have in the past. Unfortunately, with the onset of colder weather (I live in the northeast of the US) my Apple Watch became famously unreliable for this. That meant my primary metrics were pace and feel. 

I also did a better job slowing down during general aerobic and recovery runs. Probably still not as slow as many might recommend but I do think I’m trending in the right direction, trying to reserve higher intensity for speed days. That said, I did tend to infuse increased effort into long runs for which I frequently aimed for some kind of progression pacing. Because of that, my long runs were closer to 7:30-7:55/mile average. 

I did two “tune up” 10K runs that I tried to target near race pace—one 4 weeks out and one 2 weeks out. I broke 40:00 in each those, 39:35 and 39:45, respectively. Those efforts were helpful to boost confidence because I have to believe—rightly or wrongly—that I could go quicker under actual race conditions, as opposed to self-imposed “race-effort.”

The LT and interval workouts were challenging and *feel* like they helped build my fitness but I think I would prefer more half-marathon-pace work than the Pfitz plan contemplates. The only half-marathon-pace workout in the entire plan was the dress rehearsal during race week, where I did just two miles at race pace. I understand the theory that the quicker LT runs and interval sessions at 5K pace are meant to make half-marathon pace feel easier on race day. (And that certainly felt accurate for me on race day.) But without repeated half-marathon-pace workouts, I felt less accustomed to that rhythm and less confident about my ability to actually hold that theoretical pace on race day.

I tapered for approximately two weeks. As typical for me, I felt sluggish during the taper. Taper for me is also typically riddled with self-doubt. That was certainly the case again this time. Probably easier said than done, but it this is something I would like to mitigate in the future.

### Assessing Potential and Building Confidence - Pace Calculators and AI

Identifying training paces and potential for race paces are huge variables that cause me stress, confusion, and uncertainty. I use a very imprecise amalgamation of prior races, pacing calculators and charts (e.g., Pfitz, McMillan), VDOT calculators, Strava predictions, and my gut to determine what I think I am capable of for a given race at a given place and time in my life. All that is further confused by ongoing questions about what I can reasonably expect from the increasingly aging body of a masters runner. 

I also decided to add ChatGPT “coaching” into the mix. I was truly just experimenting and took much of it with a heavy grain of salt. Whenever a suggestion departed markedly from what I had already contemplated in the Pfitz plan, I stuck with Pfitz. 

What I liked:

- I was able to upload a bunch of historical data that helped lay a better foundation for who I am as a runner.

- I was able to upload data from individual workouts, which yielded some immediate feedback and a sounding board about what to make of that workout and whether it was consistent with my stated goal or if it signaled that I should consider modifications.

- I was able to plug in variations of the planned schedule to get a sense about what changes might or might not be wise.

- I *felt* like I was engaging with a coach that was invested in my training (even though, as noted below) that was far from reality. 

What I disliked:

- As has been widely reported, ChatGPT is annoyingly sycophantic. It almost always frames data or questions in the positive—suggesting that I am always doing everything right.

- It’s plans or proposals frequently change from day to day, which often required me to request clarification of the inconsistencies.

- Both of the above points made it made it very hard to give any weight to its responses to my questions or to any of its assessments about my fitness, potential, or feasibility of my goals.

My experience with the Strava Performance Predictions was similarly unsatisfying. For reasons I can’t explain, I feel invested in seeing the race prediction times fall but I’m convinced that, at least for me, they overestimate my potential at every distance. For example, in the weeks leading up to the half marathon, Strava consistently predicted 1:26:xx. Based on my performance in Phoenix, that feels pretty significantly out of reach at my current fitness level.

### Injury Prevention and Gear

Despite intentions to do more, I did only the bare minimum in terms of strength training. I was able to dodge any injuries during the block but I definitely think a lack of structured strength training remains among the most notable deficiencies in my training routine.

I train almost exclusively in the Hoka Skyward X. I have gout and hallux rigidus (stiff big toe arthritis). The stiff plate, aggressive rocker, and cushioning have helped mitigate the symptoms of those conditions. Prior to finding this trainer, I experienced recurring and sometimes debilitating pain in each of my big toes. 

I did LT workouts in the Hoka Cielo X1 and New Balance SC Elite. For intervals, I used the Nike Vaporfly 3. I raced the half marathon in the Nike Alphafly 3. 

### Race Registration 

I had a pre-planned trip to Phoenix scheduled for the weekend of December 13 so I decided to register for this race after Berlin. The cost for the half marathon was $149. For what it’s worth, they offered Black Friday registration discounts, which I missed. Might be something for locals to consider in the future if you don’t have to worry about travel or accommodations.

### Travel, Accommodations, and Pre-Race

My wife and I traveled to Phoenix on Thursday 12/11. Coming from the east coast we benefited from a two-hour time change. That made getting to bed the night before the race and waking up on race morning much more comfortable.

We attended the race expo on 12/12 at around 2:00 p.m. Pretty standard. Not very crowded. No standout swag or samples. But it was efficient and easy. I also picked up a pacing bracelet. 

I did a typical carb loading and hydration routine for the few days leading up to the race. In theory, this felt less consequential than it does for a full marathon but I still took it seriously—pasta, bread, bagels, bananas, Gatorade and water.

### Pre-Race

The race was scheduled to start at 7:15 a.m. I arrived to the staging area at 6:15 a.m. The weather was crisp—about 50F. Bag drop closed at 6:45 so I was happy that I had some old sweats to keep me warm and then toss at the start. I used the porta potties and then sipped on some Maurten 160 for about 40 minutes as I got my race shoes and kit ready to go. At about 7:05 we were directed to move toward the starting line, which was about a quarter mile or so away from the porta potties and bag drop. Made for a nice pre-race warmup jog. 

With approximately 2500 runners in the half marathon, there were no corrals or staggered start times for this one. There were pacers for 1:25 and 1:30, both of which were essentially next to one another toward the front of the crowd. The race started promptly at 7:15 a.m.

### Race

I thought the weather was excellent for a half marathon. At gun time, the sun was just starting to peek over the horizon. As the sun rose, there was also a light cloud cover that made the cool temps particularly pleasant. 

I carried a single SiS gel and took Gatorade at a single station at around mile 5-6. 

Miles 1-4

I opted to start with the 1:30 pace group. My plan was to stay with the pacer for around the first 5 miles and then evaluate whether I could trim the pace down from around 6:50-ish to 6:40-ish or quicker. 

At 3.5-4 miles I broke slightly from the pacer. I was still settling in and didn’t feel like I quite hit my rhythm but I was feeling confident that I could move a bit more freely without tethering myself to the pacer. 

Miles 5-7

I felt generally good through miles 5-7 but did have some doubts creeping in about whether I was a bit over zealous about what pace I could realistically maintain. Sensing that I was still ahead of the 90-minute pacer, I dialed back a bit and tried to get locked in without pushing further ahead.

Miles 7-10
 
I found that rhythm somewhere within mile 7 and maintained a steady state for the next couple miles. Was feeling solid and cautiously optimistic about my positioning. The pacing band indicated about a 30-second slowdown in pace due to a hill around mile 11. I wanted to respect that hill but I was also feeling skeptical about how tough it would be given my general review of the elevation profile. 

Mile 11

My skepticism was misplaced. The hill was not the craziest I’ve ever tackled by any means (approximately 100 feet in elevation) but its location at mile 11 of an otherwise flat course made it feel somewhat more daunting than it otherwise would have. My pace dipped significantly here and although it didn’t burn me out entirely, it messed with the smooth rhythm I had locked in and eliminated any chance of hitting 1:28, which was already a long shot before the hill.

Miles 12-13.1

The downhill here was also significant but it was difficult to capitalize on for a few reasons. The section was particularly clogged with slower 10K runners and walkers. That challenge was exacerbated because the downhill followed a fairly narrow and winding path which made it tough to just open up and let gravity carry me down. Finally, even if to a relatively minor extent, the gravel path offered less-than-optimal footing and traction, especially on tired legs. I was still able to get back to 6:40-ish pace here but in my mind I was banking on being 
at able to move even quicker to fully neutralize the time lost on the uphill. 

To that end, the course also included a brief out-and-back with a hairpin turnaround in the last half mile. Again, standing alone, that turnaround can’t be “blamed” for a less-than-ideal pace through the finish but I do think that all those factors taken together at this late stage of the race did contribute to at least *some* slowdown not purely attributable to fitness. 

Then it was thee end. I turned the corner and came down the final stretch fast and strong—at least according to the image in my head! I crossed the finish line consumed with that very special euphoria that fuels the desire for so many of us to keep signing up for the next race.

### Post-Race and Overall Impressions 

I recommend this one! The weather was nearly perfect, the logistics were smooth, and, even though crowds and cheering were more muted than in other races, the energy was still terrific. And the timing in December is such a nice way to wrap up a year on the roads!

Constructive criticism: The course is generally fast but in addition to the issues noted from mile 11 through the finish, there were also a few segments earlier in the race (perhaps 2-3 miles total?) that were on a loose gravel path as opposed to asphalt. It’s hard to quantify how much, if any, time is lost due to the “slippage” of a gravel path but, despite my effort to ignore it, I did notice it and it caused me some frustration—warranted or not. Likewise, several segments in the latter half of the race did feel a bit crowded with walkers who were occupying the entire width of path, which meant there was some weaving and traffic navigation that was less than ideal. I do think race organizers could mitigate some of this with some tweaks to the trajectory of the course, more strategic staggering of start times for each of the races, and some clearer guidance or regulation to keep a lane clear for passing runners throughout the course.

I did not get that reach of my “A” goal but I walk away with a new PR, breaking my prior best by nearly 2 minutes and taking third place in my age group. As I mentioned, I set 1:28 as my “A” goal for some clearer confirmation that a sub-3:00 marathon could be realistic for 2026. After Phoenix, whether that goal might be possible remains far from certain. 

I’m registered for Boston and Chicago in 2026. My current plan is to continue to build my aerobic base and focus on strength training in the build toward Boston. Based on progress during the next several months, I will decide whether to aim for sub-3:00 or moderate to something closer to 3:05.

I feel good! I am grateful for my health and my mobility. I am proud of my commitment and what I have been able to accomplish. And I am as ready as ever to continue to push toward that next PR.

Cheers to you all. See you in Boston! 


Made with a new [race report generator](http://sfdavis.com/racereports/) created by /u/herumph.",race report 2025 phoenix half marathon 45m assesses potential for sub 3 00 marathon in 2026 race information name phoenix half marathon date december 13 2025 distance 13 1 location phoenix az website strava time 1 28 53 goals goal description completed a sub 1 28 00 no b sub 1 29 00 yes c sub 1 30 35 yes splits mile time 1 6 46 2 6 56 3 6 43 4 6 42 5 6 59 6 6 54 7 6 46 8 6 41 9 6 32 10 6 40 11 7 18 12 6 41 13 6 38 13 1 6 40 1st half 44 39 2nd half 44 13 background i am a 45 year old man 150 lbs with several years of casual running experience i have run 9 half marathons and 3 full marathons over the course of the past 20 years now squarely in my mid 40s i ve decided to combat my mid life crisis by trying to notch a few more prs while i can i ran my first full marathon in nyc in november 2024 3 26 31 i ran the revel white mountains marathon in may 2025 3 07 39 my goal of a new pr at the 2025 berlin marathon was foiled by heat finished at 3 20 15 going into phoenix my pr in the half marathon was 1 30 35 which i claimed this summer during the best training run of my life this year i broke 20 minutes in the 5k and broke 40 minutes in the 10k i decided to end my racing year in phoenix to both seek redemption for berlin and take crack that elusive 90 minute barrier in the half marathon i also wanted to use the race to assess the feasibility of a sub 3 00 marathon attempt in 2026 training i followed slightly modified pfitz 12 63 plan for this training block i also dabbled with chatgpt coaching to supplement the pfitz plan more on that below i took a recovery week after berlin with no running that left 10 weeks instead of the 12 contemplated in the pfitz plan to bounce back for a short ish build toward this half marathon i basically just started in week 3 instead of week 1 the plan included a bit more focus on threshold and speed work 1000m and 1200m intervals on a few occasions and shorter long runs peak was 16 miles but i was over 60 miles for at least 4 weeks which was a lot for me and actually more average weekly mileage than in my previous marathon builds i trained based on an a goal time of 1 28 00 here is a breakdown of the rough pacing i used as a guide during this short build based on my perceived level of fitness and goal time pace target heart rate minutes mile marathon pace 82 88 max hr 7 00 7 09 half marathon pace 82 90 max hr 6 43 6 56 lactate threshold 82 91 max hr 6 26 6 39 long run 75 85 max hr 7 46 8 29 general aerobic 72 81 max hr 8 08 8 50 recovery lt 76 max hr gt 9 11 i paid more attention to heart rate than i have in the past unfortunately with the onset of colder weather i live in the northeast of the us my apple watch became famously unreliable for this that meant my primary metrics were pace and feel i also did a better job slowing down during general aerobic and recovery runs probably still not as slow as many might recommend but i do think i m trending in the right direction trying to reserve higher intensity for speed days that said i did tend to infuse increased effort into long runs for which i frequently aimed for some kind of progression pacing because of that my long runs were closer to 7 30 7 55 mile average i did two tune up 10k runs that i tried to target near race pace one 4 weeks out and one 2 weeks out i broke 40 00 in each those 39 35 and 39 45 respectively those efforts were helpful to boost confidence because i have to believe rightly or wrongly that i could go quicker under actual race conditions as opposed to self imposed race effort the lt and interval workouts were challenging and feel like they helped build my fitness but i think i would prefer more half marathon pace work than the pfitz plan contemplates the only half marathon pace workout in the entire plan was the dress rehearsal during race week where i did just two miles at race pace i understand the theory that the quicker lt runs and interval sessions at 5k pace are meant to make half marathon pace feel easier on race day and that certainly felt accurate for me on race day but without repeated half marathon pace workouts i felt less accustomed to that rhythm and less confident about my ability to actually hold that theoretical pace on race day i tapered for approximately two weeks as typical for me i felt sluggish during the taper taper for me is also typically riddled with self doubt that was certainly the case again this time probably easier said than done but it this is something i would like to mitigate in the future assessing potential and building confidence pace calculators and ai identifying training paces and potential for race paces are huge variables that cause me stress confusion and uncertainty i use a very imprecise amalgamation of prior races pacing calculators and charts e g pfitz mcmillan vdot calculators strava predictions and my gut to determine what i think i am capable of for a given race at a given place and time in my life all that is further confused by ongoing questions about what i can reasonably expect from the increasingly aging body of a masters runner i also decided to add chatgpt coaching into the mix i was truly just experimenting and took much of it with a heavy grain of salt whenever a suggestion departed markedly from what i had already contemplated in the pfitz plan i stuck with pfitz what i liked i was able to upload a bunch of historical data that helped lay a better foundation for who i am as a runner i was able to upload data from individual workouts which yielded some immediate feedback and a sounding board about what to make of that workout and whether it was consistent with my stated goal or if it signaled that i should consider modifications i was able to plug in variations of the planned schedule to get a sense about what changes might or might not be wise i felt like i was engaging with a coach that was invested in my training even though as noted below that was far from reality what i disliked as has been widely reported chatgpt is annoyingly sycophantic it almost always frames data or questions in the positive suggesting that i am always doing everything right it s plans or proposals frequently change from day to day which often required me to request clarification of the inconsistencies both of the above points made it made it very hard to give any weight to its responses to my questions or to any of its assessments about my fitness potential or feasibility of my goals my experience with the strava performance predictions was similarly unsatisfying for reasons i can t explain i feel invested in seeing the race prediction times fall but i m convinced that at least for me they overestimate my potential at every distance for example in the weeks leading up to the half marathon strava consistently predicted 1 26 xx based on my performance in phoenix that feels pretty significantly out of reach at my current fitness level injury prevention and gear despite intentions to do more i did only the bare minimum in terms of strength training i was able to dodge any injuries during the block but i definitely think a lack of structured strength training remains among the most notable deficiencies in my training routine i train almost exclusively in the hoka skyward x i have gout and hallux rigidus stiff big toe arthritis the stiff plate aggressive rocker and cushioning have helped mitigate the symptoms of those conditions prior to finding this trainer i experienced recurring and sometimes debilitating pain in each of my big toes i did lt workouts in the hoka cielo x1 and new balance sc elite for intervals i used the nike vaporfly 3 i raced the half marathon in the nike alphafly 3 race registration i had a pre planned trip to phoenix scheduled for the weekend of december 13 so i decided to register for this race after berlin the cost for the half marathon was 149 for what it s worth they offered black friday registration discounts which i missed might be something for locals to consider in the future if you don t have to worry about travel or accommodations travel accommodations and pre race my wife and i traveled to phoenix on thursday 12 11 coming from the east coast we benefited from a two hour time change that made getting to bed the night before the race and waking up on race morning much more comfortable we attended the race expo on 12 12 at around 2 00 p m pretty standard not very crowded no standout swag or samples but it was efficient and easy i also picked up a pacing bracelet i did a typical carb loading and hydration routine for the few days leading up to the race in theory this felt less consequential than it does for a full marathon but i still took it seriously pasta bread bagels bananas gatorade and water pre race the race was scheduled to start at 7 15 a m i arrived to the staging area at 6 15 a m the weather was crisp about 50f bag drop closed at 6 45 so i was happy that i had some old sweats to keep me warm and then toss at the start i used the porta potties and then sipped on some maurten 160 for about 40 minutes as i got my race shoes and kit ready to go at about 7 05 we were directed to move toward the starting line which was about a quarter mile or so away from the porta potties and bag drop made for a nice pre race warmup jog with approximately 2500 runners in the half marathon there were no corrals or staggered start times for this one there were pacers for 1 25 and 1 30 both of which were essentially next to one another toward the front of the crowd the race started promptly at 7 15 a m race i thought the weather was excellent for a half marathon at gun time the sun was just starting to peek over the horizon as the sun rose there was also a light cloud cover that made the cool temps particularly pleasant i carried a single sis gel and took gatorade at a single station at around mile 5 6 miles 1 4 i opted to start with the 1 30 pace group my plan was to stay with the pacer for around the first 5 miles and then evaluate whether i could trim the pace down from around 6 50 ish to 6 40 ish or quicker at 3 5 4 miles i broke slightly from the pacer i was still settling in and didn t feel like i quite hit my rhythm but i was feeling confident that i could move a bit more freely without tethering myself to the pacer miles 5 7 i felt generally good through miles 5 7 but did have some doubts creeping in about whether i was a bit over zealous about what pace i could realistically maintain sensing that i was still ahead of the 90 minute pacer i dialed back a bit and tried to get locked in without pushing further ahead miles 7 10 i found that rhythm somewhere within mile 7 and maintained a steady state for the next couple miles was feeling solid and cautiously optimistic about my positioning the pacing band indicated about a 30 second slowdown in pace due to a hill around mile 11 i wanted to respect that hill but i was also feeling skeptical about how tough it would be given my general review of the elevation profile mile 11 my skepticism was misplaced the hill was not the craziest i ve ever tackled by any means approximately 100 feet in elevation but its location at mile 11 of an otherwise flat course made it feel somewhat more daunting than it otherwise would have my pace dipped significantly here and although it didn t burn me out entirely it messed with the smooth rhythm i had locked in and eliminated any chance of hitting 1 28 which was already a long shot before the hill miles 12 13 1 the downhill here was also significant but it was difficult to capitalize on for a few reasons the section was particularly clogged with slower 10k runners and walkers that challenge was exacerbated because the downhill followed a fairly narrow and winding path which made it tough to just open up and let gravity carry me down finally even if to a relatively minor extent the gravel path offered less than optimal footing and traction especially on tired legs i was still able to get back to 6 40 ish pace here but in my mind i was banking on being at able to move even quicker to fully neutralize the time lost on the uphill to that end the course also included a brief out and back with a hairpin turnaround in the last half mile again standing alone that turnaround can t be blamed for a less than ideal pace through the finish but i do think that all those factors taken together at this late stage of the race did contribute to at least some slowdown not purely attributable to fitness then it was thee end i turned the corner and came down the final stretch fast and strong at least according to the image in my head i crossed the finish line consumed with that very special euphoria that fuels the desire for so many of us to keep signing up for the next race post race and overall impressions i recommend this one the weather was nearly perfect the logistics were smooth and even though crowds and cheering were more muted than in other races the energy was still terrific and the timing in december is such a nice way to wrap up a year on the roads constructive criticism the course is generally fast but in addition to the issues noted from mile 11 through the finish there were also a few segments earlier in the race perhaps 2 3 miles total that were on a loose gravel path as opposed to asphalt it s hard to quantify how much if any time is lost due to the slippage of a gravel path but despite my effort to ignore it i did notice it and it caused me some frustration warranted or not likewise several segments in the latter half of the race did feel a bit crowded with walkers who were occupying the entire width of path which meant there was some weaving and traffic navigation that was less than ideal i do think race organizers could mitigate some of this with some tweaks to the trajectory of the course more strategic staggering of start times for each of the races and some clearer guidance or regulation to keep a lane clear for passing runners throughout the course i did not get that reach of my a goal but i walk away with a new pr breaking my prior best by nearly 2 minutes and taking third place in my age group as i mentioned i set 1 28 as my a goal for some clearer confirmation that a sub 3 00 marathon could be realistic for 2026 after phoenix whether that goal might be possible remains far from certain i m registered for boston and chicago in 2026 my current plan is to continue to build my aerobic base and focus on strength training in the build toward boston based on progress during the next several months i will decide whether to aim for sub 3 00 or moderate to something closer to 3 05 i feel good i am grateful for my health and my mobility i am proud of my commitment and what i have been able to accomplish and i am as ready as ever to continue to push toward that next pr cheers to you all see you in boston made with a new race report generator created by u herumph,0.9996,positive,0.9996,https://www.reddit.com/r/running/comments/1pnjkat/race_report_2025_phoenix_half_marathon_45m/,nike,,,,1pnjkat,running
Nike,reddit,running,2025-12-15 00:00:00+00:00,"Interesting video on how ""shrink it and pink it"" design philosophy makes women's running shoes worse worse. Did you know this?

[Why women's running shoes are failing female athletes | CBC.ca](https://www.cbc.ca/player/play/video/9.7002520) 

Basically, a lot of women's shoes use men's feet throughout the entire design / testing process, and then those men's shoes just get shrunk down, but this can lead to injuries. 

For the women here, is this something you were already aware of? Do you find that women's running shoes often just don't fit right? How do you know before you buy shoes that they work specifically for women? I'm really curious!",interesting video on how shrink it and pink it design philosophy makes women s running shoes worse worse did you know this why women s running shoes are failing female athletes cbc ca basically a lot of women s shoes use men s feet throughout the entire design testing process and then those men s shoes just get shrunk down but this can lead to injuries for the women here is this something you were already aware of do you find that women s running shoes often just don t fit right how do you know before you buy shoes that they work specifically for women i m really curious,-0.603,negative,0.603,https://www.reddit.com/r/running/comments/1pne8w9/interesting_video_on_how_shrink_it_and_pink_it/,nike running shoes,,,,1pne8w9,running
Nike,reddit,running,2025-12-16 00:00:00+00:00,"Tuesday Shoesday

Shoes are a big topic in this sub, so in an effort to condense and collect some of these posts, we're introducing **Shoesday Tuesday**!  Similar to Wednesday's gear thread, but focusing on shoes.  

What’ve you been wearing on your feet? Anything fun added to the rotation? Got a review of a new release? Questions about a pair that’s caught your eye? Here's the place to discuss.

 *NOTE: For you Runnitors looking to sell/trade any running gear (as well as bib transfers), head over to /r/therunningrack.*",tuesday shoesday shoes are a big topic in this sub so in an effort to condense and collect some of these posts we re introducing shoesday tuesday similar to wednesday s gear thread but focusing on shoes what ve you been wearing on your feet anything fun added to the rotation got a review of a new release questions about a pair that s caught your eye here s the place to discuss note for you runnitors looking to sell trade any running gear as well as bib transfers head over to r therunningrack,0.8538,positive,0.8538,https://www.reddit.com/r/running/comments/1phzxsy/tuesday_shoesday/,nike running shoes,,,,1phzxsy,running
Nike,reddit,running,2025-12-16 00:00:00+00:00,"If someone cares about getting faster but not their actual time, does getting better shoes for speed work matter?

I realize this question might be phrased in a confusing way, so I'll try to clarify.

Let's assume a runner wants to improve their performance and is not limited by time or budget to meet that end. They follow a proven plan and have the endurance and physicality to perform all forms of training to include interval, tempo runs, and speed runs. However, they run relatively slowly and have no ego about their actual time.

If this is the case, will their training - particularly speed work - be impacted by having shoes optimized towards speed work? I am specifically asking in terms of the runner's baseline running performance, and NOT improvement in time.

I'm aware that if a runner decided to switch from some Vans to some Vaporflys, they'd instantly run faster. That's not quite what I'm talking about. Rather, if they are doing all their workouts on a beat-up pair of Cliftons with 1,000 miles on them, is the inherent value of their speed work diminished because they have to work more inefficiently on degraded foam? I'm sure that either way, the runner will see improvements, but I'm hoping to spark discussion on what is optimal from a training perspective.

Hopefully this made sense! Appreciate everyone's thoughts.",if someone cares about getting faster but not their actual time does getting better shoes for speed work matter i realize this question might be phrased in a confusing way so i ll try to clarify let s assume a runner wants to improve their performance and is not limited by time or budget to meet that end they follow a proven plan and have the endurance and physicality to perform all forms of training to include interval tempo runs and speed runs however they run relatively slowly and have no ego about their actual time if this is the case will their training particularly speed work be impacted by having shoes optimized towards speed work i am specifically asking in terms of the runner s baseline running performance and not improvement in time i m aware that if a runner decided to switch from some vans to some vaporflys they d instantly run faster that s not quite what i m talking about rather if they are doing all their workouts on a beat up pair of cliftons with 1 000 miles on them is the inherent value of their speed work diminished because they have to work more inefficiently on degraded foam i m sure that either way the runner will see improvements but i m hoping to spark discussion on what is optimal from a training perspective hopefully this made sense appreciate everyone s thoughts,0.9828,positive,0.9828,https://www.reddit.com/r/running/comments/1pg8u29/if_someone_cares_about_getting_faster_but_not/,nike running shoes,,,,1pg8u29,running
Nike,reddit,running,2025-12-17 00:00:00+00:00,"New to running or the sub? Click here first! Looking for links to the most recent weekly threads or other mega-threads, this is the spot!

###For you new runners, please check out the info that is in the Wiki.

For the beginners finding the sub, please check out [the section in the FAQ for beginners](https://www.reddit.com/r/running/wiki/faq/#wiki_for_beginners)  (which can also apply to returning runners) as well as the [Common Questions section](https://www.reddit.com/r/running/wiki/faq/#wiki_common_questions).  

There is a lot of info in the [Wiki](https://www.reddit.com/r/running/wiki/faq).  Yes, some of it is from old posts.  Yes, the layout is not the greatest.  It is always a work in progress.  If you come across info that needs to be updated (or broken links), let us know.  If you see a post that should be in there, let us know.  If you see a lack of a helpful topic, let us know.

[This](https://www.reddit.com/r/running/wiki/index/common_questions/#wiki_i.2019ve_never_run_before.2C_what_do_i_do.3F) also has some good tips.  [This resource](https://drive.google.com/file/d/0B3TYR3d9S1s1dFpwa3E4NmZfOW8/view) is linked in the sidebar/top menu and may have some info you can use as you get started (or back into) running.  Finally, if you are looking for shoes and don't know where to start, check out [this section of the wiki](https://www.reddit.com/r/running/wiki/index/common_questions/#wiki_what_shoes_do_i_buy.3F). 

Take some time to the search the sub and browse the daily [Official Q&amp;A thread](https://www.reddit.com/r/running/search?q=Q%26A+author%3Aautomoderator&amp;restrict_sr=on&amp;sort=new&amp;t=all) and you will find plenty of tips for getting started/back.

*Please note that some of the direct links above will not work on mobile and link only to the main Wiki, requiring a bit of scrolling to find the relevant section.*

____________________

###Posts to Take Note Of

* Link for usual [Tis the Season! Time for the Annual cold / cool / winter weather running and gear thread](https://www.reddit.com/r/running/comments/1o1a56f/tis_the_season_time_for_the_annual_cold_cool/). Or if you are in the southern hemisphere, the [""Running in the SUMMER/HEAT"" section of the wiki ](https://www.reddit.com/r/running/wiki/weather/#wiki_summer.2Fheat).

* [The Race to the Start Line: Returning to Running After Having Covid-19 (NY Times article)](https://www.reddit.com/r/running/comments/wa65zp/the_race_to_the_start_line_returning_to_running/)

* [Infographic: Graduated return to play guidance following COVID-19 infection](https://www.reddit.com/r/AdvancedRunning/comments/wif7ys/infographic_graduated_return_to_play_guidance/)

* [Explain it to me like I’m 5](https://www.reddit.com/r/running/comments/1p9q4du/explain_it_to_me_like_im_5/)

* [PSA: How your heart rate zone 2 might be lying to you.](https://www.reddit.com/r/running/comments/1e4a6lr/psa_how_your_heart_rate_zone_2_might_be_lying_to/)

* [Gifts for a runner](https://www.reddit.com/r/running/comments/1pagxrp/gifts_for_a_runner/)

* [5k a day December challenge](https://www.reddit.com/r/running/comments/1p9okep/5k_a_day_december_challenge/)



____________________

###**Using r/running**



The mods do their best to actively moderate this community. When posting, we expect users to make an effort to familiarize themselves with our rules and practices before submitting posts or comments. We suggest taking note of **Rule 2** *and* **Rule 7**, *since these are the most commonly broken which will result in a thread being removed.*

The mod team has tried to lay out the rules with some expected guidelines of what is or is not allowed, but there is always some gray area and posts are up to interpretation by the mod team.  We do our best to be consistent, but that isn’t always the case with multiple mods or even the same mod between similar posts.  The mod team wants to make /r/running a resource for new and experienced runners and to build a community between all types of runners.

Regardless of that fact, Moderators have the final say.  We are open to hearing differing opinions, but the mod team will make the final decision.  Visitors and posters in /r/running are expected to understand that the mod team are people too and doing the best they can to manage a very large sub with frequent posts every day.  If you do not agree with how this sub is moderated, we expect you to do so in a civil manner….and also know when it is time to drop it.

We are very upfront in stating that the sub is heavily moderated, but we do recognize that not every user wants that.  The wonderful thing about reddit is that there are plenty of subs to check out and hopefully find one more to your liking.  If you find the  moderation here too strict, some other related subs with less moderation are /r/runninglifestyle/, /r/BeginnersRunning/, /r/runningquestions/, and /r/Runners/.

_____


###**Recurring Threads**

In order to reduce clutter and nudge you lurkers into posting, we have created a number of daily and weekly threads for you to read, make a comment, or ask a question. Unless you truly believe your new thread will make a new and interesting contribution to Runnit, please wait until the related weekly thread rolls around and post in there instead.  A more complete description of the threads can be [found in the wiki](https://www.reddit.com/r/running/wiki/faq/#wiki_reccuring_threads).

Here are the current recurring threads with links to the most recent (hopefully) weekly thread:  

*Please note that the search links for the daily threads (Q&amp;A and Achievement) will not work on mobile.  If you are using mobile, sort the sub by ""Hot"" and the current Q&amp;A thread will be stickied at the top.  For the Achievement thread, sort by ""New"" and scroll down a bit to find the current Achievement thread.*

* [Daily Achievement Thread (Posted daily)](https://www.reddit.com/r/running/search?q=%22achievements+for%22+author%3Aautomoderator&amp;amp;restrict_sr=on&amp;amp;sort=new&amp;amp;t=all): Any and all accomplishment posts should be posted here. Anything from new PRs, to longest weekly mileage, to running your first ultra – literally any accomplishments you experienced recently!

* [General Q&amp;A Thread (Posted daily)](https://old.reddit.com/r/running/search?q=Official+Q%26A&amp;restrict_sr=on&amp;sort=new&amp;t=all): With such a large sub, there are a lot of running-related questions that come in every day. In an effort to keep the front page of the sub uncluttered and fresh, we ask you post your questions, particularly those one-off questions that are potentially short and don't necessarily provoke significant discussion, in the daily General Q&amp;A thread.

* [Weekly Training Thread (Sundays)](https://www.reddit.com/r/running/comments/1pxjx7s/the_weekly_training_thread/)

* [Miscellaneous Monday General Chit-Chat (Mondays)](https://www.reddit.com/r/running/comments/1pymsp1/miscellaneous_monday_chitchat/)

* [Li'l Race Reports Thread (Mondays)](https://www.reddit.com/r/running/comments/1pyeeym/lil_race_report_thread/)

* [Super Moronic Monday (Tuesdays)](https://www.reddit.com/r/running/comments/1pzinil/super_moronic_monday_your_weekly_tuesday_stupid/)

* [Run Nutrition Tuesday (Tuesdays)](https://www.reddit.com/r/running/comments/1pza9y3/run_nutrition_tuesday/)

* [Tuesday Shoesday (Tuesdays)](https://www.reddit.com/r/running/comments/1pza9xy/tuesday_shoesday/)

* [Lurker's Wednesday (Wednesday)](https://www.reddit.com/r/running/comments/1q05kxy/lurkers_wednesday//)

* [What Are You Wearing Wednesday Weekly Gear Thread (Wednesdays)](https://www.reddit.com/r/running/comments/1q05ky5/what_are_you_wearing_wednesday_weekly_gear_thread/)

* [Weekly Complaints &amp; Confessions Thread (Thursdays)](https://www.reddit.com/r/running/comments/1pve5us/weekly_complaints_and_confessions_thread/)

* [The Weekend Thread (Fridays)](https://www.reddit.com/r/running/comments/1pvx4p3/the_weekend_thread_for_friday_december_26_2025/)

* [Race Roll Call (Fridays)](https://www.reddit.com/r/running/comments/1pvw1t3/race_roll_call/)

* [Social Saturday (Saturdays)](https://www.reddit.com/r/running/comments/1pwqflg/social_saturday/)

_____

###**Rules**
We have further [explanations of the rules in the wiki](https://www.reddit.com/r/running/wiki/faq/#wiki_rules), but as noted in the side bar, please take note of Rule 2 and Rule 7 as they are the ones most cited for post removals.

 **(2)** - *Posts need to generate discussion and/or useful information that other searchers can then benefit from. Low-quality posts, recent reposts, chronically repetitive posts, posts not directly related to running, and questions that are easily answered by FAQ, searching r/running, or Google are subject to removal at the moderation team's discretion.*  

This sub attracts a lot of beginners as well as “drive-by” posting.  A major goal of the sub is to promote quality discussion and develop a community where information and experiences can be shared.  Many of the common questions have been answered, either in previous threads/FAQ, or could easily be answered in the daily Q&amp;A thread.  Yes, circumstances can vary person to person, but it is expected that posters make an attempt to find these answers for themselves before making a stand-alone post.   Visitors should put forth some effort in finding the answer themselves and not expect the Runnit community to do all the work for them.  If the post/question is very specific to your situation (such that other general user won't get much benefit from the information), then it belongs in the daily Q&amp;A thread.

If you do make a stand-alone post, please include info relevant for the community to help.  It is nearly impossible to offer any advice without sufficient background information.  Items that could be relevant:

* Age

* Sex

* Current MPW + pace

* Previous peak MPW

* Workouts you traditionally or recently have completed

* Goals (including specific races)

* Previous PRs

* Other things you think might be helpful to include

Below are some of the reason a post would be considered low-quality, thus being removed and directed to the Daily Q&amp;A thread:

* ""Does anyone else..."" type posts?

* ""Is X a good time for...?"" posts

* If your post is a question in the title (including “See title” or “Title says it all” in the body).

* If your question can be asked in one sentence.

* If your question is very specific to you or your situation.

* If your question can be answered either with a yes/no.

* In general, it is helpful to include something that shows you made an effort to find an answer within the community and thus separate it from the numerous low-effort posts that are submitted every day.  

* Additionally, as rule 5 states, make your title descriptive.  If it is not clear what the post is about or asking, then it will not be useful in later searches.

Finally, while mutual encouragement and sharing of information is a very high priority of r/running, numerous motivational-type and PSA posts are not necessary.  A larger goal of the sub is to provide information to runners, beginners and experienced, which can get drowned out by these types of posts.


 **(7)** - *Do not solicit medical advice. This includes 'Has anyone else experienced this injury?' type posts.*  

While there is some leeway on advice for rehabbing some minor, common running injuries, this sub is not the place for a diagnosis, and especially not for advice on major injuries.  If you are hurt or injured, find a medical professional with the proper credentials to help you.  Not the internet.  

There is a big difference between ""Hey, my IT band is tight. Got any good stretches for it?"" and ""My shins hurt every time I run. If I run through the pain, will it turn into a stress fracture?"" If your question involves sharp pains, unknown/vague pains, or injuries/problems that have stretched on for long periods of time, then it is a question for medical professional.

Also, your doctor not being familiar with running injuries is no excuse.  Find a Sports Medicine doctor, Physical Therapist, or find another doctor.

_____________________


Finally, feel free to use this post to offer any ideas or suggestions of things you'd like to see (or not see) here.  We are open to feedback, but please be civil, constructive, and willing to have a discussion.  This is not the place to rant.

###**Thank you all for being a part of this community!**",new to running or the sub click here first looking for links to the most recent weekly threads or other mega threads this is the spot for you new runners please check out the info that is in the wiki for the beginners finding the sub please check out the section in the faq for beginners which can also apply to returning runners as well as the common questions section there is a lot of info in the wiki yes some of it is from old posts yes the layout is not the greatest it is always a work in progress if you come across info that needs to be updated or broken links let us know if you see a post that should be in there let us know if you see a lack of a helpful topic let us know this also has some good tips this resource is linked in the sidebar top menu and may have some info you can use as you get started or back into running finally if you are looking for shoes and don t know where to start check out this section of the wiki take some time to the search the sub and browse the daily official q amp a thread and you will find plenty of tips for getting started back please note that some of the direct links above will not work on mobile and link only to the main wiki requiring a bit of scrolling to find the relevant section posts to take note of link for usual tis the season time for the annual cold cool winter weather running and gear thread or if you are in the southern hemisphere the running in the summer heat section of the wiki the race to the start line returning to running after having covid 19 ny times article infographic graduated return to play guidance following covid 19 infection explain it to me like i m 5 psa how your heart rate zone 2 might be lying to you gifts for a runner 5k a day december challenge using r running the mods do their best to actively moderate this community when posting we expect users to make an effort to familiarize themselves with our rules and practices before submitting posts or comments we suggest taking note of rule 2 and rule 7 since these are the most commonly broken which will result in a thread being removed the mod team has tried to lay out the rules with some expected guidelines of what is or is not allowed but there is always some gray area and posts are up to interpretation by the mod team we do our best to be consistent but that isn t always the case with multiple mods or even the same mod between similar posts the mod team wants to make r running a resource for new and experienced runners and to build a community between all types of runners regardless of that fact moderators have the final say we are open to hearing differing opinions but the mod team will make the final decision visitors and posters in r running are expected to understand that the mod team are people too and doing the best they can to manage a very large sub with frequent posts every day if you do not agree with how this sub is moderated we expect you to do so in a civil manner and also know when it is time to drop it we are very upfront in stating that the sub is heavily moderated but we do recognize that not every user wants that the wonderful thing about reddit is that there are plenty of subs to check out and hopefully find one more to your liking if you find the moderation here too strict some other related subs with less moderation are r runninglifestyle r beginnersrunning r runningquestions and r runners recurring threads in order to reduce clutter and nudge you lurkers into posting we have created a number of daily and weekly threads for you to read make a comment or ask a question unless you truly believe your new thread will make a new and interesting contribution to runnit please wait until the related weekly thread rolls around and post in there instead a more complete description of the threads can be found in the wiki here are the current recurring threads with links to the most recent hopefully weekly thread please note that the search links for the daily threads q amp a and achievement will not work on mobile if you are using mobile sort the sub by hot and the current q amp a thread will be stickied at the top for the achievement thread sort by new and scroll down a bit to find the current achievement thread daily achievement thread posted daily any and all accomplishment posts should be posted here anything from new prs to longest weekly mileage to running your first ultra literally any accomplishments you experienced recently general q amp a thread posted daily with such a large sub there are a lot of running related questions that come in every day in an effort to keep the front page of the sub uncluttered and fresh we ask you post your questions particularly those one off questions that are potentially short and don t necessarily provoke significant discussion in the daily general q amp a thread weekly training thread sundays miscellaneous monday general chit chat mondays li l race reports thread mondays super moronic monday tuesdays run nutrition tuesday tuesdays tuesday shoesday tuesdays lurker s wednesday wednesday what are you wearing wednesday weekly gear thread wednesdays weekly complaints amp confessions thread thursdays the weekend thread fridays race roll call fridays social saturday saturdays rules we have further explanations of the rules in the wiki but as noted in the side bar please take note of rule 2 and rule 7 as they are the ones most cited for post removals 2 posts need to generate discussion and or useful information that other searchers can then benefit from low quality posts recent reposts chronically repetitive posts posts not directly related to running and questions that are easily answered by faq searching r running or google are subject to removal at the moderation team s discretion this sub attracts a lot of beginners as well as drive by posting a major goal of the sub is to promote quality discussion and develop a community where information and experiences can be shared many of the common questions have been answered either in previous threads faq or could easily be answered in the daily q amp a thread yes circumstances can vary person to person but it is expected that posters make an attempt to find these answers for themselves before making a stand alone post visitors should put forth some effort in finding the answer themselves and not expect the runnit community to do all the work for them if the post question is very specific to your situation such that other general user won t get much benefit from the information then it belongs in the daily q amp a thread if you do make a stand alone post please include info relevant for the community to help it is nearly impossible to offer any advice without sufficient background information items that could be relevant age sex current mpw pace previous peak mpw workouts you traditionally or recently have completed goals including specific races previous prs other things you think might be helpful to include below are some of the reason a post would be considered low quality thus being removed and directed to the daily q amp a thread does anyone else type posts is x a good time for posts if your post is a question in the title including see title or title says it all in the body if your question can be asked in one sentence if your question is very specific to you or your situation if your question can be answered either with a yes no in general it is helpful to include something that shows you made an effort to find an answer within the community and thus separate it from the numerous low effort posts that are submitted every day additionally as rule 5 states make your title descriptive if it is not clear what the post is about or asking then it will not be useful in later searches finally while mutual encouragement and sharing of information is a very high priority of r running numerous motivational type and psa posts are not necessary a larger goal of the sub is to provide information to runners beginners and experienced which can get drowned out by these types of posts 7 do not solicit medical advice this includes has anyone else experienced this injury type posts while there is some leeway on advice for rehabbing some minor common running injuries this sub is not the place for a diagnosis and especially not for advice on major injuries if you are hurt or injured find a medical professional with the proper credentials to help you not the internet there is a big difference between hey my it band is tight got any good stretches for it and my shins hurt every time i run if i run through the pain will it turn into a stress fracture if your question involves sharp pains unknown vague pains or injuries problems that have stretched on for long periods of time then it is a question for medical professional also your doctor not being familiar with running injuries is no excuse find a sports medicine doctor physical therapist or find another doctor finally feel free to use this post to offer any ideas or suggestions of things you d like to see or not see here we are open to feedback but please be civil constructive and willing to have a discussion this is not the place to rant thank you all for being a part of this community,0.9979,positive,0.9979,https://www.reddit.com/r/running/comments/1pe0q4p/new_to_running_or_the_sub_click_here_first/,nike running shoes,,,,1pe0q4p,running
Nike,reddit,running,2025-12-18 00:00:00+00:00,"Race Report - La Rochelle Marathon

### Race Information
* **Name:** Marathon de La Rochelle 
* **Date:** 30th November 2025
* **Distance:** 42.2 km / 26.2 miles
* **Location:** La Rochelle, FRANCE 
* **Time:** 3:39:12

### Goals
| Goal | Description | Completed? |
|------|-------------|------------|
| A | 3:45 | *Yes* |
| B | Sub 4 | *Yes* |
| C | Finish | *Yes* |

### Splits
| Kilometer | Time | Pace |
|------|------|------|
| 5 | 27:43 | 5:33 |
| 10 | 54:15 | 5:19 |
| 15 | 1:20:25  | 5:15 |
| HM | 1:52:26 | 5:15 |
| 25 | 2:12:25 | 5:08 |
| 30 | 2:37:54 | 5:06 |
| 35 | 3:03:10 | 5:04 |
| FINISH | 3:39:12 | 5:01 |


### Before we start 
Bit of a preamble but, in my opinion, necessary to fully appreciate the story of my first marathon (or I just like telling/knowing the full picture 😁)

The journey began in 2023 when I was supposed to run this very same marathon for my first. I was following JD 2Q and everything was going great until 2 months out when I had an ITBS injury. I was unable to run more than 3-4km at a time for weeks and threw in the towel a month out, selling my bib to someone desperately wanting one (via official methods). 

On the plus side, 2 weeks later I learned I was going to be a dad . Between the ITBS and getting ready to &amp; then being a new dad ... I didn't do much running first half of 2024.  But I did strength train my glutes and went to see a specialist in orthopedics.  When I started running again in June/July, no more pain. 

I did a small race or two by the end of 2024 (10k and a short trail race) and sought another first marathon first week of May of this year. 

Training went iffy with a baby, mainly because I got sick every 4-6 weeks and couldn't get a good rhythm in. Then my dad unexpectedly passed last week of April... that was that.

I was starting to feel a bit cursed , maybe a marathon wasn't meant to be. But , again in June/July, I got the small seed in my head once more and thought it was best to jump right back in... if I put it off again I was afraid how long I'd put it off for. So I decided to sign up for the same fall marathon I didn't run in 2023 and get some revenge. Problem: it was sold out. After a few weeks of looking (all the while optimistically starting my training plan), I managed to find one. Like me two years ago, I bought one off of someone who got injured 2-ish months before. 

In August I learned I was going to be a dad yet again, and I felt confident my choice of marathon in November of this year was the right one.

### Training 
I decided to take a bit of what I learned from 2Q and improvise. Basically I did 2 quality sessions a week: intervals/speed work midweek and mostly MP long runs on the weekend. I averaged 70km a week, and topped at 85ish. 

The first time around, I was aiming for 3:55-4:00. This time I felt good and, after a month or two of starting the training block, I confidently set my goal at 3:45 (5:20mn/km pace).

Everything went great , almost suspiciously so. I bought a pair of Puma DNE3 for the marathon, tried them out on a 30k long run a month out and all was good. Then 3 weeks out I had one of my worst long runs of the block in terms of paces , but it was also my longest at 33km. 

And 2 weeks out I tested the DNE3 yet again on a 26-27km LR, but got a pain on top of my big toe that got worse as the run went on, maybe a nerve or tendon. Managed to finish , but all my runs after that were never completely pain free , and I certainly couldn't wear the DNE3 again (though I tried).

5 days out from the marathon, I bought a new pair of shoes for the race : Adios Pro 4.  I did 3 short runs in 4 days with them and decided to risk using a completely unknown value on long runs.

### Pre-race
La Rochelle is a beautiful seaside city on the west coast of France (north of Bordeaux, south of Brittany) with its famous ""Vieux Port"" (old port). Unfortunately, we didn't get to experience much when we arrived Saturday pre-race as it was as grey and rainy as they come. My weather app called for nothing but clear skies on race day Sunday, but it was hard to envision the day before. 

I go get my bib while my partner checks into the hotel , I have a quick stroll through the marathon village, and then join them for a calm night (it's already 6pm by then). We eat , play with our 18-month old , put him to bed, and it's already past 8. 

I do a final check of next morning's gear and oh no oh no oh no ... I forgot my running socks. I'm the world's biggest idiot, I can clearly see where I left them at home... the exact shelf...

Well it's nearly a 4hr drive so going back was out of the question. The marathon village just closed... I tried calling and sending a few messages to see if any of the vendors could help me out but got nothing. And as a last resort I left a message on a FB group for the marathon but still nothing. 

All I had were a pair of regular cotton socks and I was panicking. I tried to calm myself before sleep by reassuring myself I had antifriction cream and some NipEaze bandaids I bought and never used for my nips in case the cream wasn't enough. That was that, time for sleep 

I woke up at half four, unable to sleep a second longer. Checked my phone, and a woman from the FB group answered my post offering a pair of running socks JUST under my size (size 42 Europe for my size 43). I wasted no time answering her yes, better running socks a tad smaller than cotton ones. 

Got my breakfast, got dressed, and went to meet her in her corral before joining mine. My FB post clearly asked to BUY socks from someone but this lovely person, Sophie, wouldn't hear it and didn't want anything in return. 

Between my injury in the last two weeks, the risk of having to run in a pair of shoes I'd never tested past 6km, the horrible weather on the Saturday, and the sock situation... I was seriously beginning to think the curse would strike again. Sophie and her act of kindness was the beginning of things flipping towards positivity. 

I joined my corral and the sun was just starting to rise. Barely any clouds in the sky. And the socks fit me great, in the end.

### Race
BOOM! Off we go. My 3h45 plan meant sticking to 5:20/km pace , but with 8000-9000 runners that was impossible the first two kilometers. After 3-4, there was no wide open boulevard but at least it was starting to get easier moving about people and hitting my paces. And in fact after km 2 I was always closer to 5:10. At first it was to try and get back a bit of lost time, but then I just felt good.

The La Rochelle marathon is a two-loop course, so the first time around it was a bit discouraging to see km markers for the current km and for one about 20km after.

The course itself however was great, crowds everywhere cheering you on and the city is beautiful. Some people complained about slight uphills but I thought it was fine and a fast course. 

I was a bit bummed because I was looking for my significant other, my teenage stepson, and my 18month old for the entire first half. I thought I must have missed them but I know the little one sometimes gets up late or takes a bit to eat his breakfast etc, and I'd most likely see them later.

Things were very easy arriving at the halfway mark. I managed 1:52:26 which was 5:15 pace, though I had no idea at the time because I knew my watch was off by a few hundred meters. But I knew I was going faster than planned, and my watch told me my average pace was under 5:15. I kept telling myself I was going too fast and to go back to 5:20 pace but people kept getting in my way then and I just naturally fell into a faster pace and went faster as the race went on. 

At km 23 I finally saw my family cheering me on. That's one of the moments that'll stay with me. 

Around km 26-27 I still felt great. In training, this was when I would begin to lose my wheels. Not here. I saw an ""estimated time"" sign saying 3:46, but I knew that was wrong and only official scratch time, not real time. But I had no idea what pace I was actually on for. All I wanted was 3h45, I felt great so I thought I might as well kick on and see what I could give. We only live our first marathons once. 

Km 29, 30, 31... Came and went. I kept fearing the wall, not knowing when it would hit. I had my flask of water, I had my gel every 30mn... I kept feeling good.

Km 32, 33...34... Here we go, I've never ran this far before. The crowd was incredible the entire course, kids asking for high fives and Super Mario mushroom signs asking to be hit for a speed boost... I obliged time and time again. Bands playing cover songs, I'd give a wave to every one and sometimes even sing some. 

35, 36, 37... Unless catastrophe hit, I now knew I was going to finish. How strongly was the only question. People kept shouting my name from my bib, I kept answering thanks while people around me were struggling to even comprehend that someone was saying their name. 

38 39 40. The entire second half of the course people were starting to look tired , and loads were starting to walk after the 25km point. But now people were pulling up with cramps, injuries, and general loss of juice. And still no wall for me... I still had legs.

41 ... The crowds were roaring us on. The energy return was unbelievable. 

The finish line is on the Old Port. You hit 42km and you're on cobblestones for 50m. Then you turn onto a nice flat surface with a blue mat for the final 100m. Turning into that final stretch, I still felt pretty good. Everyone around me looked completely shattered. Nobody was sprinting it in?!?! Come on!  

The cobblestones end, 100m left and the finish line is there. I went all out. Zach Miller, here's thinking of you !

I'd be interested to see my positioning in the rankings by each km marker because I know I passed way more people than I got passed. The final 10km alone I passed literally hundreds. And that last 100m stretch I passed at least 50 I'd wager. 

42,2... There is no curse.  Just a beautiful beautiful day. And my first marathon in the books. 

### Post-race
I went to rejoin my family and it was a bit of work finding them and it took me a good 10-15 minutes. As soon as I saw my partner, she kissed and hugged me and said ""you must be so excited, 3:39!!""

What?! In the rush of things at the end, I didn't even see the clock announcing my time (or the official scratch time). I had a good feeling I was under 3:45 but it didn't even cross my mind I'd be sub 3:40. 

We stayed a bit to cheer on other runners. Most looked rough, some looked like they were loving it. 

I had written a few things on my wrist... My dad, my son, my next one on the way... in case I needed reminding of the important stuff when things got hard. Turns out they never did. 

I got a bruised toe that I'm pretty sure I'll lose in the process, and the pain I had on top of my big toe (the other one) got a bit worse but I'll manage. Everything else is fine, just a bit sore here and there. 

On the car ride home, my head was reliving the day and already half thinking of what comes next. Well first I'll anxiously await baby #2. And 2 young'uns at home will be a marathon in itself !

But I know I can push harder, and there's plenty of room for a PB. :) 

Thanks to anyone who read all of that !


Made with a new [race report generator](http://sfdavis.com/racereports/) created by /u/herumph.",race report la rochelle marathon race information name marathon de la rochelle date 30th november 2025 distance 42 2 km 26 2 miles location la rochelle france time 3 39 12 goals goal description completed a 3 45 yes b sub 4 yes c finish yes splits kilometer time pace 5 27 43 5 33 10 54 15 5 19 15 1 20 25 5 15 hm 1 52 26 5 15 25 2 12 25 5 08 30 2 37 54 5 06 35 3 03 10 5 04 finish 3 39 12 5 01 before we start bit of a preamble but in my opinion necessary to fully appreciate the story of my first marathon or i just like telling knowing the full picture the journey began in 2023 when i was supposed to run this very same marathon for my first i was following jd 2q and everything was going great until 2 months out when i had an itbs injury i was unable to run more than 3 4km at a time for weeks and threw in the towel a month out selling my bib to someone desperately wanting one via official methods on the plus side 2 weeks later i learned i was going to be a dad between the itbs and getting ready to amp then being a new dad i didn t do much running first half of 2024 but i did strength train my glutes and went to see a specialist in orthopedics when i started running again in june july no more pain i did a small race or two by the end of 2024 10k and a short trail race and sought another first marathon first week of may of this year training went iffy with a baby mainly because i got sick every 4 6 weeks and couldn t get a good rhythm in then my dad unexpectedly passed last week of april that was that i was starting to feel a bit cursed maybe a marathon wasn t meant to be but again in june july i got the small seed in my head once more and thought it was best to jump right back in if i put it off again i was afraid how long i d put it off for so i decided to sign up for the same fall marathon i didn t run in 2023 and get some revenge problem it was sold out after a few weeks of looking all the while optimistically starting my training plan i managed to find one like me two years ago i bought one off of someone who got injured 2 ish months before in august i learned i was going to be a dad yet again and i felt confident my choice of marathon in november of this year was the right one training i decided to take a bit of what i learned from 2q and improvise basically i did 2 quality sessions a week intervals speed work midweek and mostly mp long runs on the weekend i averaged 70km a week and topped at 85ish the first time around i was aiming for 3 55 4 00 this time i felt good and after a month or two of starting the training block i confidently set my goal at 3 45 5 20mn km pace everything went great almost suspiciously so i bought a pair of puma dne3 for the marathon tried them out on a 30k long run a month out and all was good then 3 weeks out i had one of my worst long runs of the block in terms of paces but it was also my longest at 33km and 2 weeks out i tested the dne3 yet again on a 26 27km lr but got a pain on top of my big toe that got worse as the run went on maybe a nerve or tendon managed to finish but all my runs after that were never completely pain free and i certainly couldn t wear the dne3 again though i tried 5 days out from the marathon i bought a new pair of shoes for the race adios pro 4 i did 3 short runs in 4 days with them and decided to risk using a completely unknown value on long runs pre race la rochelle is a beautiful seaside city on the west coast of france north of bordeaux south of brittany with its famous vieux port old port unfortunately we didn t get to experience much when we arrived saturday pre race as it was as grey and rainy as they come my weather app called for nothing but clear skies on race day sunday but it was hard to envision the day before i go get my bib while my partner checks into the hotel i have a quick stroll through the marathon village and then join them for a calm night it s already 6pm by then we eat play with our 18 month old put him to bed and it s already past 8 i do a final check of next morning s gear and oh no oh no oh no i forgot my running socks i m the world s biggest idiot i can clearly see where i left them at home the exact shelf well it s nearly a 4hr drive so going back was out of the question the marathon village just closed i tried calling and sending a few messages to see if any of the vendors could help me out but got nothing and as a last resort i left a message on a fb group for the marathon but still nothing all i had were a pair of regular cotton socks and i was panicking i tried to calm myself before sleep by reassuring myself i had antifriction cream and some nipeaze bandaids i bought and never used for my nips in case the cream wasn t enough that was that time for sleep i woke up at half four unable to sleep a second longer checked my phone and a woman from the fb group answered my post offering a pair of running socks just under my size size 42 europe for my size 43 i wasted no time answering her yes better running socks a tad smaller than cotton ones got my breakfast got dressed and went to meet her in her corral before joining mine my fb post clearly asked to buy socks from someone but this lovely person sophie wouldn t hear it and didn t want anything in return between my injury in the last two weeks the risk of having to run in a pair of shoes i d never tested past 6km the horrible weather on the saturday and the sock situation i was seriously beginning to think the curse would strike again sophie and her act of kindness was the beginning of things flipping towards positivity i joined my corral and the sun was just starting to rise barely any clouds in the sky and the socks fit me great in the end race boom off we go my 3h45 plan meant sticking to 5 20 km pace but with 8000 9000 runners that was impossible the first two kilometers after 3 4 there was no wide open boulevard but at least it was starting to get easier moving about people and hitting my paces and in fact after km 2 i was always closer to 5 10 at first it was to try and get back a bit of lost time but then i just felt good the la rochelle marathon is a two loop course so the first time around it was a bit discouraging to see km markers for the current km and for one about 20km after the course itself however was great crowds everywhere cheering you on and the city is beautiful some people complained about slight uphills but i thought it was fine and a fast course i was a bit bummed because i was looking for my significant other my teenage stepson and my 18month old for the entire first half i thought i must have missed them but i know the little one sometimes gets up late or takes a bit to eat his breakfast etc and i d most likely see them later things were very easy arriving at the halfway mark i managed 1 52 26 which was 5 15 pace though i had no idea at the time because i knew my watch was off by a few hundred meters but i knew i was going faster than planned and my watch told me my average pace was under 5 15 i kept telling myself i was going too fast and to go back to 5 20 pace but people kept getting in my way then and i just naturally fell into a faster pace and went faster as the race went on at km 23 i finally saw my family cheering me on that s one of the moments that ll stay with me around km 26 27 i still felt great in training this was when i would begin to lose my wheels not here i saw an estimated time sign saying 3 46 but i knew that was wrong and only official scratch time not real time but i had no idea what pace i was actually on for all i wanted was 3h45 i felt great so i thought i might as well kick on and see what i could give we only live our first marathons once km 29 30 31 came and went i kept fearing the wall not knowing when it would hit i had my flask of water i had my gel every 30mn i kept feeling good km 32 33 34 here we go i ve never ran this far before the crowd was incredible the entire course kids asking for high fives and super mario mushroom signs asking to be hit for a speed boost i obliged time and time again bands playing cover songs i d give a wave to every one and sometimes even sing some 35 36 37 unless catastrophe hit i now knew i was going to finish how strongly was the only question people kept shouting my name from my bib i kept answering thanks while people around me were struggling to even comprehend that someone was saying their name 38 39 40 the entire second half of the course people were starting to look tired and loads were starting to walk after the 25km point but now people were pulling up with cramps injuries and general loss of juice and still no wall for me i still had legs 41 the crowds were roaring us on the energy return was unbelievable the finish line is on the old port you hit 42km and you re on cobblestones for 50m then you turn onto a nice flat surface with a blue mat for the final 100m turning into that final stretch i still felt pretty good everyone around me looked completely shattered nobody was sprinting it in come on the cobblestones end 100m left and the finish line is there i went all out zach miller here s thinking of you i d be interested to see my positioning in the rankings by each km marker because i know i passed way more people than i got passed the final 10km alone i passed literally hundreds and that last 100m stretch i passed at least 50 i d wager 42 2 there is no curse just a beautiful beautiful day and my first marathon in the books post race i went to rejoin my family and it was a bit of work finding them and it took me a good 10 15 minutes as soon as i saw my partner she kissed and hugged me and said you must be so excited 3 39 what in the rush of things at the end i didn t even see the clock announcing my time or the official scratch time i had a good feeling i was under 3 45 but it didn t even cross my mind i d be sub 3 40 we stayed a bit to cheer on other runners most looked rough some looked like they were loving it i had written a few things on my wrist my dad my son my next one on the way in case i needed reminding of the important stuff when things got hard turns out they never did i got a bruised toe that i m pretty sure i ll lose in the process and the pain i had on top of my big toe the other one got a bit worse but i ll manage everything else is fine just a bit sore here and there on the car ride home my head was reliving the day and already half thinking of what comes next well first i ll anxiously await baby 2 and 2 young uns at home will be a marathon in itself but i know i can push harder and there s plenty of room for a pb thanks to anyone who read all of that made with a new race report generator created by u herumph,0.9993,positive,0.9993,https://www.reddit.com/r/running/comments/1pc5tpz/race_report_la_rochelle_marathon/,nike running shoes,,,,1pc5tpz,running
Nike,reddit,running,2025-12-18 00:00:00+00:00,"Tuesday Shoesday

Shoes are a big topic in this sub, so in an effort to condense and collect some of these posts, we're introducing **Shoesday Tuesday**!  Similar to Wednesday's gear thread, but focusing on shoes.  

What’ve you been wearing on your feet? Anything fun added to the rotation? Got a review of a new release? Questions about a pair that’s caught your eye? Here's the place to discuss.

 *NOTE: For you Runnitors looking to sell/trade any running gear (as well as bib transfers), head over to /r/therunningrack.*",tuesday shoesday shoes are a big topic in this sub so in an effort to condense and collect some of these posts we re introducing shoesday tuesday similar to wednesday s gear thread but focusing on shoes what ve you been wearing on your feet anything fun added to the rotation got a review of a new release questions about a pair that s caught your eye here s the place to discuss note for you runnitors looking to sell trade any running gear as well as bib transfers head over to r therunningrack,0.8538,positive,0.8538,https://www.reddit.com/r/running/comments/1p04a8w/tuesday_shoesday/,nike running shoes,,,,1p04a8w,running
Nike,reddit,running,2025-12-19 00:00:00+00:00,"Tuesday Shoesday

Shoes are a big topic in this sub, so in an effort to condense and collect some of these posts, we're introducing **Shoesday Tuesday**!  Similar to Wednesday's gear thread, but focusing on shoes.  

What’ve you been wearing on your feet? Anything fun added to the rotation? Got a review of a new release? Questions about a pair that’s caught your eye? Here's the place to discuss.

 *NOTE: For you Runnitors looking to sell/trade any running gear (as well as bib transfers), head over to /r/therunningrack.*",tuesday shoesday shoes are a big topic in this sub so in an effort to condense and collect some of these posts we re introducing shoesday tuesday similar to wednesday s gear thread but focusing on shoes what ve you been wearing on your feet anything fun added to the rotation got a review of a new release questions about a pair that s caught your eye here s the place to discuss note for you runnitors looking to sell trade any running gear as well as bib transfers head over to r therunningrack,0.8538,positive,0.8538,https://www.reddit.com/r/running/comments/1pc0vfc/tuesday_shoesday/,nike running shoes,,,,1pc0vfc,running
Nike,reddit,running,2025-12-19 00:00:00+00:00,"Comparing ChatGPT with established training programs - analysis and race result

The clickbait title for this post would have been ""How ChatGPT coached me to my best ever 10k!"" but that would no doubt have violated group guidelines. Hopefully this is a worthwhile read and generates some discussion.

**TL;DR**

I recently used ChatGPT to create a 6-week 10k training plan. Rather than blindly trust the result I compared it with several other established training programs to see if it made sense. For the most part, it did. I then executed the plan as programmed and did the race, which went well and I hit my goals solidly. With clear guidance, ChatGPT can be a useful training tool.

**ChatGPT prompting and generated training plan**

I told ChatGPT I was 57, male, and had recently completed a triathlon that I trained for consistently if not intensely - 16 week program, 2 runs per week about 15-20 km total, 2 bike rides per week 40-100 km, 1 swim 1-2000 m, 3 weightlifting sessions per week (but not in weeks 8-15 because I was out of town). The triathlon was a standard distance (1500m swim, 40k bike, 10k run) but the run was a little short - I ran the flat, 9.4 km course at a pace of 5:01/km.

I prompted ChatGPT for a 6 week program with 2-3 runs per week, cross-training on bicycle and rowing machine, and 3 days per week of lifting weights. I said my goal time was 50 minutes, with aspirations for 47. Granted I could no doubt have run 50 off my triathlon training. The full plan prescribed by ChatGPT is outlined below. Basically two main runs per week - one set of intervals (\~5k pace) or tempo (\~10k pace), the other long-ish and fast-ish - with an optional third easy run. Plus cross-training (1-2x weekly cycling or rowing machine) and strength training (3x weekly weights).

**Hal Higdon comparison**

Looking at [Hal Higdon 10k intermediate training](https://www.halhigdon.com/training-programs/10k-training/intermediate-10k/), he says an intermediate runner ""should be running five to six times a week, averaging 15-25 miles weekly training (24-40 km)"", which is a fair bit more than I've been doing. The program is an 8-week program with alternating tempo run and 400 m intervals, very similar to the ChatGPT plan. The Higdon plan has a long(er) run on the weekend at ""conversational pace"", compared to ChatGPT plan with long runs a little faster than conversational. And Higdon has three additional easy runs per week, vs. ChatGPT with one optional easy run (per my directions). So all-in-all very similar, given what I asked for in my prompt. I wonder how heavily Higdon's publicly available plans figure in ChatGPT's training data?

r/running **Intermediate plan comparison**

The [10k Running Plan - Intermediate](https://docs.google.com/spreadsheets/d/1mN1wN_iXP7dbVKMS_vUsgj-KqbGxovkM/edit?gid=892614299#gid=892614299) linked from reddit is an 8 week plan with 6 runs per week. Two of the runs are ""workouts"" with a mix of short and long intervals and tempo runs. One long(er) run per week and 3 easy runs, with strides or hills following 1 or 2 of the easy runs each week. More complex than Hal Higdon or ChatGPT, but a similar pattern of mixing hard runs, long runs, and easy volume. The [Beginner](https://docs.google.com/spreadsheets/d/1Pdj2akrs-DrVGMwzK8m4se995HacT8Kj/edit?gid=859294115#gid=859294115) plan is similar but with 5 runs a week instead of 6, and somewhat lower mileage and intensity.

**Runna comparison**

I searched Strava for training plans and was quickly funneled into Runna, which delays showing you their paywall and I got sucked in. Decided to try the one week free trial and see what it provides. I gave it my age, current mileage, current 10k time, and date of target race 6 weeks from now. I said I could do 3 runs a week, and it prescribes exactly that - one workout (intervals or tempo), one long run, and an easy run. Intervals vary in length, tempo run structures vary, and the long run may include progressive speed work. It suggested a goal time of 47:30 (my race is pretty flat).

Very thoroughly structured plan, with useful training tips from ""Coach Steph"", I like it - but with the free trial I can't see the details beyond week two, and I'm not willing to pay $180 a year for it. Pretty similar to the ChatGPT plan, but more in-depth. If money were no object I would definitely favour Runna over ChatGPT - no surprise since while I'm sure they are using AI, they no doubt also use statistical models and other running-specific content, not to mention having a direct link to your Strava results.

**Jack Daniels (not) comparison**

I would have compared to Jack Daniels plans, but they are paywalled online, so I didn't look at those. I once read Daniels Running Formula, but that was years ago and I no longer have the book.

**Race day!**

I followed the ChatGPT plan as prescribed, with a little more strength training and cross-training than indicated. Nutrition and sleep were good leading up to the race and I executed fairly well on race day - went out a little too hard, but was feeling good and mostly managed to hang onto a solid pace. I struggled a bit in kilometers 8 and 9, but it wouldn't be a 10k if I didn't! I finished in 46:39, significantly faster than my 50 minute target, and even a little faster than my 47 minute aspirational goal.

You can see my run [on Strava](https://www.strava.com/activities/16613553001) if you're curious, or the full details of the Vancouver Historic 5K, 10K and Half Marathon event [here](https://www.tryevents.ca/vancouver-historic-half).

I put my result into [Howard Grubb's age-grading calculator](https://www.howardgrubb.co.uk/athletics/mldrroad25.html), and it turns out that 46:39 at age 57 is actually better (68%) than my 39:57 lifetime PR at age 25 (66%). Hence my claim that ChatGPT coached me to my best ever 10k result. :-)

**Conclusions**

To summarize, most training plans prescribe a mix of hard runs (intervals, tempo), long runs (possibly with some pace pickups) and easy volume. If you commit to any of these plans you will likely have a good race. ChatGPT is totally capable of generating such a plan, and if your prompts are accurate and thorough and you have a good idea what training you need and what load you can handle, then you can certainly get ChatGPT to draw up a plan for you. I had a good race on relatively low volume, but I think this can be attributed in large part to both my summer triathlon training, and (especially) to the three weekly strength workouts I've been doing for the past couple of years.

You shouldn't rely solely on ChatGPT - check it against other plans available online or that you have used in the past. Where ChatGPT shines is in being able to tailor and refine the plan based on your specific goals, constraints and habits - for me, I had it build in my existing strength and cross-training regimen. From the various other plans I looked at, I did really like Runna, I just wasn't willing to pay for it.

**ChatGPT 6 week tailored 10k plan**

Here is exactly what ChatGPT gave me. I could have continued prompting it to generate a weekly spreadsheet with daily activities, but I went with just this outline and fine-tuned the programming each week to suit my schedule. I've included *notes in italics* about what I actually did each week.

Here's your **updated 6-week 10K training plan** — now including an **optional 3rd weekly run** (short and easy), placed strategically to support recovery, improve aerobic capacity, and help edge you toward your 47-minute goal — without overloading you.

# Weekly Structure Overview

* **Run 1:** Key workout (intervals or tempo)
* **Run 2:** Long run (endurance and pace practice)
* **Run 3 (optional):** Easy run (\~6–7 km at 5:45–6:15/km)
* **Cross-training (bike/row):** 1–2x/week (moderate effort)
* **Strength training:** 3x/week (scale intensity in final 2 weeks)
* **Rest days:** 1–2 per week as needed

# Target Race Pace: 4:40/km (for sub-47) to 5:00/km (for sub-50)

# 6-Week 10K Road Race Training Plan (in kilometers)

# Week 1: October 20–26

* **Run 1 (Intervals):** 6 x 400m @ 4:20–4:30/km with 90 sec recovery *(Done, average 4:18/km; but poor pacing, went out too hard almost every interval; definitely not a sustainable 5k race pace)*
* **Run 2 (Long):** 8 km @ \~5:30/km *(Done, average 5:34 with some elevation)*
* **Run 3 (Optional Easy):** 6 km @ 6:00/km *(Done, 5 km)*
* **Cross-training:** 45 min bike or row *(Done, 30 km ride at average speed of 27 km/h. Felt like pacing was good. Used aero bars for about 10 km. Also did a 6000m erg row.)*
* **Strength:** 3 sessions *(Done)*

# Week 2: October 27–November 2

* **Run 1 (Tempo):** 5–6 km @ 4:45–5:00/km (after 1–2 km warm-up) *(Done, 5k @ 4:50 after 2km warmup)*
* **Run 2 (Long):** 10 km @ 5:20–5:30/km *(Done, 10km @ 5:20. Felt challenging as a long run after a tempo run two days ago.)*
* **Run 3 (Optional Easy):** 6–7 km @ 6:00/km *(Done, but only 5k)*
* **Cross-training:** 45 min bike or row *(Done, 90 min bike + 35 min bike + 25 min row)*
* **Strength:** 3 sessions *(Done)*

# Week 3: November 3–9

* **Run 1 (Intervals):** 8 x 400m @ 4:20/km with 90–120 sec rest *(Done, average pace 4:15/km; paced it much better than a couple weeks ago, felt easier and more relaxed despite being faster and running more intervals.)*
* **Run 2 (Long):** 10–12 km @ 5:20–5:40/km *(Done. 11 km* u/5\*:10-5:40, average 5:27. Knee has been bugging me, but new shoes feel good.)\*
* **No 3rd run this week (recovery focus)** *(Had planned to do an easy run even though it wasn't in the plan, but with my knee not feeling great decided to skip it.)*
* **Cross-training:** 30–45 min easy bike or row *(Done, 30 min progressive row, 55 min easy ride.)*
* **Strength:** 3 sessions *(Done)*

# Week 4: November 10–16

* **Run 1 (Tempo):** 6–7 km @ 4:45–5:00/km (tempo block in middle) *(Done)*
* **Run 2 (Long):** 12 km @ 5:15–5:30/km *(Done. 12 km total with 5 km parkrun @ 4:45.)*
* **Run 3 (Optional Easy):** 6–7 km @ 6:00/km *(Done, 5 km)*
* **Cross-training:** 45 min bike or row *(Done. 60 min bike, 30 min row)*
* **Strength:** 3 sessions *(Done, deload week)*

# Week 5: November 17–23 (Peak Week)

* **Run 1 (Intervals):** 4 x 800m @ 4:20/km with 2–3 min recovery *(Done. 2km warmup, went out too fast on third interval but otherwise good pacing, 2km cooldown)*
* **Run 2 (Long):** 12–14 km @ 5:15/km *(Done. 4 km warmup, 6 km @ 5:15, 4 km cooldown)*
* **Run 3 (Optional Easy):** 6 km @ 6:00/km — keep short &amp; light *(Done, 5 km @ 6:00)*
* **Cross-training:** 30–45 min row/bike (low to moderate intensity) *(Done. 2x45 min bike)*
* **Strength:** 2–3 sessions (reduce intensity slightly) *(Done, skipped AMRAP sets on third workout)*

# Week 6: November 24–30 (Taper &amp; Race Week)

* **Run 1:** 5 km easy run @ 5:45–6:00/km *(Done, 6 km @ 6:00+ with 3 x 10s strides)*
* **Run 2 (Race pace primer):** 2 x 1 km @ race pace (\~4:40/km) with 3–4 min recovery *(Done, 2 km warmup, 2 x 1 km @ 4:30, 2 km cooldown.)*
* **Skip 3rd run — focus on freshness** *(Did a 3rd run anyway, the day before race day - 4 km easy with 3 x 10s strides)*
* **Cross-training:** Optional 30 min light row or cycle early in week *(Some cycling, but just errands. And a 3 km walk with a 75 pound backpack while grocery shopping.)*
* **Strength:** 1 light session (mobility, core, activation) *(Done. 3 sessions, as usual, but with reduced weights; shifted my deload week to this week)*

# Race Day — Saturday, November 30

* **Warm-up:** 10–15 min jog + dynamic mobility + 3–4 strides *(Done)*
* **Race strategy:**
   * Km 1–2: ease into pace \~4:45/km *(Km 1 4:31, oops)*
   * Km 3–8: hold 4:40/km if aiming for 47 minutes *(Done, 4:35-4:40)*
   * Km 9–10: if feeling strong, push to 4:30/km and finish strong *(Just hanging on! 4:40-4:45)*

# Final Tips

* **Listen to your body**: Drop the optional 3rd run or cross-train day if you're feeling tired. *(Generally felt good and almost always did the extra run and a bit more cross-training than in the plan.)*
* **Fueling**: Eat a carb-rich meal the night before your long runs and the race. *(Ate lots the day before, and got up early race day and had a big breakfast of oatmeal with an egg and nuts and seeds. Plus a couple cups of coffee. And a gel right before the race.)*
* **Sleep**: Prioritize good sleep in Week 5 and especially in race week. *(8-10 hours the 3 nights before the race)*
* **Test gear**: Use your race shoes and clothes during tempo runs or long runs to avoid surprises on race day. *(Got new shoes mid-way through training and used them for most subsequent runs.)*",comparing chatgpt with established training programs analysis and race result the clickbait title for this post would have been how chatgpt coached me to my best ever 10k but that would no doubt have violated group guidelines hopefully this is a worthwhile read and generates some discussion tl dr i recently used chatgpt to create a 6 week 10k training plan rather than blindly trust the result i compared it with several other established training programs to see if it made sense for the most part it did i then executed the plan as programmed and did the race which went well and i hit my goals solidly with clear guidance chatgpt can be a useful training tool chatgpt prompting and generated training plan i told chatgpt i was 57 male and had recently completed a triathlon that i trained for consistently if not intensely 16 week program 2 runs per week about 15 20 km total 2 bike rides per week 40 100 km 1 swim 1 2000 m 3 weightlifting sessions per week but not in weeks 8 15 because i was out of town the triathlon was a standard distance 1500m swim 40k bike 10k run but the run was a little short i ran the flat 9 4 km course at a pace of 5 01 km i prompted chatgpt for a 6 week program with 2 3 runs per week cross training on bicycle and rowing machine and 3 days per week of lifting weights i said my goal time was 50 minutes with aspirations for 47 granted i could no doubt have run 50 off my triathlon training the full plan prescribed by chatgpt is outlined below basically two main runs per week one set of intervals 5k pace or tempo 10k pace the other long ish and fast ish with an optional third easy run plus cross training 1 2x weekly cycling or rowing machine and strength training 3x weekly weights hal higdon comparison looking at hal higdon 10k intermediate training he says an intermediate runner should be running five to six times a week averaging 15 25 miles weekly training 24 40 km which is a fair bit more than i ve been doing the program is an 8 week program with alternating tempo run and 400 m intervals very similar to the chatgpt plan the higdon plan has a long er run on the weekend at conversational pace compared to chatgpt plan with long runs a little faster than conversational and higdon has three additional easy runs per week vs chatgpt with one optional easy run per my directions so all in all very similar given what i asked for in my prompt i wonder how heavily higdon s publicly available plans figure in chatgpt s training data r running intermediate plan comparison the 10k running plan intermediate linked from reddit is an 8 week plan with 6 runs per week two of the runs are workouts with a mix of short and long intervals and tempo runs one long er run per week and 3 easy runs with strides or hills following 1 or 2 of the easy runs each week more complex than hal higdon or chatgpt but a similar pattern of mixing hard runs long runs and easy volume the beginner plan is similar but with 5 runs a week instead of 6 and somewhat lower mileage and intensity runna comparison i searched strava for training plans and was quickly funneled into runna which delays showing you their paywall and i got sucked in decided to try the one week free trial and see what it provides i gave it my age current mileage current 10k time and date of target race 6 weeks from now i said i could do 3 runs a week and it prescribes exactly that one workout intervals or tempo one long run and an easy run intervals vary in length tempo run structures vary and the long run may include progressive speed work it suggested a goal time of 47 30 my race is pretty flat very thoroughly structured plan with useful training tips from coach steph i like it but with the free trial i can t see the details beyond week two and i m not willing to pay 180 a year for it pretty similar to the chatgpt plan but more in depth if money were no object i would definitely favour runna over chatgpt no surprise since while i m sure they are using ai they no doubt also use statistical models and other running specific content not to mention having a direct link to your strava results jack daniels not comparison i would have compared to jack daniels plans but they are paywalled online so i didn t look at those i once read daniels running formula but that was years ago and i no longer have the book race day i followed the chatgpt plan as prescribed with a little more strength training and cross training than indicated nutrition and sleep were good leading up to the race and i executed fairly well on race day went out a little too hard but was feeling good and mostly managed to hang onto a solid pace i struggled a bit in kilometers 8 and 9 but it wouldn t be a 10k if i didn t i finished in 46 39 significantly faster than my 50 minute target and even a little faster than my 47 minute aspirational goal you can see my run on strava if you re curious or the full details of the vancouver historic 5k 10k and half marathon event here i put my result into howard grubb s age grading calculator and it turns out that 46 39 at age 57 is actually better 68 than my 39 57 lifetime pr at age 25 66 hence my claim that chatgpt coached me to my best ever 10k result conclusions to summarize most training plans prescribe a mix of hard runs intervals tempo long runs possibly with some pace pickups and easy volume if you commit to any of these plans you will likely have a good race chatgpt is totally capable of generating such a plan and if your prompts are accurate and thorough and you have a good idea what training you need and what load you can handle then you can certainly get chatgpt to draw up a plan for you i had a good race on relatively low volume but i think this can be attributed in large part to both my summer triathlon training and especially to the three weekly strength workouts i ve been doing for the past couple of years you shouldn t rely solely on chatgpt check it against other plans available online or that you have used in the past where chatgpt shines is in being able to tailor and refine the plan based on your specific goals constraints and habits for me i had it build in my existing strength and cross training regimen from the various other plans i looked at i did really like runna i just wasn t willing to pay for it chatgpt 6 week tailored 10k plan here is exactly what chatgpt gave me i could have continued prompting it to generate a weekly spreadsheet with daily activities but i went with just this outline and fine tuned the programming each week to suit my schedule i ve included notes in italics about what i actually did each week here s your updated 6 week 10k training plan now including an optional 3rd weekly run short and easy placed strategically to support recovery improve aerobic capacity and help edge you toward your 47 minute goal without overloading you weekly structure overview run 1 key workout intervals or tempo run 2 long run endurance and pace practice run 3 optional easy run 6 7 km at 5 45 6 15 km cross training bike row 1 2x week moderate effort strength training 3x week scale intensity in final 2 weeks rest days 1 2 per week as needed target race pace 4 40 km for sub 47 to 5 00 km for sub 50 6 week 10k road race training plan in kilometers week 1 october 20 26 run 1 intervals 6 x 400m 4 20 4 30 km with 90 sec recovery done average 4 18 km but poor pacing went out too hard almost every interval definitely not a sustainable 5k race pace run 2 long 8 km 5 30 km done average 5 34 with some elevation run 3 optional easy 6 km 6 00 km done 5 km cross training 45 min bike or row done 30 km ride at average speed of 27 km h felt like pacing was good used aero bars for about 10 km also did a 6000m erg row strength 3 sessions done week 2 october 27 november 2 run 1 tempo 5 6 km 4 45 5 00 km after 1 2 km warm up done 5k 4 50 after 2km warmup run 2 long 10 km 5 20 5 30 km done 10km 5 20 felt challenging as a long run after a tempo run two days ago run 3 optional easy 6 7 km 6 00 km done but only 5k cross training 45 min bike or row done 90 min bike 35 min bike 25 min row strength 3 sessions done week 3 november 3 9 run 1 intervals 8 x 400m 4 20 km with 90 120 sec rest done average pace 4 15 km paced it much better than a couple weeks ago felt easier and more relaxed despite being faster and running more intervals run 2 long 10 12 km 5 20 5 40 km done 11 km u 5 10 5 40 average 5 27 knee has been bugging me but new shoes feel good no 3rd run this week recovery focus had planned to do an easy run even though it wasn t in the plan but with my knee not feeling great decided to skip it cross training 30 45 min easy bike or row done 30 min progressive row 55 min easy ride strength 3 sessions done week 4 november 10 16 run 1 tempo 6 7 km 4 45 5 00 km tempo block in middle done run 2 long 12 km 5 15 5 30 km done 12 km total with 5 km parkrun 4 45 run 3 optional easy 6 7 km 6 00 km done 5 km cross training 45 min bike or row done 60 min bike 30 min row strength 3 sessions done deload week week 5 november 17 23 peak week run 1 intervals 4 x 800m 4 20 km with 2 3 min recovery done 2km warmup went out too fast on third interval but otherwise good pacing 2km cooldown run 2 long 12 14 km 5 15 km done 4 km warmup 6 km 5 15 4 km cooldown run 3 optional easy 6 km 6 00 km keep short amp light done 5 km 6 00 cross training 30 45 min row bike low to moderate intensity done 2x45 min bike strength 2 3 sessions reduce intensity slightly done skipped amrap sets on third workout week 6 november 24 30 taper amp race week run 1 5 km easy run 5 45 6 00 km done 6 km 6 00 with 3 x 10s strides run 2 race pace primer 2 x 1 km race pace 4 40 km with 3 4 min recovery done 2 km warmup 2 x 1 km 4 30 2 km cooldown skip 3rd run focus on freshness did a 3rd run anyway the day before race day 4 km easy with 3 x 10s strides cross training optional 30 min light row or cycle early in week some cycling but just errands and a 3 km walk with a 75 pound backpack while grocery shopping strength 1 light session mobility core activation done 3 sessions as usual but with reduced weights shifted my deload week to this week race day saturday november 30 warm up 10 15 min jog dynamic mobility 3 4 strides done race strategy km 1 2 ease into pace 4 45 km km 1 4 31 oops km 3 8 hold 4 40 km if aiming for 47 minutes done 4 35 4 40 km 9 10 if feeling strong push to 4 30 km and finish strong just hanging on 4 40 4 45 final tips listen to your body drop the optional 3rd run or cross train day if you re feeling tired generally felt good and almost always did the extra run and a bit more cross training than in the plan fueling eat a carb rich meal the night before your long runs and the race ate lots the day before and got up early race day and had a big breakfast of oatmeal with an egg and nuts and seeds plus a couple cups of coffee and a gel right before the race sleep prioritize good sleep in week 5 and especially in race week 8 10 hours the 3 nights before the race test gear use your race shoes and clothes during tempo runs or long runs to avoid surprises on race day got new shoes mid way through training and used them for most subsequent runs,0.9998,positive,0.9998,https://www.reddit.com/r/running/comments/1pbooqp/comparing_chatgpt_with_established_training/,nike running shoes,,,,1pbooqp,running
Nike,reddit,running,2025-12-20 00:00:00+00:00,"Best running app for marathon training and why?

I got a free trial for RUNNA and I’m giving that a try. I’m running a half marathon in 15 weeks and I’ve looked into different apps like Strava, Nike Run Club app. I just wanna know which one is best especially for a beginner.",best running app for marathon training and why i got a free trial for runna and i m giving that a try i m running a half marathon in 15 weeks and i ve looked into different apps like strava nike run club app i just wanna know which one is best especially for a beginner,0.9485,positive,0.9485,https://www.reddit.com/r/running/comments/1pb4b7q/best_running_app_for_marathon_training_and_why/,nike,,,,1pb4b7q,running
Nike,reddit,running,2025-12-20 00:00:00+00:00,"Shoe mileage?

Ok.. so the “internet” recommends 300-500 miles for replacement of shoes. Seems slightly outdated and obviously driven by shoe company’s.

I once took a pair of Salomon speedcross to 1500km and was in agony by the end. They DID need replaced. But I wanted to make them last a year… which they didn’t.

What do you generally/rule of thumb take yours to? A set amount or just until it feels right?

Also… treadmill trainers. I have a set which I only use for treadmills (while I’m at work on a boat with no access to dry land). Is the treadmill gentler on shoes? Current pair at 800km and look ok.

Edit. Yikes. That’s a lot of feedback. Thank you all very much. Seems like both ends of the scale covered. But largely a lot of similar answers. For the record I do already track my shoe/s mileage. Unfortunately I can’t really listen to my legs and feet as they are pretty much always sore. I’m almost 6 years into a run streak. At least 5km a day every day. (Don’t ask why… I’m not sure myself 😂)",shoe mileage ok so the internet recommends 300 500 miles for replacement of shoes seems slightly outdated and obviously driven by shoe company s i once took a pair of salomon speedcross to 1500km and was in agony by the end they did need replaced but i wanted to make them last a year which they didn t what do you generally rule of thumb take yours to a set amount or just until it feels right also treadmill trainers i have a set which i only use for treadmills while i m at work on a boat with no access to dry land is the treadmill gentler on shoes current pair at 800km and look ok edit yikes that s a lot of feedback thank you all very much seems like both ends of the scale covered but largely a lot of similar answers for the record i do already track my shoe s mileage unfortunately i can t really listen to my legs and feet as they are pretty much always sore i m almost 6 years into a run streak at least 5km a day every day don t ask why i m not sure myself,0.8777,positive,0.8777,https://www.reddit.com/r/running/comments/1p7ca2c/shoe_mileage/,nike running shoes,,,,1p7ca2c,running
Nike,reddit,running,2025-12-21 00:00:00+00:00,"Tuesday Shoesday

Shoes are a big topic in this sub, so in an effort to condense and collect some of these posts, we're introducing **Shoesday Tuesday**!  Similar to Wednesday's gear thread, but focusing on shoes.  

What’ve you been wearing on your feet? Anything fun added to the rotation? Got a review of a new release? Questions about a pair that’s caught your eye? Here's the place to discuss.

 *NOTE: For you Runnitors looking to sell/trade any running gear (as well as bib transfers), head over to /r/therunningrack.*",tuesday shoesday shoes are a big topic in this sub so in an effort to condense and collect some of these posts we re introducing shoesday tuesday similar to wednesday s gear thread but focusing on shoes what ve you been wearing on your feet anything fun added to the rotation got a review of a new release questions about a pair that s caught your eye here s the place to discuss note for you runnitors looking to sell trade any running gear as well as bib transfers head over to r therunningrack,0.8538,positive,0.8538,https://www.reddit.com/r/running/comments/1p64ve9/tuesday_shoesday/,nike running shoes,,,,1p64ve9,running
Nike,reddit,streetwear,2025-12-21 00:00:00+00:00,"HULK MODE ACTIVATED

I haven’t worn this shirt in years one of my favorite graphic tees in my collection because the Jordan 4s I had to match literally crumbled and I barely wore them. But I found these Nike pacifics and got to rock my shirt. And I think we should have some fun because if you’re confident enough to post in the subreddit open to criticism, if a homie hates or disapproves of your fit… open challenge lets go fit for fit you post up I’ll post may the best man win fr fr because ppl be hating but never posted a fit in here GTFOH",hulk mode activated i haven t worn this shirt in years one of my favorite graphic tees in my collection because the jordan 4s i had to match literally crumbled and i barely wore them but i found these nike pacifics and got to rock my shirt and i think we should have some fun because if you re confident enough to post in the subreddit open to criticism if a homie hates or disapproves of your fit open challenge lets go fit for fit you post up i ll post may the best man win fr fr because ppl be hating but never posted a fit in here gtfoh,0.9358,positive,0.9358,https://www.reddit.com/r/streetwear/comments/1p4lwkq/hulk_mode_activated/,nike,,,,1p4lwkq,streetwear
Nike,reddit,running,2025-12-22 00:00:00+00:00,"Race Report: Rocket City Marathon, 2025

**Race Information**

|Race|Location|My Distance|
|:-|:-|:-|
|Rocket City Marathon|Huntsville, Alabama, USA|26.2 mi (42.2KM)|
|**Date**|**Distances Offered**|**Website**|
|December 14, 2025; 7:00AM start|26.2 mi (42.2km), 13.1 mi (21.1km), 10K (6.1 mi), 5K (3.1 mi), 1 mi walk|[Rocket City Marathon](https://www.rocketcitymarathon.run/)|
|**Registration Open**|**Registration Closed**|**Did the puppet run?**|
|Not sure - not yet posted for 2026|Did not - you could register up to the race date|No|

**My Goals**

|Goal|Description|Met?|
|:-|:-|:-|
|1|Finish|Yes!|
|2|Run to at least mile marker 13.1 before run/walk|Almost - made it to about 12 miles|

**Conditions**

Horrible. Today was horrible. This was by far the coldest marathon I’ve ever run – and I did not pack everything I needed to. The weather was 28°F (-2°C), and for the Deep South, rather than getting warmer, it just got colder – due to wind chill – as the race went on. Luckily, it was a bright day, but it didn’t make us warm. The windchill at points was brutal.

**Race Day Kit**

Brooks weatherized Ghosts; Under Armour tights – leggings and shirt; Feetures mid-calf socks; Nike shorts; Staten Isle Half long sleeve shirt; 2018 NYC Marathon fleece, Craft gloves and hat; Sucio gaiter

Most of the gear was excellent. I survived. But, my hands struggled, and the New Balance fleece was not the right choice – but I survived.

The race was well-prepared with heat blankets and a nice towel at the indoor finish line.

**Training**

Last Race: November 2, 2025 (6 weeks)

Total Runs: 6

Total Miles Run: 30.39

The above stats are a joke – this is not acceptable training, but alas, life gets in the way. These weeks were intense with work as well as a vacation – to frigid Berlin. I got one run on in Berlin, but that is all I could muster given how cold it was. My trainer gave me about two weeks off after NYC, so I appreciated it, and super proud that my training somehow got me to finish faster than NYC!

**Race Strategy**

I honestly thought this one would take somewhere north of 5 hours. I knew I would be able to make at least 10 miles (10km) easily, and then I feared needing to walk the rest of the race. My longest training run was only 8 miles since NYC, and so I wasn’t quite sure how my body would do. Amazingly, it did pretty well, and I internally set a goal early on to get to 13, and then, for some reason, in planning, I didn’t THINK about run/walking – just that I would walk some 16 miles? Not sure why that didn’t come to me.

**Expo &amp; Gear**

Pretty mighty expo for this race. It was held inside the Von Braun Center in downtown Huntsville, and had hours open on Friday – Saturday. It was a huge space, and it was well organized, with everything labeled overhead – Bib Pickup, T-Shirts, Vendors. It had a wide range of vendors, with most everyone related to health/fitness. Nothing out of the ordinary (maybe the book bus didn’t relate, maybe they had running books inside?). Fleet Feet is a big sponsor, good booth with gels available, and I was able to get about 6 gels for just above $18.

**Race Review**

I think this race is beautiful. I think this race is really well-routed to take you through some good sites of Huntsville. I think all of this because throughout the race, I was not fully able to enjoy and really had to focus on ensuring my body was warm enough to make it through this race. With a hat and gaiter up at times, it was difficult to take things in, and it was nearly impossible to use my phone as a camera – kicking myself I didn’t have my Insta360, but a good note for keeping notes in the future, especially during cold races.

So, this race was great. The expo was smooth and easy, and the race handbook (PDF emailed ahead of the race) outlined things like parking and the start (one piece of advice – add the start to the parking map for ease).

Obviously, the organizers couldn’t do anything about the weather (except have held it the day before when it was 60°F (15°C)), and despite the weather, everyone was out in full force and having fun. Aid stations were mostly well-equipped – I’m assuming they had some refills coming through, because there was at least one station that only had Gatorade, and it was running low (I was maybe exactly half in the pack – and there were nearly 6,000 people between the half and full marathons.

The course was pretty spectacular – there was only a slight section of the course that was along the same road, and I got to see the elites coming through at my time. You started east of downtown, ran a big loop back to downtown then west out to US Space Center. The first part was mainly neighborhoods – and the race designer did a nice job of incorporating some cool Huntsville things. We ran behind Eggbeater Jesus’s church, we ran through the Galaxy of Lights, US Space Center (video on insta), and a nice greenway for a bit.

The two races on Sunday were the marathon and half marathon. There was a 6:00am early start, 7:00am marathon start, and 9:00am half marathon start. After you finish the first half of the marathon, the course merges with half marathoners, and at some point you catch up to the early start folks. Whew – amazing, amazing power and energy. Some of these folks were really moving through walking and quite old, so more power to them!

The course was nearly 100% the road – and the roads were mostly good, nothing too notable, except there was one section of one neighborhood that had been re-paved within the past year, and that was smooth and amazing. Definitely some unevenness across some roads, but you can manage to find the flat part.

Volunteers were at major intersections – and traffic is still moving. There were few instances where cars were close and on the same two-lane road. Most stayed off the running route, and all major intersections had volunteers or police supporting to move cars along. They were really good, and there were no vehicular issues I experienced during the race.

There are virtually no crowds out – there were only a handful of people outside their homes, and they were great and nice. Other spectators were supporting a runner. Oddly enough, I ran into a woman who I had participated in a statewide club in high school – we said hi at the start, and made a plan to meet up over the holidays. Another notable moment was the family inside their warm home, cheering at runners.

Aid Stations were fairly plentiful, they didn’t seem predictably placed (some between, some right after the mile marker), but I think there must have been a 1.5 or 2 mile cadence. Again, some seemed to be running low at times. Aid stations all had Gatorade, most did have water, but some only Gatorade (or PowerAde?), and there were maybe three or so with Gu brand fuel options. Each aid station had portos, usually at least 2, and there was always about 2 people waiting. Note: portos on the official course are yellow and each one I stepped in had toilet paper; there were a few construction site portos and some were locked and some were not – take your own chance on those!

**Miles 1 to 13.1 (2:11:48)**

Whew, the first part was distinctly an attempt at running the whole time. I think I made it to mile 12 and did have to take a slight break. The start was just marathon runners, and it spacious enough to really enjoy the course and have your space, but not be alone. Packs of people ran a lot, and mostly everyone was running in the first half. Funny enough, the most crowded moment was right out of the start, there was a truck in the roadway, spectators on the edges, and so it made everyone build some momentum, then slow down.

This part of the race started in front of the Von Braun Center in downtown Huntsville, ran through Old Towne to start (great homes), then really a big circle goes southeast through some neighborhoods. Nice to see a mix of architecture, and there was good energy. As you

**Miles 13.1 to 20 (3:32:03)**

For this second part, I ended up doing about 3 minutes walk and 7 minute run. As you came into this part of the route, it got more crowded as you first started to see half marathon people, then many walkers who I believe started with an early start. So, the course gets a little more crowded, but it wasn’t awful and there was enough space to go around people and not feel tight. Roads sizes varied, and there was one section leading up to the US Space Center where you ran in the bike lane – and it was easy to get around groups of people by jumping onto the main road as no one was driving in this area.

You hit downtown and then head west toward the US Space Center. You start to get a view of the rockets around mile 17, and then mile 20 is fully on the US Space Center, where you get to run on the grounds and see all of the old artifacts – military vehicles, rockets, planes, etc. This was truly a hallmark moment for this race, and beautifully placed for the race. It made complete sense running under the replicator rocket as to why this race is the Rocket City Marathon.

**Miles 20 to 26.2 (4:44:13)**

Mile 20 takes you through the rest of the US Space Center, then into the Galaxy of Lights – some hills through here, and I kept up the 3-7 walk/run until about mile 22, where I walked a little more then pushed myself to do 2 minute walk / 3 minute run. It paid off and I beat 15 minutes off my time from NYC – amazingly.

This part of the course took you through a little greenway on its way back to downtown Huntsville. For the final stretch, you pass by the Huntsville Art Museum, and through their little lake of Christmas trees – what a way to end, then you swing by the Von Braun Center and those last .2 miles takes you right into the expo center and you finish, and the volunteers wrap you in a warm blanket and you get your medal.

**Post Race Experience and Meal**

Great opportunity for a photo right at the finish line. You swing out into the open, and they had a few areas set up. Volunteers handed a water bottle immediately after the finish line, and they had some granola bars, bananas laying out, and a few lines with hot food. Hot food included pretzels, grilled cheese sandwiches, chicken tenders, and a variety of soup. The center was nice and warm as well.

Immediately after, I had a sweet latte and a chicken biscuit and dipped it into some chicken sausage gravy. For dinner, I may continue to eat some fried Southern food – because why not when you are in Hunstville?

**Costs**

*Total:* 1,154.07  
*Race Fee*: $120  
*AirBNB:* 443.01  
*Car Rental:* 168.54  
*AirFare:* 308.96  
*Food:* 113.14",race report rocket city marathon 2025 race information race location my distance rocket city marathon huntsville alabama usa 26 2 mi 42 2km date distances offered website december 14 2025 7 00am start 26 2 mi 42 2km 13 1 mi 21 1km 10k 6 1 mi 5k 3 1 mi 1 mi walk rocket city marathon registration open registration closed did the puppet run not sure not yet posted for 2026 did not you could register up to the race date no my goals goal description met 1 finish yes 2 run to at least mile marker 13 1 before run walk almost made it to about 12 miles conditions horrible today was horrible this was by far the coldest marathon i ve ever run and i did not pack everything i needed to the weather was 28 f 2 c and for the deep south rather than getting warmer it just got colder due to wind chill as the race went on luckily it was a bright day but it didn t make us warm the windchill at points was brutal race day kit brooks weatherized ghosts under armour tights leggings and shirt feetures mid calf socks nike shorts staten isle half long sleeve shirt 2018 nyc marathon fleece craft gloves and hat sucio gaiter most of the gear was excellent i survived but my hands struggled and the new balance fleece was not the right choice but i survived the race was well prepared with heat blankets and a nice towel at the indoor finish line training last race november 2 2025 6 weeks total runs 6 total miles run 30 39 the above stats are a joke this is not acceptable training but alas life gets in the way these weeks were intense with work as well as a vacation to frigid berlin i got one run on in berlin but that is all i could muster given how cold it was my trainer gave me about two weeks off after nyc so i appreciated it and super proud that my training somehow got me to finish faster than nyc race strategy i honestly thought this one would take somewhere north of 5 hours i knew i would be able to make at least 10 miles 10km easily and then i feared needing to walk the rest of the race my longest training run was only 8 miles since nyc and so i wasn t quite sure how my body would do amazingly it did pretty well and i internally set a goal early on to get to 13 and then for some reason in planning i didn t think about run walking just that i would walk some 16 miles not sure why that didn t come to me expo amp gear pretty mighty expo for this race it was held inside the von braun center in downtown huntsville and had hours open on friday saturday it was a huge space and it was well organized with everything labeled overhead bib pickup t shirts vendors it had a wide range of vendors with most everyone related to health fitness nothing out of the ordinary maybe the book bus didn t relate maybe they had running books inside fleet feet is a big sponsor good booth with gels available and i was able to get about 6 gels for just above 18 race review i think this race is beautiful i think this race is really well routed to take you through some good sites of huntsville i think all of this because throughout the race i was not fully able to enjoy and really had to focus on ensuring my body was warm enough to make it through this race with a hat and gaiter up at times it was difficult to take things in and it was nearly impossible to use my phone as a camera kicking myself i didn t have my insta360 but a good note for keeping notes in the future especially during cold races so this race was great the expo was smooth and easy and the race handbook pdf emailed ahead of the race outlined things like parking and the start one piece of advice add the start to the parking map for ease obviously the organizers couldn t do anything about the weather except have held it the day before when it was 60 f 15 c and despite the weather everyone was out in full force and having fun aid stations were mostly well equipped i m assuming they had some refills coming through because there was at least one station that only had gatorade and it was running low i was maybe exactly half in the pack and there were nearly 6 000 people between the half and full marathons the course was pretty spectacular there was only a slight section of the course that was along the same road and i got to see the elites coming through at my time you started east of downtown ran a big loop back to downtown then west out to us space center the first part was mainly neighborhoods and the race designer did a nice job of incorporating some cool huntsville things we ran behind eggbeater jesus s church we ran through the galaxy of lights us space center video on insta and a nice greenway for a bit the two races on sunday were the marathon and half marathon there was a 6 00am early start 7 00am marathon start and 9 00am half marathon start after you finish the first half of the marathon the course merges with half marathoners and at some point you catch up to the early start folks whew amazing amazing power and energy some of these folks were really moving through walking and quite old so more power to them the course was nearly 100 the road and the roads were mostly good nothing too notable except there was one section of one neighborhood that had been re paved within the past year and that was smooth and amazing definitely some unevenness across some roads but you can manage to find the flat part volunteers were at major intersections and traffic is still moving there were few instances where cars were close and on the same two lane road most stayed off the running route and all major intersections had volunteers or police supporting to move cars along they were really good and there were no vehicular issues i experienced during the race there are virtually no crowds out there were only a handful of people outside their homes and they were great and nice other spectators were supporting a runner oddly enough i ran into a woman who i had participated in a statewide club in high school we said hi at the start and made a plan to meet up over the holidays another notable moment was the family inside their warm home cheering at runners aid stations were fairly plentiful they didn t seem predictably placed some between some right after the mile marker but i think there must have been a 1 5 or 2 mile cadence again some seemed to be running low at times aid stations all had gatorade most did have water but some only gatorade or powerade and there were maybe three or so with gu brand fuel options each aid station had portos usually at least 2 and there was always about 2 people waiting note portos on the official course are yellow and each one i stepped in had toilet paper there were a few construction site portos and some were locked and some were not take your own chance on those miles 1 to 13 1 2 11 48 whew the first part was distinctly an attempt at running the whole time i think i made it to mile 12 and did have to take a slight break the start was just marathon runners and it spacious enough to really enjoy the course and have your space but not be alone packs of people ran a lot and mostly everyone was running in the first half funny enough the most crowded moment was right out of the start there was a truck in the roadway spectators on the edges and so it made everyone build some momentum then slow down this part of the race started in front of the von braun center in downtown huntsville ran through old towne to start great homes then really a big circle goes southeast through some neighborhoods nice to see a mix of architecture and there was good energy as you miles 13 1 to 20 3 32 03 for this second part i ended up doing about 3 minutes walk and 7 minute run as you came into this part of the route it got more crowded as you first started to see half marathon people then many walkers who i believe started with an early start so the course gets a little more crowded but it wasn t awful and there was enough space to go around people and not feel tight roads sizes varied and there was one section leading up to the us space center where you ran in the bike lane and it was easy to get around groups of people by jumping onto the main road as no one was driving in this area you hit downtown and then head west toward the us space center you start to get a view of the rockets around mile 17 and then mile 20 is fully on the us space center where you get to run on the grounds and see all of the old artifacts military vehicles rockets planes etc this was truly a hallmark moment for this race and beautifully placed for the race it made complete sense running under the replicator rocket as to why this race is the rocket city marathon miles 20 to 26 2 4 44 13 mile 20 takes you through the rest of the us space center then into the galaxy of lights some hills through here and i kept up the 3 7 walk run until about mile 22 where i walked a little more then pushed myself to do 2 minute walk 3 minute run it paid off and i beat 15 minutes off my time from nyc amazingly this part of the course took you through a little greenway on its way back to downtown huntsville for the final stretch you pass by the huntsville art museum and through their little lake of christmas trees what a way to end then you swing by the von braun center and those last 2 miles takes you right into the expo center and you finish and the volunteers wrap you in a warm blanket and you get your medal post race experience and meal great opportunity for a photo right at the finish line you swing out into the open and they had a few areas set up volunteers handed a water bottle immediately after the finish line and they had some granola bars bananas laying out and a few lines with hot food hot food included pretzels grilled cheese sandwiches chicken tenders and a variety of soup the center was nice and warm as well immediately after i had a sweet latte and a chicken biscuit and dipped it into some chicken sausage gravy for dinner i may continue to eat some fried southern food because why not when you are in hunstville costs total 1 154 07 race fee 120 airbnb 443 01 car rental 168 54 airfare 308 96 food 113 14,0.9997,positive,0.9997,https://www.reddit.com/r/running/comments/1pob5g8/race_report_rocket_city_marathon_2025/,nike,,,,1pob5g8,running
Nike,reddit,running,2025-12-23 00:00:00+00:00,"Tuesday Shoesday

Shoes are a big topic in this sub, so in an effort to condense and collect some of these posts, we're introducing **Shoesday Tuesday**!  Similar to Wednesday's gear thread, but focusing on shoes.  

What’ve you been wearing on your feet? Anything fun added to the rotation? Got a review of a new release? Questions about a pair that’s caught your eye? Here's the place to discuss.

 *NOTE: For you Runnitors looking to sell/trade any running gear (as well as bib transfers), head over to /r/therunningrack.*",tuesday shoesday shoes are a big topic in this sub so in an effort to condense and collect some of these posts we re introducing shoesday tuesday similar to wednesday s gear thread but focusing on shoes what ve you been wearing on your feet anything fun added to the rotation got a review of a new release questions about a pair that s caught your eye here s the place to discuss note for you runnitors looking to sell trade any running gear as well as bib transfers head over to r therunningrack,0.8538,positive,0.8538,https://www.reddit.com/r/running/comments/1ou1tpj/tuesday_shoesday/,nike running shoes,,,,1ou1tpj,running
Nike,reddit,running,2025-12-23 00:00:00+00:00,"Tuesday Shoesday

Shoes are a big topic in this sub, so in an effort to condense and collect some of these posts, we're introducing **Shoesday Tuesday**!  Similar to Wednesday's gear thread, but focusing on shoes.  

What’ve you been wearing on your feet? Anything fun added to the rotation? Got a review of a new release? Questions about a pair that’s caught your eye? Here's the place to discuss.

 *NOTE: For you Runnitors looking to sell/trade any running gear (as well as bib transfers), head over to /r/therunningrack.*",tuesday shoesday shoes are a big topic in this sub so in an effort to condense and collect some of these posts we re introducing shoesday tuesday similar to wednesday s gear thread but focusing on shoes what ve you been wearing on your feet anything fun added to the rotation got a review of a new release questions about a pair that s caught your eye here s the place to discuss note for you runnitors looking to sell trade any running gear as well as bib transfers head over to r therunningrack,0.8538,positive,0.8538,https://www.reddit.com/r/running/comments/1oi0tka/tuesday_shoesday/,nike running shoes,,,,1oi0tka,running
Nike,reddit,running,2025-12-24 00:00:00+00:00,"Tuesday Shoesday

Shoes are a big topic in this sub, so in an effort to condense and collect some of these posts, we're introducing **Shoesday Tuesday**!  Similar to Wednesday's gear thread, but focusing on shoes.  

What’ve you been wearing on your feet? Anything fun added to the rotation? Got a review of a new release? Questions about a pair that’s caught your eye? Here's the place to discuss.

 *NOTE: For you Runnitors looking to sell/trade any running gear (as well as bib transfers), head over to /r/therunningrack.*",tuesday shoesday shoes are a big topic in this sub so in an effort to condense and collect some of these posts we re introducing shoesday tuesday similar to wednesday s gear thread but focusing on shoes what ve you been wearing on your feet anything fun added to the rotation got a review of a new release questions about a pair that s caught your eye here s the place to discuss note for you runnitors looking to sell trade any running gear as well as bib transfers head over to r therunningrack,0.8538,positive,0.8538,https://www.reddit.com/r/running/comments/1o66ltq/tuesday_shoesday/,nike running shoes,,,,1o66ltq,running
Nike,reddit,running,2025-12-24 00:00:00+00:00,"2025 Toronto Waterfront Marathon - A Masterclass in Panicking for 42.2

# Race Information

* Name: 2025 Toronto Waterfront Marathon (TWM)
* Date: October 18, 2025
* Distance: 42.2
* Location: Toronto, ON
* Temperature: Temps between 17-21C (62-70f)
* Wind: N/E wind between 21-31kph (13-18mph). Gusts were 30-50kph (18-31mph)
* Website: [https://www.torontowaterfrontmarathon.com/](https://www.torontowaterfrontmarathon.com/)
* Chip Time: 3:08:xx (4:28/km, 7:03/mile)
* HR: Avg 166, Max 180
* Gender/Age: M45
* Height/Weight: 5'7 144lbs
* Shoes: Alpha Fly 3's
* Nutrition: 6 Maurten 160's (one 30mins before race, every 6km's and race provided GU caffeinated gels randomly when I panicked and thought my legs would blow up)
* Hydration: 2 cups of water and 1-2 cup electrolytes at EVERY station

# Goals

|Goal|Description|Completed?|
|:-|:-|:-|
||
|A|3:08 (Safe-ish buffer for BQ)|Yes|
|B|3:10 (Less safe buffer for BQ)|Yes|
|C|3:14:59 (BQ knowing I won't go)|Yes|
|D|PR (previous was 3:25:55)|Yes|

# Splits

|Kilometer|Time|
|:-|:-|
||
|1|4:16|
|2|4:14|
|3|4:24|
|4|4:21|
|5|4:24|
|6|4:18|
|7|4:14|
|8|4:23|
|9|4:27|
|10|4:30|
|11|4:26|
|12|4:27|
|13|4:25|
|14|4:22|
|15|4:22|
|16|4:16|
|17|4:17|
|18|4:23|
|19|4:29|
|20|4:26|
|21|4:18|
|22|4:20|
|23|4:18|
|24|4:21|
|25|4:26|
|26|4:24|
|27|4:13|
|28|4:27|
|29|4:28|
|30|4:30|
|31|4:28|
|32|4:30|
|33|4:32|
|34|4:38|
|35|4:30|
|36|4:29|
|37|4:29|
|38|4:31|
|39|4:35|
|40|4:37|
|41|4:23|
|42|4:23|
|43|3:45|

# Splits

|Mile|Time|
|:-|:-|
||
|1|6:58|
|2|6:54|
|3|7:01|
|4|6:56|
|5|7:00|
|6|7:14|
|7|7:08|
|8|7:09|
|9|7:04|
|10|6:55|
|11|6:58|
|12|7:10|
|13|7:02|
|14|7:01|
|15|6:59|
|16|7:05|
|17|7:01|
|18|7:07|
|19|7:14|
|20|7:14|
|21|7:23|
|22|7:16|
|23|7:15|
|24|7:19|
|25|7:23|
|26|7:04|
|26.6|6:33|

# Background

I've always loved running, when I was younger I was a decent high school sprinter. I'd often qualify for ROPSAA (Regionals) in the 100m and 200m, never came close to OFSAA (Provincials). But then was forced to run cross-country because my sprinting coach caught me smoking cigarettes and forced me to run distance as my penalty. Thank you Ms Miller! I perhaps could've run varsity track, but I just wanted to drink and be an idiot in University (wrong choice!)

I was VERY into Crossfit for about a decade, didn't train any running, but still had a bit of a natural ability and did well in the running type workouts. Crossfit style workouts are also very good for aenorobic fitness. Stopped Crossfit in 2020 at the beginning of the pandemic and instead started to run again and lift like a normal person. This didn't last long though and the volume wasn't there, about \~300km of running in 2020/2021 total. This was just tempo 5k's over and over wondering why I wasn't getting faster.

I picked running back up in May 2024. And since then have logged 3,264km as of this post. I still remember that first run back in 2024, a 27:53 5K and I was GASSED!

I am brand new to racing in my adult life. My first official race was a 5k Turkey Trot fall of 2024 with my 10 year old son. He seems to have some talent, his 5k PR is 20:53.

**Races in my short racing career:**

**Oct 20, 2024:** 5K Turkey Trot - 27:xx (we ran 6.7km because the lead pack took a wrong turn)

**Nov 2, 2024:** Half Marathon - 1:28:xx

**March 30, 2025:** Around the Bay 30k (oldest race in N.America est.1894) - 2:23:xx

**Apr 27, 2025:** First full marathon: 3:25:xx

**May 24, 2025:** Sulphur Springs Trail Race w/ 1350m elevation - 5:31:xx (I ended up running 52.5km, took a wrong turn)

**May 31, 2025:** 1k local charity run with my daughter - 6:42 (MY FAVOURITE RACE!)

**Oct 18, 2025:** Toronto Waterfront Marathon - 3:08:xx

I also have some very bad gremlins. None of my running friends really know this, but I vape regularly (helped me to quit cigarettes) and I smoke cannabis daily. This is the single most embarassing thing in my life, addiction is no joke and I know I need all of it out of my life. My wife always tells me how dumb I am and that if I quit my vices that'd be an automatic 5mins less in a marathon. She's probably right!

# Training

As a father of 2 young kids, coaching both kids hockey teams and fitness trainer for my son's soccer team, plus being a taxi driver for all of their other extra curriculars; it's always been very hard to strictly follow a proper training plan. My saving grace is that I WFH full-time, which gives me flexibility in the morning and allows me to go on lunch runs. The kids are also a little older so I can leave the house for 2-3 hour runs (between hockey practices/games) on weekends and my wife is fine with it!

Time being such a commodity. I'd run whenever I could. During Soccer/Hockey practice, I'd run home from family grocery trips, from IKEA, the hockey arena. Pretty much, any time I could find a window to run, I would. The key for me, was using time that didn't take away from my kids. I never enjoy the runs when I know they are just at home waiting for me, guilt sets in heavily.

When training for my first Marathon beginning of this year, a soccer tournament popped up for my son on the exact weekend I had registered for the Toronto Spring Marathon. This stopped me in my tracks mid-training block. I wasn't sure what to do, had a mental block with the scheduling conflict, and didn't take my training seriously in February (took 3 weeks off entirely from running). But then I found another marathon which was a week prior to my scheduled race. So I registered and was panicking that I shoudn't have taken a break in the block.

Something similar happened for this fall, Toronto Waterfront Marathon sold out much earlier than I had expected. So I again took a break from my training block in June, wasn't sure I'd find a bib and was hard to train not being sure if I was even going to run in the fall! And then went on vacation to Asia for 2 weeks (got about 100km of leisure/z2 running in) and Disney right after for a week (got about 65km's of leisure/z2 running in). Both very hot places (I don't do well running in heat), but had some very early morning to still get some km's in. Due to the heat, no tempo runs, no interval runs, just easy runs for the month of August.

I then found a bib for TWM, and naturally panicked because I was far behind on my almost non-existent training block. Mind you, I had a solid base running 40-60km's/week before vacation. So my block really only started Aug25. Not a lot of time. I loosely followed pfitz 18/70 with four 100km+ weeks in a row. By this point I had resided to the fact that I wasn't going to BQ, it was too late. I just wanted to PR.

But this short block went very well! How did it go so well? Finding an incredible training partner. We pushed each other HARD. I'd say our best run was when we took a train 30km out of town and ran back. We did 5k WU, 21K at MP, 4k CD and that really pumped me up. Had some really solid long run fartleks doing 2k and 3k intervals. What we did lack however on this block, was track sessions. I always found the track days is where I'd see the most gains.

I was also heavier after the Disney trip. I workout A LOT and was holding too much upper body muscle. It was slowing me down. So 4 weeks before Race Day I just completely stopped lifting upper body and lost 6lbs.

# Pre-race

Because of my short training block, I only did a 1 week taper. I pushed volume and intensity all the way until the Sunday before. But taper week I only ran about 20km's total before race day.

Started to carb load 3 days before, slowly ramping up and on the Saturday must've had at least 600g of carbs from pasta, apple juice, white bread and bagels. Felt so bloadted and gross, I tend to lean towards protein over carbs as a personal prefence, so this was hard! I was coaching hockey with plain bagels in both of my pockets!

I was hoping to get to bed early, but my son's hockey schedule foiled the plans. He had practice from 7:30-8:30pm. So as soon as I got home I had a small snack, water and salt, a joint, and then bed. I think I fell asleep around 11:30pm.

Woke up at 5am. Had one espresso, Maurten Drink Mix 320 Caf 100, half a bagel with peanut butter and honey, and a banana. I tried not to drink too many more liquids, as I get really bad nervous pees when in starting corrals.

In an Uber by 6am, picked my running partner up and we headed into the city. The entire city was blocked off so we just got out of our Uber about 1.5km from the start line, and used that as a bit of a warmup.

I was not in a good headspace. The winds were blowing, and it was unusually warm for a mid-october morning. Decided I didn't need a throwaway jacket it was so warm. I just kept telling myself ""OK, no BQ today but at least PR"". After a few quick pees (like 4 in the span of 30 minutes) we found our spot in the corral, about 100m from the start, so we were with some very fast runners.

# Race

This marathon had both the 1/2 and full runners start together. My running partner and I kept reminding each other to maintain pace and not go out too quickly with some of the elite runners in our corral, as well as the 1/2 marathoners. Well, the gun went off and everyone around us just took off like bullets. Because of the tall buildings, initially my pace was kind of all over the place on my Garmin. I couldn't trust it so I just paced with the ""slower"" runners around me. My partner did not, he went ahead and I lost him within about 30 seconds.

The crowds were ELECTRIC! Our mayor was even out dancing to a marching band playing Bad Romance and handing out high-fives. In my opinion, she is a great mayor, but that's not what this post is about. I thought with the weather, crowds may have been lighter, but our city showed up!

Let's break down this race.

**1-2km** I was running too fast, started at the front of the corral with 1/2 marathoners and found it hard to slow down. I kept thinking ""you've gotta slow down, this is not the way to start"" But ultimately I think the quick start got me into a faster pace which helped me get into a rhythm. 

**3-7km** was south on Bathurst, this stretch was all downhill. Some Northern wind, but the slight downhill was helpful. This street has a very popular running store, Black Toe Running, which had a ton of support for their runners. I couldn't hear myself think when I passed that store and felt energized! Felt like I was settling in and feeling ok. I was trying to run a little slower, but eventually the momentum from the downhill made me run faster than I wanted to. 

**8-12km** the crowd thinned out a bit, but still a lot of great energy. Still felt too fast, HR was creeping up to 168 so I backed off a bit until the turn. I remember hitting the 10km mark and thinking ""F, that's less than 25%"" and wondered how I could maintain pace for that long. This course turns around at 13km, to run east. We saw the elites at this point, about 15 in a pack, and we all just screamed and shouted as loud as we could at them. It was pretty incredible to see.  

**13-20km** The course switches back eastbound and runs along the Lakeshore to Downtown Toronto. The 3:05 pacer crept up behind me. A sign that I HAD been running too quickly. But I felt good so I tucked in the middle of the group, trying to use other bodies to block all of the wind. At about 18km there was an annoying and long hill, not too steep, but steep enough it felt like I was marching towards blowing up. HR increased so I backed off a tad. This was a mentally difficult portion as 20km is where the fork is for 1/2 marathon and full. The lakeshore is also wide open and with the lake right there, the winds were really going, with no buildings to block the madness.

**21-28km** was kind of a blur. I didn't really study the course well, some surprise turns but I just followed the crowd. This is kind of no-mans land as well, underneath our main highway/freeway. Still some crowd support, but not the same energy. Felt a little dirty and grimy in that section. This is obviously where the 1/2 marathoners turn off, and I couldn't help but think ""F I'd love to just screw the full and go finish now"". I fell behind the 3:05 pacer but I was feeling pretty good. I was also way off on my tangents, My watch showed 21.4km when I arrived at the physical 21km sign. I'm either running on the outside of the course, GPS was wonky because of the buildings, or a bit of both? (Anyone have insights?). I passed my running partner at about 23km, he looked a little rough, which naturally made me panic as he's faster than me. I questioned if I should stay with him, or go. I caught up and we barely said anything to each other, I remember him just saying ""Go!"" (maybe he didn't say that but my mind was starting to break down). I remember thinking ""I just want to see someone I know in the crowds"" and I tried to visualize it. But alas at I think 25km my bestfriend surprised me and was waiting for me on his bike. It made me quite emotioinal but really picked me up, I had tears in my eyes for the next km.

**28-32km** This is where I asked myself ""what do you want? what do you have left? Do you actually have that BQ in you?"" I know I was a bit ahead on my timing as I banked some time in the first half (NEVER recommend that!). But I could feel fatique setting into my quads and my left glute had some niggles. I decided to just go for it and tried to settle into a 4:25-4:28 pace. I ended up catching up to the 3:05 pacer and quietly tucked myself back in the middle of the group.

**32-40km** The race starts now! I saw my best friend again, and he had facetimed my wife and kids. This was a HUGE boost for me. This area, called Leslieville/Queen East, was ELECTRIC. If there was a neighbourhood for best support of the marathon, they would've been the clear winners. I guess they know this is the grindy part of the race, so they supported the heck out of all of us out there. Also saw a buddy from my run club as a spectator, which was very helpful too. I was hovering between being in the middle of the 3:05 pack, and falling back about 200m. Wasn't very consistent but at this point it was just pure survival. I then saw my bestfriend again at 35km, I remember him saying ""you're almost there!!"" But when I looked up, The CN Tower looked SO far away, and that is where I had to go. Mind went dark and blank, legs were absolutely on fire but I just held on for dear life. I actually convinvced myself I was going to stop, but then I didn't want to lose the 3:05 pacer so I just held on for dear life. I actually started to talk out loud to myself and repeated my kids names over and over and over for at least 3km's in this section.

**40-43km** Peep the 43km, my tangents were so far off I ended up running 42.94km. But again, maybe I didn't, maybe it was the GPS that was really off. At 40km there was a guy that I had been running beside in the 3:05 pack for awhile. I looked at him and just said ""you want to dig in and leave this pacer?"" he nodded and we took off. Well, it felt like we took off but we were only going 4:23 for km41/42. I passed several faster runners who had stopped, trying to stretch out cramped up calves. So of course I started to feel my right calf seizing up and tried to ignore it, thankfully it was OK.The last turn up north is slightly uphill, but we also had the wind at our backs. This is Bay St (Toronto's Wall St), the biggest crowd is naturally at the end. They were quieter than usual and I really needed the energy to get me through the last (bonus) km. So I just yelled at the crowd that I really needed their help and they came through! I sprinted, HR hit 180 at a pace of 3:45 for the final km. Finished, daps and hugs with the guy I ran it in with. And then looked at my phone to see the hundreds of messages from my various friends/family groups cheering me on, making me a little emotional for a minute.

# Post-race:

I tracked my partner right away and he was still on course. I was worried because it showed him 94% done after about 30 mins of me finishing, but it was a glitch in the system and he actually finished with a 3:23:23. He's not unhappy about it, nor is he happy about it. Sometimes it's just not our day. I'm thinking the quick start and the heat got to him early on in the race.

Overall, I am VERY happy with how this race went. I didn't expect it to go so well given the unfavourable conditions and my hacked-together training block. I feel it was near perfect execution even though the theme was ""PANIC"" the entire race! I just want to go to Boston, and I think this may have done it. Have a 6:45+ buffer which I hope is enough, especially with the new downhill penalties. I just signed up for Chicago as well, I didn't even realize it until after the race, Chicago for my age group is guaranteed entry with a sub 3:10.

I'm a little bit upset about the 3:05 pacer, thought getting ahead of him meant I was going to be sub 3:05, I couldn't do the calculations in my head even knowing I was running long. My brain was mush, I couldn't think of anything other than one foot in front of the other. I guess being so new to racing, i'm guessing pacers don't always come in at the time they hope for. I'm just glad I left him at 40km otherwise I likely wouldn't be going to Boston with such a small buffer. I think 3:05 pacer came in at around 3:10. Perhaps me being a tad upset about it is more so greed. I achieved EXACTLY what I wanted to achieve and should have gratitude for that. And in the end of the day, the pacer is a volunteer guide, shouldn't be using them as a goal. I have to run my own race!

I'm glad I had a less than ideal training block, and that the conditions were less than ideal. This gives me a lot of space to imrpove.

Next steps: Stop vaping and smoking weed, more leg strength workouts, better nutrition, follow a proper training block, learn to run efficient tangents. This past marathon got me into Chicago which I've registered for. Goal will be sub 3! l

Made with a new [race report generator](http://sfdavis.com/racereports/) created by [u/herumph](https://www.reddit.com/user/herumph/).

#",2025 toronto waterfront marathon a masterclass in panicking for 42 2 race information name 2025 toronto waterfront marathon twm date october 18 2025 distance 42 2 location toronto on temperature temps between 17 21c 62 70f wind n e wind between 21 31kph 13 18mph gusts were 30 50kph 18 31mph website chip time 3 08 xx 4 28 km 7 03 mile hr avg 166 max 180 gender age m45 height weight 5 7 144lbs shoes alpha fly 3 s nutrition 6 maurten 160 s one 30mins before race every 6km s and race provided gu caffeinated gels randomly when i panicked and thought my legs would blow up hydration 2 cups of water and 1 2 cup electrolytes at every station goals goal description completed a 3 08 safe ish buffer for bq yes b 3 10 less safe buffer for bq yes c 3 14 59 bq knowing i won t go yes d pr previous was 3 25 55 yes splits kilometer time 1 4 16 2 4 14 3 4 24 4 4 21 5 4 24 6 4 18 7 4 14 8 4 23 9 4 27 10 4 30 11 4 26 12 4 27 13 4 25 14 4 22 15 4 22 16 4 16 17 4 17 18 4 23 19 4 29 20 4 26 21 4 18 22 4 20 23 4 18 24 4 21 25 4 26 26 4 24 27 4 13 28 4 27 29 4 28 30 4 30 31 4 28 32 4 30 33 4 32 34 4 38 35 4 30 36 4 29 37 4 29 38 4 31 39 4 35 40 4 37 41 4 23 42 4 23 43 3 45 splits mile time 1 6 58 2 6 54 3 7 01 4 6 56 5 7 00 6 7 14 7 7 08 8 7 09 9 7 04 10 6 55 11 6 58 12 7 10 13 7 02 14 7 01 15 6 59 16 7 05 17 7 01 18 7 07 19 7 14 20 7 14 21 7 23 22 7 16 23 7 15 24 7 19 25 7 23 26 7 04 26 6 6 33 background i ve always loved running when i was younger i was a decent high school sprinter i d often qualify for ropsaa regionals in the 100m and 200m never came close to ofsaa provincials but then was forced to run cross country because my sprinting coach caught me smoking cigarettes and forced me to run distance as my penalty thank you ms miller i perhaps could ve run varsity track but i just wanted to drink and be an idiot in university wrong choice i was very into crossfit for about a decade didn t train any running but still had a bit of a natural ability and did well in the running type workouts crossfit style workouts are also very good for aenorobic fitness stopped crossfit in 2020 at the beginning of the pandemic and instead started to run again and lift like a normal person this didn t last long though and the volume wasn t there about 300km of running in 2020 2021 total this was just tempo 5k s over and over wondering why i wasn t getting faster i picked running back up in may 2024 and since then have logged 3 264km as of this post i still remember that first run back in 2024 a 27 53 5k and i was gassed i am brand new to racing in my adult life my first official race was a 5k turkey trot fall of 2024 with my 10 year old son he seems to have some talent his 5k pr is 20 53 races in my short racing career oct 20 2024 5k turkey trot 27 xx we ran 6 7km because the lead pack took a wrong turn nov 2 2024 half marathon 1 28 xx march 30 2025 around the bay 30k oldest race in n america est 1894 2 23 xx apr 27 2025 first full marathon 3 25 xx may 24 2025 sulphur springs trail race w 1350m elevation 5 31 xx i ended up running 52 5km took a wrong turn may 31 2025 1k local charity run with my daughter 6 42 my favourite race oct 18 2025 toronto waterfront marathon 3 08 xx i also have some very bad gremlins none of my running friends really know this but i vape regularly helped me to quit cigarettes and i smoke cannabis daily this is the single most embarassing thing in my life addiction is no joke and i know i need all of it out of my life my wife always tells me how dumb i am and that if i quit my vices that d be an automatic 5mins less in a marathon she s probably right training as a father of 2 young kids coaching both kids hockey teams and fitness trainer for my son s soccer team plus being a taxi driver for all of their other extra curriculars it s always been very hard to strictly follow a proper training plan my saving grace is that i wfh full time which gives me flexibility in the morning and allows me to go on lunch runs the kids are also a little older so i can leave the house for 2 3 hour runs between hockey practices games on weekends and my wife is fine with it time being such a commodity i d run whenever i could during soccer hockey practice i d run home from family grocery trips from ikea the hockey arena pretty much any time i could find a window to run i would the key for me was using time that didn t take away from my kids i never enjoy the runs when i know they are just at home waiting for me guilt sets in heavily when training for my first marathon beginning of this year a soccer tournament popped up for my son on the exact weekend i had registered for the toronto spring marathon this stopped me in my tracks mid training block i wasn t sure what to do had a mental block with the scheduling conflict and didn t take my training seriously in february took 3 weeks off entirely from running but then i found another marathon which was a week prior to my scheduled race so i registered and was panicking that i shoudn t have taken a break in the block something similar happened for this fall toronto waterfront marathon sold out much earlier than i had expected so i again took a break from my training block in june wasn t sure i d find a bib and was hard to train not being sure if i was even going to run in the fall and then went on vacation to asia for 2 weeks got about 100km of leisure z2 running in and disney right after for a week got about 65km s of leisure z2 running in both very hot places i don t do well running in heat but had some very early morning to still get some km s in due to the heat no tempo runs no interval runs just easy runs for the month of august i then found a bib for twm and naturally panicked because i was far behind on my almost non existent training block mind you i had a solid base running 40 60km s week before vacation so my block really only started aug25 not a lot of time i loosely followed pfitz 18 70 with four 100km weeks in a row by this point i had resided to the fact that i wasn t going to bq it was too late i just wanted to pr but this short block went very well how did it go so well finding an incredible training partner we pushed each other hard i d say our best run was when we took a train 30km out of town and ran back we did 5k wu 21k at mp 4k cd and that really pumped me up had some really solid long run fartleks doing 2k and 3k intervals what we did lack however on this block was track sessions i always found the track days is where i d see the most gains i was also heavier after the disney trip i workout a lot and was holding too much upper body muscle it was slowing me down so 4 weeks before race day i just completely stopped lifting upper body and lost 6lbs pre race because of my short training block i only did a 1 week taper i pushed volume and intensity all the way until the sunday before but taper week i only ran about 20km s total before race day started to carb load 3 days before slowly ramping up and on the saturday must ve had at least 600g of carbs from pasta apple juice white bread and bagels felt so bloadted and gross i tend to lean towards protein over carbs as a personal prefence so this was hard i was coaching hockey with plain bagels in both of my pockets i was hoping to get to bed early but my son s hockey schedule foiled the plans he had practice from 7 30 8 30pm so as soon as i got home i had a small snack water and salt a joint and then bed i think i fell asleep around 11 30pm woke up at 5am had one espresso maurten drink mix 320 caf 100 half a bagel with peanut butter and honey and a banana i tried not to drink too many more liquids as i get really bad nervous pees when in starting corrals in an uber by 6am picked my running partner up and we headed into the city the entire city was blocked off so we just got out of our uber about 1 5km from the start line and used that as a bit of a warmup i was not in a good headspace the winds were blowing and it was unusually warm for a mid october morning decided i didn t need a throwaway jacket it was so warm i just kept telling myself ok no bq today but at least pr after a few quick pees like 4 in the span of 30 minutes we found our spot in the corral about 100m from the start so we were with some very fast runners race this marathon had both the 1 2 and full runners start together my running partner and i kept reminding each other to maintain pace and not go out too quickly with some of the elite runners in our corral as well as the 1 2 marathoners well the gun went off and everyone around us just took off like bullets because of the tall buildings initially my pace was kind of all over the place on my garmin i couldn t trust it so i just paced with the slower runners around me my partner did not he went ahead and i lost him within about 30 seconds the crowds were electric our mayor was even out dancing to a marching band playing bad romance and handing out high fives in my opinion she is a great mayor but that s not what this post is about i thought with the weather crowds may have been lighter but our city showed up let s break down this race 1 2km i was running too fast started at the front of the corral with 1 2 marathoners and found it hard to slow down i kept thinking you ve gotta slow down this is not the way to start but ultimately i think the quick start got me into a faster pace which helped me get into a rhythm 3 7km was south on bathurst this stretch was all downhill some northern wind but the slight downhill was helpful this street has a very popular running store black toe running which had a ton of support for their runners i couldn t hear myself think when i passed that store and felt energized felt like i was settling in and feeling ok i was trying to run a little slower but eventually the momentum from the downhill made me run faster than i wanted to 8 12km the crowd thinned out a bit but still a lot of great energy still felt too fast hr was creeping up to 168 so i backed off a bit until the turn i remember hitting the 10km mark and thinking f that s less than 25 and wondered how i could maintain pace for that long this course turns around at 13km to run east we saw the elites at this point about 15 in a pack and we all just screamed and shouted as loud as we could at them it was pretty incredible to see 13 20km the course switches back eastbound and runs along the lakeshore to downtown toronto the 3 05 pacer crept up behind me a sign that i had been running too quickly but i felt good so i tucked in the middle of the group trying to use other bodies to block all of the wind at about 18km there was an annoying and long hill not too steep but steep enough it felt like i was marching towards blowing up hr increased so i backed off a tad this was a mentally difficult portion as 20km is where the fork is for 1 2 marathon and full the lakeshore is also wide open and with the lake right there the winds were really going with no buildings to block the madness 21 28km was kind of a blur i didn t really study the course well some surprise turns but i just followed the crowd this is kind of no mans land as well underneath our main highway freeway still some crowd support but not the same energy felt a little dirty and grimy in that section this is obviously where the 1 2 marathoners turn off and i couldn t help but think f i d love to just screw the full and go finish now i fell behind the 3 05 pacer but i was feeling pretty good i was also way off on my tangents my watch showed 21 4km when i arrived at the physical 21km sign i m either running on the outside of the course gps was wonky because of the buildings or a bit of both anyone have insights i passed my running partner at about 23km he looked a little rough which naturally made me panic as he s faster than me i questioned if i should stay with him or go i caught up and we barely said anything to each other i remember him just saying go maybe he didn t say that but my mind was starting to break down i remember thinking i just want to see someone i know in the crowds and i tried to visualize it but alas at i think 25km my bestfriend surprised me and was waiting for me on his bike it made me quite emotioinal but really picked me up i had tears in my eyes for the next km 28 32km this is where i asked myself what do you want what do you have left do you actually have that bq in you i know i was a bit ahead on my timing as i banked some time in the first half never recommend that but i could feel fatique setting into my quads and my left glute had some niggles i decided to just go for it and tried to settle into a 4 25 4 28 pace i ended up catching up to the 3 05 pacer and quietly tucked myself back in the middle of the group 32 40km the race starts now i saw my best friend again and he had facetimed my wife and kids this was a huge boost for me this area called leslieville queen east was electric if there was a neighbourhood for best support of the marathon they would ve been the clear winners i guess they know this is the grindy part of the race so they supported the heck out of all of us out there also saw a buddy from my run club as a spectator which was very helpful too i was hovering between being in the middle of the 3 05 pack and falling back about 200m wasn t very consistent but at this point it was just pure survival i then saw my bestfriend again at 35km i remember him saying you re almost there but when i looked up the cn tower looked so far away and that is where i had to go mind went dark and blank legs were absolutely on fire but i just held on for dear life i actually convinvced myself i was going to stop but then i didn t want to lose the 3 05 pacer so i just held on for dear life i actually started to talk out loud to myself and repeated my kids names over and over and over for at least 3km s in this section 40 43km peep the 43km my tangents were so far off i ended up running 42 94km but again maybe i didn t maybe it was the gps that was really off at 40km there was a guy that i had been running beside in the 3 05 pack for awhile i looked at him and just said you want to dig in and leave this pacer he nodded and we took off well it felt like we took off but we were only going 4 23 for km41 42 i passed several faster runners who had stopped trying to stretch out cramped up calves so of course i started to feel my right calf seizing up and tried to ignore it thankfully it was ok the last turn up north is slightly uphill but we also had the wind at our backs this is bay st toronto s wall st the biggest crowd is naturally at the end they were quieter than usual and i really needed the energy to get me through the last bonus km so i just yelled at the crowd that i really needed their help and they came through i sprinted hr hit 180 at a pace of 3 45 for the final km finished daps and hugs with the guy i ran it in with and then looked at my phone to see the hundreds of messages from my various friends family groups cheering me on making me a little emotional for a minute post race i tracked my partner right away and he was still on course i was worried because it showed him 94 done after about 30 mins of me finishing but it was a glitch in the system and he actually finished with a 3 23 23 he s not unhappy about it nor is he happy about it sometimes it s just not our day i m thinking the quick start and the heat got to him early on in the race overall i am very happy with how this race went i didn t expect it to go so well given the unfavourable conditions and my hacked together training block i feel it was near perfect execution even though the theme was panic the entire race i just want to go to boston and i think this may have done it have a 6 45 buffer which i hope is enough especially with the new downhill penalties i just signed up for chicago as well i didn t even realize it until after the race chicago for my age group is guaranteed entry with a sub 3 10 i m a little bit upset about the 3 05 pacer thought getting ahead of him meant i was going to be sub 3 05 i couldn t do the calculations in my head even knowing i was running long my brain was mush i couldn t think of anything other than one foot in front of the other i guess being so new to racing i m guessing pacers don t always come in at the time they hope for i m just glad i left him at 40km otherwise i likely wouldn t be going to boston with such a small buffer i think 3 05 pacer came in at around 3 10 perhaps me being a tad upset about it is more so greed i achieved exactly what i wanted to achieve and should have gratitude for that and in the end of the day the pacer is a volunteer guide shouldn t be using them as a goal i have to run my own race i m glad i had a less than ideal training block and that the conditions were less than ideal this gives me a lot of space to imrpove next steps stop vaping and smoking weed more leg strength workouts better nutrition follow a proper training block learn to run efficient tangents this past marathon got me into chicago which i ve registered for goal will be sub 3 l made with a new race report generator created by u herumph,0.9974,positive,0.9974,https://www.reddit.com/r/running/comments/1oe64ev/2025_toronto_waterfront_marathon_a_masterclass_in/,nike running shoes,,,,1oe64ev,running
Nike,reddit,streetwear,2025-12-25 00:00:00+00:00,"I love racing jackets ❤️

A guy approached me on the train and gave me a card for his motorcycle club I had to tell him I'm a total poser and am deathly afraid of getting into an accident on one of those things lmfao but I love the style lol
Jacket- thrifted
Savage marilyn Tshirt- Amazon
Shoes- Nike
Watch- burgundy Invicta Darth Vader",i love racing jackets a guy approached me on the train and gave me a card for his motorcycle club i had to tell him i m a total poser and am deathly afraid of getting into an accident on one of those things lmfao but i love the style lol jacket thrifted savage marilyn tshirt amazon shoes nike watch burgundy invicta darth vader,0.8847,positive,0.8847,https://www.reddit.com/r/streetwear/comments/1odc13d/i_love_racing_jackets/,nike,,,,1odc13d,streetwear
Nike,reddit,running,2025-12-25 00:00:00+00:00,"2025 Toronto Waterfront Marathon - Defying Heat and Wind for a PB

# Race Information



* **Name:** Toronto Waterfront Marathon
* **Date:** October 19th, 2025
* **Distance:** 42.2 kilometres / 26.2 miles
* **Location:** Toronto, Ontario, Canada
* **Website:** [https://www.torontowaterfrontmarathon.com/](https://www.torontowaterfrontmarathon.com/)
* **Strava:** [https://www.strava.com/activities/16193478392/overview](https://www.strava.com/activities/16193478392/overview)
* **Time:** 3:20:19 (Official) | 3:17:02 (Chip Time)
* **Nutrition:** Precision Fuel &amp; Hydration 30g carb 6x uncaffeinated, 1x caffeinated 100mg 
* **Shoes:** Nike Vaporfly 3



# Goals



|Goal|Description|Completed?|
|:-|:-|:-|
|A|Sub 3:20|*Yes*|
|B|Sub 3:25|*Yes*|

# Splits



|Split|Time|AVG HR|
|:-|:-|:-|
|5K / 3.10 mi|00:23:51|170 BPM|
|10K / 6.21 mi|00:47:07|173 BPM|
|12.5K / 7.76 mi|00:57:57|173 BPM|
|15K / 9.32 mi|01:10:26|173 BPM|
|20K / 12.42 mi|01:33:58|173 BPM|
|21.1K / 13.11 mi|01:39:07|170 BPM|
|30K / 18.65 mi|02:20:46|175 BPM|
|33K / 20.816 mi|02:35:15|175 BPM|
|35K / 21.748 mi|02:44:44|177 BPM|
|40K / 24.85 mi|03:07:41|179 BPM|
|42.2K / 26.22 mi|03:17:02|189 BPM|


HR Data from Polar Verity Sense

AVG HR: 175 BPM

AVG Cadence: 185 SPM

AVG Pace: 4:36/km (7:24/mi)

# About Me

I'm 31M 170 cm tall and weigh about 58.4 kg (or 5'7"" and 128 lbs.) I've been running for about 5 years now. Coming into this race, I set a half-marathon PB of 1:24:56 in April, and I have ambitions of getting my Boston Qualifier time in the next couple of years. My previous marathon PB was 3:38:43 set last year, but this was run conservatively due to hot and humid conditions on race day. As much as I loved my first experience, I always wondered what it’d feel like to run to my limits, and man I got more than I bargained for with this race.

# Training

After an amazing half-marathon result, I rebuilt my base in a couple of months and braced for training. I got up to my usual 100 km (85mi) towards the end, and had a couple long run workouts in there, so I was pretty confident going in. I opted for a 16 week plan that’s based on Jack Daniels’ system of training. I knew that the likely BQ time after cut-offs wasn't going to be realistic, but at the very least I could shoot for sub 3.

This year’s summer was unseasonably warm and humid by Southern Ontario’s standards, and it really started to take its toll. In hindsight, I did a pretty poor job adjusting for the heat and my workouts were consistently very difficult as a result. Nearly all sessions were done in temperatures that felt like 30C (86F) and 88% RH. In addition to that, I was completely unaccustomed to the steady pace (approximately zone 3) runs that the plan had prescribed. And sure enough, during week 6 I started to feel sore, and by week 8 I was injured. My right hip was locking up badly and I could not run.

After doing the 5 stages of grief, I booked a session with my PT. The conclusion we reached was that it was a hip flexor strain. It’d take 2-4 weeks to heal. The timing couldn’t be worse as it coincided with the peak of the training plan. I’d sporadically run during this time, but they were always easy efforts and very low mileages. I just could not produce any power whatsoever from my right side. There was some cross-training, but it definitely was not a substitute for running.

Mentally, it was tough to deal with. Thinking you’re knocking on the 3 hour barrier’s door, and then going to completely sidelined is quite the emotional U-turn. At certain points I debated whether or not it’d be wise to run the race at all.

By week 11, the healing process was steady enough that I started musing about running the race. I coached myself to a sub 1:25 half and I thought I could at least get myself ready to complete the race in 5 weeks. It wouldn’t be a sub 3 or anywhere close to that, but I thought it’d feel worse to miss out. So, I fired up Excel and started writing my own plan. This plan featured an aggressive ramp up from 85 km (52 mi)  / week, to 100 km (62 mi), 130 km (80 mi) and then a 2 week taper. Additionally, I re-tooled my strength training to include weights. I had previously gotten away with only bodyweight exercises, but it was clear that I needed something more for the future.

Full disclosure, I acknowledge that this is incredibly reckless. **I do not recommend this**. I only got away with this because I set a conservative goal. I have experience coaching myself. I’m very familiar with my own training and how my body reacts to it. On any given day I could modify, moderate, or skip a run if needed. Also, I had a fair bit of luck on my side.

Week 1 of 5, my paces were all over the place and my sessions truly humbled me. Paces that I previously considered trivial were now anything but. It stung the ego a bit, but I needed to swallow my pride if this was going to work. Sure enough, I got through week 1 unscathed and my hip flexor strain was rapidly improving. Which means, this is precisely the best time to get sick.

During week 2, I attended a Blue Jays game and must’ve caught something there. Funny enough, I thought the burning in my throat was just caused by some mustard I choked on. The session the next day felt fine, but I finished with a scratchy throat. By the evening I had aches and pains. The surefire signs of a cold or respiratory tract infection.

It was going to be hard to do this with an injury on the mend, but now throwing illness into the mix? I had to dig deep. I was red-lining my body quite a bit, but the infection wasn’t so bad that it prevented me from running. I had fought off much worse in the past. I took a rest day and finished the 100 km (62mi) week off, even running a double day and 30K (18.5 mi) long run session.

Week 3 would test me. It was a 130 km (80 mi) week, more than I had ever done. I had reached 125 km (77 mi) in my half-marathon training, so I reasoned I could do this with much less cumulative fatigue. Still, it was tough going. Double days, mile repeats, and some threshold speed injections in a long run. I knew this was the last week to see any fitness gains, so “make it count” was the motto.

It was here that I decided on my new time goal. Without a race result at my new fitness level to go off of, I couldn’t use the VDot calculator. Runalyze’s prognosis is something I have a love-hate relationship with, but it’s the number I ultimately went with. My A-Goal would be 3:20:00. In the case that my hip flexor wouldn’t allow this, I went with a B-Goal of sub 3:25.

&amp;nbsp;

# Pre-race
I opted for a 2 week taper. The main objective was to let my hip flexor strain fully heal. I moderated some of the more difficult efforts and reduced my easy mileage substantially. Week 4 had an overall mileage of 85 km (52 mi), and week 5 had about 45km (27 mi,) excluding the marathon. A bit less than I’d usually do, but I figured that the minimal amount of hay I had was already in the barn. The priority now was recovery while keeping things sharp. It was a very fine balancing act that I ultimately got right. My running economy was improving and my paces began to return to normal. I also threw in some steady paced efforts to get a feel for the pace I had chosen. The last remnants of the illness would dissipate during this time.

2 days out from the race, I started to carbload. About 8.5g per kilo of my bodyweight per day. I usually go a bit lighter with the loading phase, because I sleep considerably worse if I over do it.

For my shakeout, I had a couple Ks of warm up, 3K of marathon pace work, and some cool down. The pace felt difficult, but definitely not impossible. More importantly though, I wore what I had on at my first marathon. A new PB was all but guaranteed since I ran that one so conservatively, but it was also a reminder of the progress I’d made in a year.

# Race

I woke up at 4:00 AM, asking myself why the hell I got into this hobby. I had my usual breakfast, 2 PB&amp;J bagels and about 380 mL of black coffee. I arrived about an hour before start time to account for the large crowd. After running my warm up, I realized there wasn’t enough time to use the washrooms before getting into the corrals. The barricades and dense crowds meant I couldn’t go. I kicked myself for this, but it was what it was. I decided to use the first one I saw on the race course, since most folks would’ve gone already and it wouldn’t be too punishing to stop early on in the race.

Conditions for the day were a temperature range of 17 to 21C (62.6f to 69.8f) with winds between 21 kph (13 mph) to 30 kph (18 mph.) The gusts were 30 kph (18 mph) to 50 kph (31 mph.) Not ideal at all. I was hoping for rain to help cool things down, but it wasn’t to be. Thankfully the wind was coming mostly from the south and would only be a true headwind for a few sections of the race.

I started getting into my own head a bit. Aside from the weather, running after coming back from an injury and being undertrained was going to be a challenge. I started to have some doubts. What if my hip flexor gave out again? What if I couldn’t hold the pace? 5 weeks isn’t enough time, what was I thinking?

Then, someone nudged me out of my thoughts. To my complete and utter surprise, this guy recognized me from my YouTube channel. Which isn’t big at all. With a modest 30 subscribers, and most viewed video having some 500 views, I’m definitely not internet famous on Running YouTube. We exchanged pleasantries and he was on his way. That was enough to snap me out of my mental funk. I was ready to give this race all I had.


&amp;nbsp;

At 8:00 AM we were off. The first section of the race was a slight uphill on Yonge Street before turning westbound on Bloor Street. I had previously filmed a 10K race on this stretch of road, so it was like saying hello to an old friend. I set off at pace until the 3K aid station where I took a quick toilet break. Like I had predicted, the portapotties were available. However, this set me behind pace by about a minute. I’d push to finish the third kilometre at 5:08/km pace. I was in a deficit of about 15 seconds. Something that I’d quickly make up for in the next two kilometres.

As I was making my way down Bathurst Street, I began playing with paces a bit. While 4:30/km (7:15/mi) felt a little too much, 4:35-4:40/km (7:23-7:31/mi) felt much better than I thought it would. So I opted for that level of effort instead. If there was a section that was being difficult, I’d fall back to the target of 4:45/km (7:39/mi.)

The race then took us down by Fort York, a preserved 18th century military installation, before bringing us to the titular waterfront the marathon takes its name from. Lakeshore Boulevard has a fantastic view of Lake Ontario. The sun peaked out, tinting the clouds orange as strong winds crashed dark waves on the breakwater.

Speaking of the wind, it was truly hitting me now. In the downtown areas, some of the buildings provided cover, and Bathurst was a slight downhill, but on the lakeshore, there was nothing. I couldn’t help but smile a bit. I had defied warm weather and crosswinds separately at Mississauga. Now it was all about putting those lessons together.

At aid stations, I’d opt to splash water over myself at the first table and mostly drink Nuun at the second. With the winds gusting, this worked well to provide the much needed cooling. Especially since the aid stations were placed every 3K.


&amp;nbsp;

We made our loop at Lakeshore Boulevard to swing back towards the city and under the Gardiner Expressway. Although my Garmin’s GPS was relatively reliable, it was here where it unraveled. Because the Gardiner is an overhead highway with Lakeshore boulevard directly underneath, most GPSs will get confused. It’s happened so many times to me when using Google Maps.

My watch went haywire on the 20th kilometre and the alert sounded well in advance of the marker. I had been keeping a very rough track of how much time I was missing from not running the course 100% to the tangents. Using the difference between the Garmin lap alert and me crossing the physical marker gave me a rough idea. Now I was flying blind and the alerts were sounding off hundreds of metres ahead of where they were.

I decided to not think too much about it and just try to stick to my target pace. I knew I was already up a bit in terms of time due to running faster than expected. The GPS wasn’t likely to malfunction again until the final stretch in the downtown area.

The Toronto Waterfront Marathon isn’t a hilly course by any means, but there were definitely some inclines on the eastbound stretch out to The Beaches that didn’t feel great, but for every stretch that didn’t feel great, there were two or three where I felt like I was skating across the road. It was here I also caught sight of the 3:20 pace group. I started a couple minutes behind them, so I knew if I was on top of them I was making my objective by about that much.

&amp;nbsp;

Despite the good news, trouble was brewing. I felt my right calf start to get a little tighter. The early warning signs of a cramp. The wind and heat was affecting me more than I thought it would. In light of that, I decided to take my only caffeine gel later on after the 30K mark, rather than the planned 25K. In addition to hydrating more, I increased my cadence and slightly reduced my stride length. Aside from a 189 spm looking like a very comical shuffle at my pace, this took the edge off the cramp.

After what seemed like an eternity, I reached the turn around point on Queen Street East and Balsam Avenue. The downhill back felt considerably better. I had a little check in with myself and realized I had quite a bit of gas left in the tank. It was time to do a little negative split for the last 4K.

I stepped on the gas and ramped up to 4:29/km (7:13/mi) and it felt great. The caffeine had really kicked in by now and I was locked in. I flew across the Eastern Avenue bridge and ramped up to 4:23/km (7:03/mi,) making my way back downtown. With some cover from the wind, I took the next kilometre at 4:22/km (7:02/mi.) Then there was the final stretch.

Up until this point I had been running with music, but most of it was being drowned out by the cheering crowds. But, there was a small section where no one was standing where the most crucial song I had chosen for the last leg of the race was audible. One Final Effort from the Halo 3 soundtrack. Hearing those opening piano chords was like electricity. The sections of the song that appeared during the game’s final warthog run signalled it was time to finish the fight. Against a final uphill, I went all out, touching my 10K race pace and launching myself through the finish line.


&amp;nbsp;

# Post-race

Upon finishing, I was proud of what I had just done. I just took some 20 minutes off my previous marathon PB in some less than ideal conditions. I felt like I had accomplished what I set out to do, to run a marathon to my absolute limit. And I got that confirmed immediately, because after I crossed the finish line and stopped, my right calf cramped up. My left leg, having had enough of my right’s antics for the past couple of years, decided to go on strike, refusing to support my full bodyweight, and just like that I was flat on my butt.

The medical team were immediately on me fearing the worst. It was hot that day and we were taking casualties all race long. Looking back at the finish line footage, I also saw that the gentleman right behind me stopped to make sure my head didn’t hit the pavement. It wasn’t a real risk, but the gesture is still incredibly kind.

I sheepishly told the medics that it was just a cramp. I couldn’t really walk though, so they wheeled me off to the side. After a hundred metres or so, the medic asked me if I wanted to go to the medical tent. My leg wasn’t perfect, but I tried standing on it, and it was good enough to limp on, and I was on my way, medal in tow. My mind set on one place. Vancouver.

&amp;nbsp;

Made with a new [race report generator](http://sfdavis.com/racereports/) created by u/herumph.",2025 toronto waterfront marathon defying heat and wind for a pb race information name toronto waterfront marathon date october 19th 2025 distance 42 2 kilometres 26 2 miles location toronto ontario canada website strava time 3 20 19 official 3 17 02 chip time nutrition precision fuel amp hydration 30g carb 6x uncaffeinated 1x caffeinated 100mg shoes nike vaporfly 3 goals goal description completed a sub 3 20 yes b sub 3 25 yes splits split time avg hr 5k 3 10 mi 00 23 51 170 bpm 10k 6 21 mi 00 47 07 173 bpm 12 5k 7 76 mi 00 57 57 173 bpm 15k 9 32 mi 01 10 26 173 bpm 20k 12 42 mi 01 33 58 173 bpm 21 1k 13 11 mi 01 39 07 170 bpm 30k 18 65 mi 02 20 46 175 bpm 33k 20 816 mi 02 35 15 175 bpm 35k 21 748 mi 02 44 44 177 bpm 40k 24 85 mi 03 07 41 179 bpm 42 2k 26 22 mi 03 17 02 189 bpm hr data from polar verity sense avg hr 175 bpm avg cadence 185 spm avg pace 4 36 km 7 24 mi about me i m 31m 170 cm tall and weigh about 58 4 kg or 5 7 and 128 lbs i ve been running for about 5 years now coming into this race i set a half marathon pb of 1 24 56 in april and i have ambitions of getting my boston qualifier time in the next couple of years my previous marathon pb was 3 38 43 set last year but this was run conservatively due to hot and humid conditions on race day as much as i loved my first experience i always wondered what it d feel like to run to my limits and man i got more than i bargained for with this race training after an amazing half marathon result i rebuilt my base in a couple of months and braced for training i got up to my usual 100 km 85mi towards the end and had a couple long run workouts in there so i was pretty confident going in i opted for a 16 week plan that s based on jack daniels system of training i knew that the likely bq time after cut offs wasn t going to be realistic but at the very least i could shoot for sub 3 this year s summer was unseasonably warm and humid by southern ontario s standards and it really started to take its toll in hindsight i did a pretty poor job adjusting for the heat and my workouts were consistently very difficult as a result nearly all sessions were done in temperatures that felt like 30c 86f and 88 rh in addition to that i was completely unaccustomed to the steady pace approximately zone 3 runs that the plan had prescribed and sure enough during week 6 i started to feel sore and by week 8 i was injured my right hip was locking up badly and i could not run after doing the 5 stages of grief i booked a session with my pt the conclusion we reached was that it was a hip flexor strain it d take 2 4 weeks to heal the timing couldn t be worse as it coincided with the peak of the training plan i d sporadically run during this time but they were always easy efforts and very low mileages i just could not produce any power whatsoever from my right side there was some cross training but it definitely was not a substitute for running mentally it was tough to deal with thinking you re knocking on the 3 hour barrier s door and then going to completely sidelined is quite the emotional u turn at certain points i debated whether or not it d be wise to run the race at all by week 11 the healing process was steady enough that i started musing about running the race i coached myself to a sub 1 25 half and i thought i could at least get myself ready to complete the race in 5 weeks it wouldn t be a sub 3 or anywhere close to that but i thought it d feel worse to miss out so i fired up excel and started writing my own plan this plan featured an aggressive ramp up from 85 km 52 mi week to 100 km 62 mi 130 km 80 mi and then a 2 week taper additionally i re tooled my strength training to include weights i had previously gotten away with only bodyweight exercises but it was clear that i needed something more for the future full disclosure i acknowledge that this is incredibly reckless i do not recommend this i only got away with this because i set a conservative goal i have experience coaching myself i m very familiar with my own training and how my body reacts to it on any given day i could modify moderate or skip a run if needed also i had a fair bit of luck on my side week 1 of 5 my paces were all over the place and my sessions truly humbled me paces that i previously considered trivial were now anything but it stung the ego a bit but i needed to swallow my pride if this was going to work sure enough i got through week 1 unscathed and my hip flexor strain was rapidly improving which means this is precisely the best time to get sick during week 2 i attended a blue jays game and must ve caught something there funny enough i thought the burning in my throat was just caused by some mustard i choked on the session the next day felt fine but i finished with a scratchy throat by the evening i had aches and pains the surefire signs of a cold or respiratory tract infection it was going to be hard to do this with an injury on the mend but now throwing illness into the mix i had to dig deep i was red lining my body quite a bit but the infection wasn t so bad that it prevented me from running i had fought off much worse in the past i took a rest day and finished the 100 km 62mi week off even running a double day and 30k 18 5 mi long run session week 3 would test me it was a 130 km 80 mi week more than i had ever done i had reached 125 km 77 mi in my half marathon training so i reasoned i could do this with much less cumulative fatigue still it was tough going double days mile repeats and some threshold speed injections in a long run i knew this was the last week to see any fitness gains so make it count was the motto it was here that i decided on my new time goal without a race result at my new fitness level to go off of i couldn t use the vdot calculator runalyze s prognosis is something i have a love hate relationship with but it s the number i ultimately went with my a goal would be 3 20 00 in the case that my hip flexor wouldn t allow this i went with a b goal of sub 3 25 amp nbsp pre race i opted for a 2 week taper the main objective was to let my hip flexor strain fully heal i moderated some of the more difficult efforts and reduced my easy mileage substantially week 4 had an overall mileage of 85 km 52 mi and week 5 had about 45km 27 mi excluding the marathon a bit less than i d usually do but i figured that the minimal amount of hay i had was already in the barn the priority now was recovery while keeping things sharp it was a very fine balancing act that i ultimately got right my running economy was improving and my paces began to return to normal i also threw in some steady paced efforts to get a feel for the pace i had chosen the last remnants of the illness would dissipate during this time 2 days out from the race i started to carbload about 8 5g per kilo of my bodyweight per day i usually go a bit lighter with the loading phase because i sleep considerably worse if i over do it for my shakeout i had a couple ks of warm up 3k of marathon pace work and some cool down the pace felt difficult but definitely not impossible more importantly though i wore what i had on at my first marathon a new pb was all but guaranteed since i ran that one so conservatively but it was also a reminder of the progress i d made in a year race i woke up at 4 00 am asking myself why the hell i got into this hobby i had my usual breakfast 2 pb amp j bagels and about 380 ml of black coffee i arrived about an hour before start time to account for the large crowd after running my warm up i realized there wasn t enough time to use the washrooms before getting into the corrals the barricades and dense crowds meant i couldn t go i kicked myself for this but it was what it was i decided to use the first one i saw on the race course since most folks would ve gone already and it wouldn t be too punishing to stop early on in the race conditions for the day were a temperature range of 17 to 21c 62 6f to 69 8f with winds between 21 kph 13 mph to 30 kph 18 mph the gusts were 30 kph 18 mph to 50 kph 31 mph not ideal at all i was hoping for rain to help cool things down but it wasn t to be thankfully the wind was coming mostly from the south and would only be a true headwind for a few sections of the race i started getting into my own head a bit aside from the weather running after coming back from an injury and being undertrained was going to be a challenge i started to have some doubts what if my hip flexor gave out again what if i couldn t hold the pace 5 weeks isn t enough time what was i thinking then someone nudged me out of my thoughts to my complete and utter surprise this guy recognized me from my youtube channel which isn t big at all with a modest 30 subscribers and most viewed video having some 500 views i m definitely not internet famous on running youtube we exchanged pleasantries and he was on his way that was enough to snap me out of my mental funk i was ready to give this race all i had amp nbsp at 8 00 am we were off the first section of the race was a slight uphill on yonge street before turning westbound on bloor street i had previously filmed a 10k race on this stretch of road so it was like saying hello to an old friend i set off at pace until the 3k aid station where i took a quick toilet break like i had predicted the portapotties were available however this set me behind pace by about a minute i d push to finish the third kilometre at 5 08 km pace i was in a deficit of about 15 seconds something that i d quickly make up for in the next two kilometres as i was making my way down bathurst street i began playing with paces a bit while 4 30 km 7 15 mi felt a little too much 4 35 4 40 km 7 23 7 31 mi felt much better than i thought it would so i opted for that level of effort instead if there was a section that was being difficult i d fall back to the target of 4 45 km 7 39 mi the race then took us down by fort york a preserved 18th century military installation before bringing us to the titular waterfront the marathon takes its name from lakeshore boulevard has a fantastic view of lake ontario the sun peaked out tinting the clouds orange as strong winds crashed dark waves on the breakwater speaking of the wind it was truly hitting me now in the downtown areas some of the buildings provided cover and bathurst was a slight downhill but on the lakeshore there was nothing i couldn t help but smile a bit i had defied warm weather and crosswinds separately at mississauga now it was all about putting those lessons together at aid stations i d opt to splash water over myself at the first table and mostly drink nuun at the second with the winds gusting this worked well to provide the much needed cooling especially since the aid stations were placed every 3k amp nbsp we made our loop at lakeshore boulevard to swing back towards the city and under the gardiner expressway although my garmin s gps was relatively reliable it was here where it unraveled because the gardiner is an overhead highway with lakeshore boulevard directly underneath most gpss will get confused it s happened so many times to me when using google maps my watch went haywire on the 20th kilometre and the alert sounded well in advance of the marker i had been keeping a very rough track of how much time i was missing from not running the course 100 to the tangents using the difference between the garmin lap alert and me crossing the physical marker gave me a rough idea now i was flying blind and the alerts were sounding off hundreds of metres ahead of where they were i decided to not think too much about it and just try to stick to my target pace i knew i was already up a bit in terms of time due to running faster than expected the gps wasn t likely to malfunction again until the final stretch in the downtown area the toronto waterfront marathon isn t a hilly course by any means but there were definitely some inclines on the eastbound stretch out to the beaches that didn t feel great but for every stretch that didn t feel great there were two or three where i felt like i was skating across the road it was here i also caught sight of the 3 20 pace group i started a couple minutes behind them so i knew if i was on top of them i was making my objective by about that much amp nbsp despite the good news trouble was brewing i felt my right calf start to get a little tighter the early warning signs of a cramp the wind and heat was affecting me more than i thought it would in light of that i decided to take my only caffeine gel later on after the 30k mark rather than the planned 25k in addition to hydrating more i increased my cadence and slightly reduced my stride length aside from a 189 spm looking like a very comical shuffle at my pace this took the edge off the cramp after what seemed like an eternity i reached the turn around point on queen street east and balsam avenue the downhill back felt considerably better i had a little check in with myself and realized i had quite a bit of gas left in the tank it was time to do a little negative split for the last 4k i stepped on the gas and ramped up to 4 29 km 7 13 mi and it felt great the caffeine had really kicked in by now and i was locked in i flew across the eastern avenue bridge and ramped up to 4 23 km 7 03 mi making my way back downtown with some cover from the wind i took the next kilometre at 4 22 km 7 02 mi then there was the final stretch up until this point i had been running with music but most of it was being drowned out by the cheering crowds but there was a small section where no one was standing where the most crucial song i had chosen for the last leg of the race was audible one final effort from the halo 3 soundtrack hearing those opening piano chords was like electricity the sections of the song that appeared during the game s final warthog run signalled it was time to finish the fight against a final uphill i went all out touching my 10k race pace and launching myself through the finish line amp nbsp post race upon finishing i was proud of what i had just done i just took some 20 minutes off my previous marathon pb in some less than ideal conditions i felt like i had accomplished what i set out to do to run a marathon to my absolute limit and i got that confirmed immediately because after i crossed the finish line and stopped my right calf cramped up my left leg having had enough of my right s antics for the past couple of years decided to go on strike refusing to support my full bodyweight and just like that i was flat on my butt the medical team were immediately on me fearing the worst it was hot that day and we were taking casualties all race long looking back at the finish line footage i also saw that the gentleman right behind me stopped to make sure my head didn t hit the pavement it wasn t a real risk but the gesture is still incredibly kind i sheepishly told the medics that it was just a cramp i couldn t really walk though so they wheeled me off to the side after a hundred metres or so the medic asked me if i wanted to go to the medical tent my leg wasn t perfect but i tried standing on it and it was good enough to limp on and i was on my way medal in tow my mind set on one place vancouver amp nbsp made with a new race report generator created by u herumph,0.9983,positive,0.9983,https://www.reddit.com/r/running/comments/1ociul0/2025_toronto_waterfront_marathon_defying_heat_and/,nike,,,,1ociul0,running
Nike,reddit,running,2025-12-26 00:00:00+00:00,"Tuesday Shoesday

Shoes are a big topic in this sub, so in an effort to condense and collect some of these posts, we're introducing **Shoesday Tuesday**!  Similar to Wednesday's gear thread, but focusing on shoes.  

What’ve you been wearing on your feet? Anything fun added to the rotation? Got a review of a new release? Questions about a pair that’s caught your eye? Here's the place to discuss.

 *NOTE: For you Runnitors looking to sell/trade any running gear (as well as bib transfers), head over to /r/therunningrack.*",tuesday shoesday shoes are a big topic in this sub so in an effort to condense and collect some of these posts we re introducing shoesday tuesday similar to wednesday s gear thread but focusing on shoes what ve you been wearing on your feet anything fun added to the rotation got a review of a new release questions about a pair that s caught your eye here s the place to discuss note for you runnitors looking to sell trade any running gear as well as bib transfers head over to r therunningrack,0.8538,positive,0.8538,https://www.reddit.com/r/running/comments/1oc44kt/tuesday_shoesday/,nike running shoes,,,,1oc44kt,running
Nike,reddit,streetwear,2025-12-27 00:00:00+00:00,Some of my fave casual sweats with the Nike Air Max 1000 - Lilac,some of my fave casual sweats with the nike air max 1000 lilac,0.5719,positive,0.5719,https://www.reddit.com/r/streetwear/comments/1obqxza/some_of_my_fave_casual_sweats_with_the_nike_air/,nike,,,,1obqxza,streetwear
Nike,reddit,streetwear,2025-12-27 00:00:00+00:00,"Nike x Stone Island

Nike x Kevin Lyons ‘Air U Breathe’ Windrunner, Stone Island olive ghost piece crewneck, Stone Island olive cargos, Nike Air Max 1 Lunar Sport Red

If you’re into outerwear hit me up to contribute a pic to my jacket enthusiast IG account! @jacketfiendsunite",nike x stone island nike x kevin lyons air u breathe windrunner stone island olive ghost piece crewneck stone island olive cargos nike air max 1 lunar sport red if you re into outerwear hit me up to contribute a pic to my jacket enthusiast ig account jacketfiendsunite,0.126,positive,0.126,https://www.reddit.com/r/streetwear/comments/1o7a721/nike_x_stone_island/,nike,,,,1o7a721,streetwear
Nike,reddit,running,2025-12-28 00:00:00+00:00,"Tuesday Shoesday

Shoes are a big topic in this sub, so in an effort to condense and collect some of these posts, we're introducing **Shoesday Tuesday**!  Similar to Wednesday's gear thread, but focusing on shoes.  

What’ve you been wearing on your feet? Anything fun added to the rotation? Got a review of a new release? Questions about a pair that’s caught your eye? Here's the place to discuss.

 *NOTE: For you Runnitors looking to sell/trade any running gear (as well as bib transfers), head over to /r/therunningrack.*",tuesday shoesday shoes are a big topic in this sub so in an effort to condense and collect some of these posts we re introducing shoesday tuesday similar to wednesday s gear thread but focusing on shoes what ve you been wearing on your feet anything fun added to the rotation got a review of a new release questions about a pair that s caught your eye here s the place to discuss note for you runnitors looking to sell trade any running gear as well as bib transfers head over to r therunningrack,0.8538,positive,0.8538,https://www.reddit.com/r/running/comments/1onzu73/tuesday_shoesday/,nike running shoes,,,,1onzu73,running
Nike,reddit,running,2025-12-28 00:00:00+00:00,"Tis the Season! Time for the Annual cold / cool / winter weather running and gear thread

Now that Winter is quickly approaching (in the Northern Hemisphere, at least), it seems we are are getting more winter/cold weather posts which means it is time for the annual Winter Megathread.

[Here's](https://www.reddit.com/r/running/wiki/weather#wiki_winter.2Fcold) the link for the cold weather info in our wiki.  I will add this post to that at a later date.  If you happen to be in the Southern Hemisphere and entering the season of the big fiery death ball in the sky, [here's](https://www.reddit.com/r/running/wiki/weather/) the link to the ""Running in the Heat"" section of the wiki .

**Why should I run in the winter?**

* Winter running makes you strong!

* That person you really want to beat next year is out there training right now

* Spring weather feels so much better when you’ve been training through the winter


**Clothing**

You’re going to want materials that will keep you warm even when damp or wet. Think wool, fleece, and wicking synthetics. You’ll also want things to be breathable so you don’t get super sweaty (and even colder).  Layer up so you can adjust during your run.

Trapped air is what keeps you warm and cozy in the winter. If your shoes are really tight with a couple pairs of socks on, or your gloves/mittens are too tight, you may have less trapped air and impair circulation, which will make you cold.

Here’s an example of what works well for some in calm, dry conditions. Keep in mind wind or precipitation will make things colder, and that it’s always better to have an extra layer than to make do without.  This can also vary widely between people and how comfortable you want to be.  Use the table as a guide to layering suggestions factoring in how fast/slow you are running (for generating body heat) as well as how hot/cool natured you normally are.

**Temp Range**|**Upper**|**Lower**|**Socks**|**Hands**|**Head**
:--|:--|:--|:--|:--|:--
30 to 40F (-1 to 5C)|Long-sleeve (LS) shirt|Shorts or light pants|regular socks|Light gloves|headband
20 to 30F (-6 to -1C)|LS shirt + baselayer|Regular tights|1x midweight wool|Light gloves|headband
10 to 20F (-12 to -6C)|LS Baselayer + wind vest|Thermal tights + windbriefs|2x midweight wool|Mittens|Hat + light gator
0 to 10F (-18 to -12C)|LS Baselayer + Fleece jacket + Wind jacket or vest|Thermal tights + windbriefs + leggings|2x heavier wool socks|Heavy mittens|heavy hat, fleece balaclava, eye protection
&lt;0 F (&lt;-18 C)|LS Baselayer + Fleece jacket + Wind jacket|Thermal tights + windbriefs + leggings|2x heavier wool socks|Heavy mittens w/ gloves underneath|heavy hat x2, fleece balaclava, eye protection (glasses or goggles, if windy)

Here are some useful links to some guides that can help you choose appropriate amount of clothing:

[Fahrenheit Pictorial Guide](https://i.imgur.com/GKwoDUQ.jpg)

[Celsius Pictorial Guide](https://i.imgur.com/KKbJgwl.jpg)

[Dress My Run Website - Quick tool to show what to wear based on where you live and weather](http://dressmyrun.com/)

* Click on ""Settings"" in the bottom right hand corner to adjust your personal temperature preference (warmer or cooler)

**Footwear**

Road shoes are fine most of the time, unless you're running somewhere that consistently has snow or ice-covered sidewalks. If you have good socks, your feet should stay warm even if damp from melting snow. Think more carefully about your footwear if there’s snow or ice on the ground.
On fresh snow or packed, but still soft snow, trail shoes (something with a low to moderate lug) work very well.  [Turning an old pair of road shoes into Screw Shoes](https://www.runnersworld.com/running-tips/running-shoe-screws) is an excellent idea for ice, thawed and refrozen snow, and heavily packed snow conditions – the screws do a great job providing a bit of extra traction.

You can also look into traction devices (like Yaktrax) when icy.

When running, direction changes and stopping are the most likely times to slip and fall on snow or ice. Slow down and be cautious around corners and street crossings. As you run, make sure you’re landing with your feet underneath your center of mass – even if you do have a slippery step, keep your feet moving, and you can usually recover and avoid a fall.

**Safety**

If you work during the day, chances are your morning or evening run will be dark. Get yourself a good headlamp (to see and be seen), and wear a reflective vest over your other clothing. Know that motorists may be less likely to expect you to be out running when it’s 15 degrees and snowing.

If it's really cold, make adjustments or plans to ensure you can stay safe during your run even if you turn an ankle or something else happens where you can't keep running to stay warm. Plan your route along safe warm zones (friend's house, grocery stores, etc.), and/or carry your cell phone (close to your body, so your battery doesn't die). If you for some reason can't run, you will quickly get very chilled.  [Here's](https://www.weather.gov/bou/windchill) a Windchill Safety chart from the National Weather Service to help determine when things might be too dangerous to run or if you do, to take extra safety precautions.

Start your runs into the wind - this will be the coldest part - so that your finish your runs with a warmer tailwind. This can make a big difference - if you get sweaty during your run, and turn into a stiff breeze to finish, you're likely to get chilled as you're heading home.

Here's a good post on [Running in snow tips..?](https://www.reddit.com/r/running/comments/zj8zhw/running_in_snow_tips/)



**Nutrition**

Even when it’s cold out, you’ll want to be sure you’re hydrated before and during long runs. You’re probably sweating more than you might think, it will evaporate quickly in cold dry air. Have a method to keep fluids from freezing when it’s cold out, either by keeping fluids under a layer of clothing (vest or hydration pack), planning a route around accessible water, or figuring out a way to keep your handheld from freezing up.

Gels and other foods can freeze too – tuck these items into a glove or mitten a few minutes before you want to eat, to thaw them out and warm them up.

###**The comments below will be divided into some broad categories to try and keep things organized.  Please post replies into those bolded comment chain headings.  So let's hear it, Runnitors!  Best gear, tips/tricks, experiences, etc. about running in the cold?**

______

**LINKS TO MAJOR TOPICS THREADS BELOW**

* [GENERAL THOUGHTS](https://www.reddit.com/r/running/comments/1o1a56f/tis_the_season_time_for_the_annual_cold_cool/nif19ly/)

* [TIPS AND TRICKS](https://www.reddit.com/r/running/comments/1o1a56f/tis_the_season_time_for_the_annual_cold_cool/nif1arw/)

* [QUESTIONS](https://www.reddit.com/r/running/comments/1o1a56f/tis_the_season_time_for_the_annual_cold_cool/nif1bm0/)

* [MUST HAVES](https://www.reddit.com/r/running/comments/1o1a56f/tis_the_season_time_for_the_annual_cold_cool/nif1ckh/)

* [HOW COLD IS TOO COLD](https://www.reddit.com/r/running/comments/1o1a56f/tis_the_season_time_for_the_annual_cold_cool/nif1dit/)

* [BEST / WORST EXPERIENCES](https://www.reddit.com/r/running/comments/1o1a56f/tis_the_season_time_for_the_annual_cold_cool/nif1ed0/)

* [FAVORITE HATS](https://www.reddit.com/r/running/comments/1o1a56f/tis_the_season_time_for_the_annual_cold_cool/nif1f3m/)

* [FAVORITE JACKETS](https://www.reddit.com/r/running/comments/1o1a56f/tis_the_season_time_for_the_annual_cold_cool/nif1fuv/)

* [FAVORITE TIGHTS / PANTS](https://www.reddit.com/r/running/comments/1o1a56f/tis_the_season_time_for_the_annual_cold_cool/nif1gj8/)

* [FAVORITE SOCKS](https://www.reddit.com/r/running/comments/1o1a56f/tis_the_season_time_for_the_annual_cold_cool/nif1hdw/)

* [SHOE SUGGESTIONS](https://www.reddit.com/r/running/comments/1o1a56f/tis_the_season_time_for_the_annual_cold_cool/nif1i3h/)

* [FAVORITE GLOVES](https://www.reddit.com/r/running/comments/1o1a56f/tis_the_season_time_for_the_annual_cold_cool/nif1iu3/)

* [FAVORITE BASE LAYERS](https://www.reddit.com/r/running/comments/1o1a56f/tis_the_season_time_for_the_annual_cold_cool/nif1jnu/)

* [FAVORITE MID-LAYER](https://www.reddit.com/r/running/comments/1o1a56f/tis_the_season_time_for_the_annual_cold_cool/nif1kb2/)

* [BEST SAFETY DEVICES (Lights / vests / etc)](https://www.reddit.com/r/running/comments/1o1a56f/tis_the_season_time_for_the_annual_cold_cool/nif1l16/)",tis the season time for the annual cold cool winter weather running and gear thread now that winter is quickly approaching in the northern hemisphere at least it seems we are are getting more winter cold weather posts which means it is time for the annual winter megathread here s the link for the cold weather info in our wiki i will add this post to that at a later date if you happen to be in the southern hemisphere and entering the season of the big fiery death ball in the sky here s the link to the running in the heat section of the wiki why should i run in the winter winter running makes you strong that person you really want to beat next year is out there training right now spring weather feels so much better when you ve been training through the winter clothing you re going to want materials that will keep you warm even when damp or wet think wool fleece and wicking synthetics you ll also want things to be breathable so you don t get super sweaty and even colder layer up so you can adjust during your run trapped air is what keeps you warm and cozy in the winter if your shoes are really tight with a couple pairs of socks on or your gloves mittens are too tight you may have less trapped air and impair circulation which will make you cold here s an example of what works well for some in calm dry conditions keep in mind wind or precipitation will make things colder and that it s always better to have an extra layer than to make do without this can also vary widely between people and how comfortable you want to be use the table as a guide to layering suggestions factoring in how fast slow you are running for generating body heat as well as how hot cool natured you normally are temp range upper lower socks hands head 30 to 40f 1 to 5c long sleeve ls shirt shorts or light pants regular socks light gloves headband 20 to 30f 6 to 1c ls shirt baselayer regular tights 1x midweight wool light gloves headband 10 to 20f 12 to 6c ls baselayer wind vest thermal tights windbriefs 2x midweight wool mittens hat light gator 0 to 10f 18 to 12c ls baselayer fleece jacket wind jacket or vest thermal tights windbriefs leggings 2x heavier wool socks heavy mittens heavy hat fleece balaclava eye protection lt 0 f lt 18 c ls baselayer fleece jacket wind jacket thermal tights windbriefs leggings 2x heavier wool socks heavy mittens w gloves underneath heavy hat x2 fleece balaclava eye protection glasses or goggles if windy here are some useful links to some guides that can help you choose appropriate amount of clothing fahrenheit pictorial guide celsius pictorial guide dress my run website quick tool to show what to wear based on where you live and weather click on settings in the bottom right hand corner to adjust your personal temperature preference warmer or cooler footwear road shoes are fine most of the time unless you re running somewhere that consistently has snow or ice covered sidewalks if you have good socks your feet should stay warm even if damp from melting snow think more carefully about your footwear if there s snow or ice on the ground on fresh snow or packed but still soft snow trail shoes something with a low to moderate lug work very well turning an old pair of road shoes into screw shoes is an excellent idea for ice thawed and refrozen snow and heavily packed snow conditions the screws do a great job providing a bit of extra traction you can also look into traction devices like yaktrax when icy when running direction changes and stopping are the most likely times to slip and fall on snow or ice slow down and be cautious around corners and street crossings as you run make sure you re landing with your feet underneath your center of mass even if you do have a slippery step keep your feet moving and you can usually recover and avoid a fall safety if you work during the day chances are your morning or evening run will be dark get yourself a good headlamp to see and be seen and wear a reflective vest over your other clothing know that motorists may be less likely to expect you to be out running when it s 15 degrees and snowing if it s really cold make adjustments or plans to ensure you can stay safe during your run even if you turn an ankle or something else happens where you can t keep running to stay warm plan your route along safe warm zones friend s house grocery stores etc and or carry your cell phone close to your body so your battery doesn t die if you for some reason can t run you will quickly get very chilled here s a windchill safety chart from the national weather service to help determine when things might be too dangerous to run or if you do to take extra safety precautions start your runs into the wind this will be the coldest part so that your finish your runs with a warmer tailwind this can make a big difference if you get sweaty during your run and turn into a stiff breeze to finish you re likely to get chilled as you re heading home here s a good post on running in snow tips nutrition even when it s cold out you ll want to be sure you re hydrated before and during long runs you re probably sweating more than you might think it will evaporate quickly in cold dry air have a method to keep fluids from freezing when it s cold out either by keeping fluids under a layer of clothing vest or hydration pack planning a route around accessible water or figuring out a way to keep your handheld from freezing up gels and other foods can freeze too tuck these items into a glove or mitten a few minutes before you want to eat to thaw them out and warm them up the comments below will be divided into some broad categories to try and keep things organized please post replies into those bolded comment chain headings so let s hear it runnitors best gear tips tricks experiences etc about running in the cold links to major topics threads below general thoughts tips and tricks questions must haves how cold is too cold best worst experiences favorite hats favorite jackets favorite tights pants favorite socks shoe suggestions favorite gloves favorite base layers favorite mid layer best safety devices lights vests etc,0.9993,positive,0.9993,https://www.reddit.com/r/running/comments/1o1a56f/tis_the_season_time_for_the_annual_cold_cool/,nike running shoes,,,,1o1a56f,running
Nike,reddit,running,2025-12-29 00:00:00+00:00,"Tuesday Shoesday

Shoes are a big topic in this sub, so in an effort to condense and collect some of these posts, we're introducing **Shoesday Tuesday**!  Similar to Wednesday's gear thread, but focusing on shoes.  

What’ve you been wearing on your feet? Anything fun added to the rotation? Got a review of a new release? Questions about a pair that’s caught your eye? Here's the place to discuss.

 *NOTE: For you Runnitors looking to sell/trade any running gear (as well as bib transfers), head over to /r/therunningrack.*",tuesday shoesday shoes are a big topic in this sub so in an effort to condense and collect some of these posts we re introducing shoesday tuesday similar to wednesday s gear thread but focusing on shoes what ve you been wearing on your feet anything fun added to the rotation got a review of a new release questions about a pair that s caught your eye here s the place to discuss note for you runnitors looking to sell trade any running gear as well as bib transfers head over to r therunningrack,0.8538,positive,0.8538,https://www.reddit.com/r/running/comments/1o05rso/tuesday_shoesday/,nike running shoes,,,,1o05rso,running
Nike,reddit,running,2025-12-29 00:00:00+00:00,"My 1st marathon complete!!

### Race Information
* **Name:** Madison Marathon
* **Date:** November 9, 2025
* **Distance:** 26.2 miles
* **Location:** Madison, WI
* **Net Time:** 4:52:14
* **Moving Time:** 4:49:52

### Goals
| Goal | Description | Completed? |
|------|-------------|------------|
| A | Finish marathon | *Yes* |
| B | Don't get injured | *Yes* |
| C | Sub 5 | *Yes* |

### Splits
| Mile | Time |
|------|------|
| 1 | 11:11
| 2 | 10:57
| 3 | 10:57
| 4 | 10:52
| 5 | 11:05
| 6 | 10:54
| 7 | 10:52
| 8 | 10:54
| 9 | 11:02
| 10 | 10:39
| 11 | 10:44
| 12 | 11:02
| 13 | 11:00
| 14 | 11:25
| 15 | 11:02
| 16 | 11:08
| 17 | 11:11
| 18 | 11:16
| 19 | 11:13
| 20 | 11:22
| 21 | 11:08
| 22 | 11:16
| 23 | 11:02
| 24 | 11:16
| 25 | 11:08
| 26 | 10:41

### Training
I used the NRC app's marathon plan. I had previously used it for C25K a long time back, then slightly more recently for the 10k plan, then half marathon. I then followed the marathon plan until around the 30k run which I failed 3 times due to improper preparation and weather, then went back to the half marathon plan to run my 2nd half. After that I used the marathon plan.

Typically I ran 5x/week, with 4x/week lifting (2ish leg days), and 1x/week hockey. I tried my best to prioritize going slower than my best (unlike in previous race trainings), and there were several times I was running on tired legs. I tried to avoid leg days and running on the same day, I did my shortest runs on my hockey days, and I stopped lifting/hockey the week before.

### Pre-race
My family came in from far away to support me, and we had a nice pasta dinner and I carb loaded a lot during the week prior. Raceday, I had the same breakfast I always do (greek yogurt+granola+frozen fruit+protein powder) plus a granola bar, prepared my running vest, then got driven to the race.

I got there about 20 minutes early and it was freezing. It was snowing and super windy. I bought an oversized hoodie and some gloves from Goodwill the day prior in preparation for this, but I was cold even before I shed the hoodie. I lined up next to the 5hr pacer and queued up my music playlist.

### Race
It started at 7am on the dot. After about 50m I shed my hoodie, and I unexpectedly kept my gloves for the entire race (hands were frozen for about half of it). I felt really good, in my training my slow/far pace was typically 11:30-12:00, but my legs weren't tired so I felt good enough to stay around 11:00 for basically the entire race. 

The atmosphere was incredible. At first it snowed, but eventually it stopped and got taken over by falling leaves. People were all smiles and super happy (at least before mile 18ish) and there were tons of spectators cheering us on despite the cold. I got to stop and pet a dog by a person with a Free pets! sign, and one person I took an apple slice from. Along the way, I passed up a couple beer opportunities, also some gummy candies and muffins.

I realized pretty quickly into this race that there was a kink in my water vest because the tube was bent awkwardly, and I didn't want to stop and fix it (especially with the cold), so I just ran with a vest full of water the entire time. I has two water bottles which lasted me most of the race anyways. My GU gels were much thicker than I was used to because of the cold, but the real challenge was getting them open. (Fun fact, I might be the only one but I really like the taste of gels.)

I had 3 bathroom breaks, pretty evenly spaced out, and had to wait for two of them. That's probably my biggest future time save haha.

I didn't start feeling soreness (in my achilles) until about halfway really, and it only kinda started ramping up around 17ish. I didn't really feel like I hit a wall in particular. Earlier in my training I did a 20 miler (my longest run) starting with really sore legs (I went pretty slow), so I was kind of used to it but better prepared. Mentally it was kinda hard a little past halfway (I was kinda bored) and mile 20ish. Knowing I was close but still had an hour to go was rough, and I constantly kept checking my watch hoping to be almost done.

I got passed by a lot of 10kers and half marathoners who started 20min later than me. But after the first half, I had a lot of space. 11:00min/mi is a weird pace because it's kinda in between 5:00:00 and 4:45:00 so I guess not many people were aiming for it. I didn't struggle with any hills, so I passed many hill walkers throughout.

On the final hill (toward the end of mile 25), I maintained my pace, then sped up a bit, then I saw the finish line and sprinted the last part somehow. I think the baked potato bar was calling me and gave me extra strength.

### Post-race
I was super happy with my finish and training results. My hands were too cold to eat the food, which actually helped because it prevented me from devouring too much food too fast. My family had only been able to spot me a couple times throughout because my tracking app was inaccurate, but they all helped me recover at the end.

I kind of have recovered pretty quickly and don't feel as sore as I expected. The training 20mi I literally collapsed on the ground after, which goes to show how important it is to train on tired legs.

Shoutout to the Clifton Hoka 10s for unexpectedly not being horrible shoes this race. I really haven't liked them, and the laces haven't been holding together after not much time, but my shoes never got untied from their double knot. I still probably won't be buying more cliftons, even though I loved the 9s.

At the beginning of the race, my biggest motivation was seeing all of the work and dedication and discipline and sacrifice of the past few months come to fruition. Around halfway, it changed to making my loved ones proud, and showing that their support meant I could complete something really challenging and meaningful to me. By the end, it was for the baked potato bar. I told my gf this, and she said she was a bit disappointed but understood. I told her I felt bad, but it also was a really good baked potato.

Thanks for reading :) Feel free to ama!


Made with a new [race report generator](http://sfdavis.com/racereports/) created by /u/herumph.",my 1st marathon complete race information name madison marathon date november 9 2025 distance 26 2 miles location madison wi net time 4 52 14 moving time 4 49 52 goals goal description completed a finish marathon yes b don t get injured yes c sub 5 yes splits mile time 1 11 11 2 10 57 3 10 57 4 10 52 5 11 05 6 10 54 7 10 52 8 10 54 9 11 02 10 10 39 11 10 44 12 11 02 13 11 00 14 11 25 15 11 02 16 11 08 17 11 11 18 11 16 19 11 13 20 11 22 21 11 08 22 11 16 23 11 02 24 11 16 25 11 08 26 10 41 training i used the nrc app s marathon plan i had previously used it for c25k a long time back then slightly more recently for the 10k plan then half marathon i then followed the marathon plan until around the 30k run which i failed 3 times due to improper preparation and weather then went back to the half marathon plan to run my 2nd half after that i used the marathon plan typically i ran 5x week with 4x week lifting 2ish leg days and 1x week hockey i tried my best to prioritize going slower than my best unlike in previous race trainings and there were several times i was running on tired legs i tried to avoid leg days and running on the same day i did my shortest runs on my hockey days and i stopped lifting hockey the week before pre race my family came in from far away to support me and we had a nice pasta dinner and i carb loaded a lot during the week prior raceday i had the same breakfast i always do greek yogurt granola frozen fruit protein powder plus a granola bar prepared my running vest then got driven to the race i got there about 20 minutes early and it was freezing it was snowing and super windy i bought an oversized hoodie and some gloves from goodwill the day prior in preparation for this but i was cold even before i shed the hoodie i lined up next to the 5hr pacer and queued up my music playlist race it started at 7am on the dot after about 50m i shed my hoodie and i unexpectedly kept my gloves for the entire race hands were frozen for about half of it i felt really good in my training my slow far pace was typically 11 30 12 00 but my legs weren t tired so i felt good enough to stay around 11 00 for basically the entire race the atmosphere was incredible at first it snowed but eventually it stopped and got taken over by falling leaves people were all smiles and super happy at least before mile 18ish and there were tons of spectators cheering us on despite the cold i got to stop and pet a dog by a person with a free pets sign and one person i took an apple slice from along the way i passed up a couple beer opportunities also some gummy candies and muffins i realized pretty quickly into this race that there was a kink in my water vest because the tube was bent awkwardly and i didn t want to stop and fix it especially with the cold so i just ran with a vest full of water the entire time i has two water bottles which lasted me most of the race anyways my gu gels were much thicker than i was used to because of the cold but the real challenge was getting them open fun fact i might be the only one but i really like the taste of gels i had 3 bathroom breaks pretty evenly spaced out and had to wait for two of them that s probably my biggest future time save haha i didn t start feeling soreness in my achilles until about halfway really and it only kinda started ramping up around 17ish i didn t really feel like i hit a wall in particular earlier in my training i did a 20 miler my longest run starting with really sore legs i went pretty slow so i was kind of used to it but better prepared mentally it was kinda hard a little past halfway i was kinda bored and mile 20ish knowing i was close but still had an hour to go was rough and i constantly kept checking my watch hoping to be almost done i got passed by a lot of 10kers and half marathoners who started 20min later than me but after the first half i had a lot of space 11 00min mi is a weird pace because it s kinda in between 5 00 00 and 4 45 00 so i guess not many people were aiming for it i didn t struggle with any hills so i passed many hill walkers throughout on the final hill toward the end of mile 25 i maintained my pace then sped up a bit then i saw the finish line and sprinted the last part somehow i think the baked potato bar was calling me and gave me extra strength post race i was super happy with my finish and training results my hands were too cold to eat the food which actually helped because it prevented me from devouring too much food too fast my family had only been able to spot me a couple times throughout because my tracking app was inaccurate but they all helped me recover at the end i kind of have recovered pretty quickly and don t feel as sore as i expected the training 20mi i literally collapsed on the ground after which goes to show how important it is to train on tired legs shoutout to the clifton hoka 10s for unexpectedly not being horrible shoes this race i really haven t liked them and the laces haven t been holding together after not much time but my shoes never got untied from their double knot i still probably won t be buying more cliftons even though i loved the 9s at the beginning of the race my biggest motivation was seeing all of the work and dedication and discipline and sacrifice of the past few months come to fruition around halfway it changed to making my loved ones proud and showing that their support meant i could complete something really challenging and meaningful to me by the end it was for the baked potato bar i told my gf this and she said she was a bit disappointed but understood i told her i felt bad but it also was a really good baked potato thanks for reading feel free to ama made with a new race report generator created by u herumph,0.9992,positive,0.9992,https://www.reddit.com/r/running/comments/1ot7fx9/my_1st_marathon_complete/,nike running shoes,,,,1ot7fx9,running
Nike,reddit,running,2025-12-30 00:00:00+00:00,"What are your tips for doing races on the beach/on sand?

I'm doing a half marathon on the beach (in Gold Coast, Aus) in November. I've done lots of road races but haven't done any beach races before (and haven't really run on the beach much in general) so I'm keen for some tips from people who've done them before. It's an out and back course, starting at 7am in late spring (i.e. temperatures at race time will likely be 20C, humid, and warming up throughout the race, with sunrise happening before 5am). Reading about it, it looks like it's on hard sand / done near the water.

Specifically wondering about:

* Road shoes versus trail shoes?
* Any other gear recommendations from people who've done beach races before? (e.g. certain type of socks to deal with the sand and potential water from waves?) And in that level of heat/humidity as well, given it's along the beach - any thoughts on split shorts vs half-tights, and tank top vs shirtless?
* Pacing - my HM PB is 1:31 so not sure how I should adjust my pace. Not looking to PB but keen to give it a decent crack.
* And open to any other tips

My city isn't really built for beach running, so the earliest I can realistically do a test beach run is the day before the race when I fly up.",what are your tips for doing races on the beach on sand i m doing a half marathon on the beach in gold coast aus in november i ve done lots of road races but haven t done any beach races before and haven t really run on the beach much in general so i m keen for some tips from people who ve done them before it s an out and back course starting at 7am in late spring i e temperatures at race time will likely be 20c humid and warming up throughout the race with sunrise happening before 5am reading about it it looks like it s on hard sand done near the water specifically wondering about road shoes versus trail shoes any other gear recommendations from people who ve done beach races before e g certain type of socks to deal with the sand and potential water from waves and in that level of heat humidity as well given it s along the beach any thoughts on split shorts vs half tights and tank top vs shirtless pacing my hm pb is 1 31 so not sure how i should adjust my pace not looking to pb but keen to give it a decent crack and open to any other tips my city isn t really built for beach running so the earliest i can realistically do a test beach run is the day before the race when i fly up,0.9439,positive,0.9439,https://www.reddit.com/r/running/comments/1nz4xfo/what_are_your_tips_for_doing_races_on_the_beachon/,nike running shoes,,,,1nz4xfo,running
Nike,reddit,running,2025-12-30 00:00:00+00:00,"Tuesday Shoesday

Shoes are a big topic in this sub, so in an effort to condense and collect some of these posts, we're introducing **Shoesday Tuesday**!  Similar to Wednesday's gear thread, but focusing on shoes.  

What’ve you been wearing on your feet? Anything fun added to the rotation? Got a review of a new release? Questions about a pair that’s caught your eye? Here's the place to discuss.

 *NOTE: For you Runnitors looking to sell/trade any running gear (as well as bib transfers), head over to /r/therunningrack.*",tuesday shoesday shoes are a big topic in this sub so in an effort to condense and collect some of these posts we re introducing shoesday tuesday similar to wednesday s gear thread but focusing on shoes what ve you been wearing on your feet anything fun added to the rotation got a review of a new release questions about a pair that s caught your eye here s the place to discuss note for you runnitors looking to sell trade any running gear as well as bib transfers head over to r therunningrack,0.8538,positive,0.8538,https://www.reddit.com/r/running/comments/1nu4e9d/tuesday_shoesday/,nike running shoes,,,,1nu4e9d,running
Nike,reddit,running,2025-12-31 00:00:00+00:00,"Tuesday Shoesday

Shoes are a big topic in this sub, so in an effort to condense and collect some of these posts, we're introducing **Shoesday Tuesday**!  Similar to Wednesday's gear thread, but focusing on shoes.  

What’ve you been wearing on your feet? Anything fun added to the rotation? Got a review of a new release? Questions about a pair that’s caught your eye? Here's the place to discuss.

 *NOTE: For you Runnitors looking to sell/trade any running gear (as well as bib transfers), head over to /r/therunningrack.*",tuesday shoesday shoes are a big topic in this sub so in an effort to condense and collect some of these posts we re introducing shoesday tuesday similar to wednesday s gear thread but focusing on shoes what ve you been wearing on your feet anything fun added to the rotation got a review of a new release questions about a pair that s caught your eye here s the place to discuss note for you runnitors looking to sell trade any running gear as well as bib transfers head over to r therunningrack,0.8538,positive,0.8538,https://www.reddit.com/r/running/comments/1no8m5m/tuesday_shoesday/,nike running shoes,,,,1no8m5m,running
Nike,reddit,running,2026-01-01 00:00:00+00:00,"Tuesday Shoesday

Shoes are a big topic in this sub, so in an effort to condense and collect some of these posts, we're introducing **Shoesday Tuesday**!  Similar to Wednesday's gear thread, but focusing on shoes.  

What’ve you been wearing on your feet? Anything fun added to the rotation? Got a review of a new release? Questions about a pair that’s caught your eye? Here's the place to discuss.

 *NOTE: For you Runnitors looking to sell/trade any running gear (as well as bib transfers), head over to /r/therunningrack.*",tuesday shoesday shoes are a big topic in this sub so in an effort to condense and collect some of these posts we re introducing shoesday tuesday similar to wednesday s gear thread but focusing on shoes what ve you been wearing on your feet anything fun added to the rotation got a review of a new release questions about a pair that s caught your eye here s the place to discuss note for you runnitors looking to sell trade any running gear as well as bib transfers head over to r therunningrack,0.8538,positive,0.8538,https://www.reddit.com/r/running/comments/1ni8ie8/tuesday_shoesday/,nike running shoes,,,,1ni8ie8,running
Nike,reddit,streetwear,2026-01-01 00:00:00+00:00,"Clearly California

Brown ben Davis shirt 
Cathartic carpenter jeans 
Black and red Nike shox",clearly california brown ben davis shirt cathartic carpenter jeans black and red nike shox,0.4019,positive,0.4019,https://www.reddit.com/r/streetwear/comments/1nhsc6q/clearly_california/,nike,,,,1nhsc6q,streetwear
Nike,reddit,running,2026-01-02 00:00:00+00:00,"Are carbon-plated shoes really only effective for faster runners?

I often see people say that carbon-plated shoes only really help at faster paces, and I’m trying to wrap my head around that.

For example, a runner who’s “fast” at 5:00 min/km (around a 50-min 10K) has a completely different running economy than someone who’s fast at 3:30 min/km (around a 35-min 10K).

From my own training, running at 3:30 min/km feels almost like a sprint — especially during strides — and I feel like I’m putting a lot more force into the ground with each step. Meanwhile, faster runners can cruise at 3:30 min/km with much more efficiency.

That got me thinking:

- If I’m running at 3:30 min/km, am I using the carbon plate more than a faster runner at the same pace?

- Do I get the same level of benefit if I’m working just as hard (relative effort) as a faster runner?

- And finally, would heavier runners see more benefit at slower paces since they’re applying more force with each step?",are carbon plated shoes really only effective for faster runners i often see people say that carbon plated shoes only really help at faster paces and i m trying to wrap my head around that for example a runner who s fast at 5 00 min km around a 50 min 10k has a completely different running economy than someone who s fast at 3 30 min km around a 35 min 10k from my own training running at 3 30 min km feels almost like a sprint especially during strides and i feel like i m putting a lot more force into the ground with each step meanwhile faster runners can cruise at 3 30 min km with much more efficiency that got me thinking if i m running at 3 30 min km am i using the carbon plate more than a faster runner at the same pace do i get the same level of benefit if i m working just as hard relative effort as a faster runner and finally would heavier runners see more benefit at slower paces since they re applying more force with each step,0.9624,positive,0.9624,https://www.reddit.com/r/running/comments/1ndav4l/are_carbonplated_shoes_really_only_effective_for/,nike running shoes,,,,1ndav4l,running
Nike,reddit,streetwear,2026-01-02 00:00:00+00:00,"Swag 😎

Nike boots black label pants, keenth Cole reaction burgundy hat, Matthey watch, tennis bracelet 
Walmart Green hoddie",swag nike boots black label pants keenth cole reaction burgundy hat matthey watch tennis bracelet walmart green hoddie,0.4588,positive,0.4588,https://www.reddit.com/r/streetwear/comments/1o57r95/swag/,nike,,,,1o57r95,streetwear
Nike,reddit,sneakers,2026-01-03 00:00:00+00:00,"On feet today

Nike Air Trainer Huarache (2019 release)",on feet today nike air trainer huarache 2019 release,0.0,neutral,0.0,https://www.reddit.com/r/Sneakers/comments/1qcrpjc/on_feet_today/,nike air,,,,1qcrpjc,sneakers
Nike,reddit,sneakers,2026-01-03 00:00:00+00:00,KOTD: 2016 Nike Air Max ‘96 Retro XX V.1 “Scream Green”.,kotd 2016 nike air max 96 retro xx v 1 scream green,0.0,neutral,0.0,https://www.reddit.com/r/Sneakers/comments/1qcdo49/kotd_2016_nike_air_max_96_retro_xx_v1_scream_green/,nike air,,,,1qcdo49,sneakers
Nike,reddit,running,2026-01-04 00:00:00+00:00,"Tuesday Shoesday

Shoes are a big topic in this sub, so in an effort to condense and collect some of these posts, we're introducing **Shoesday Tuesday**!  Similar to Wednesday's gear thread, but focusing on shoes.  

What’ve you been wearing on your feet? Anything fun added to the rotation? Got a review of a new release? Questions about a pair that’s caught your eye? Here's the place to discuss.

 *NOTE: For you Runnitors looking to sell/trade any running gear (as well as bib transfers), head over to /r/therunningrack.*",tuesday shoesday shoes are a big topic in this sub so in an effort to condense and collect some of these posts we re introducing shoesday tuesday similar to wednesday s gear thread but focusing on shoes what ve you been wearing on your feet anything fun added to the rotation got a review of a new release questions about a pair that s caught your eye here s the place to discuss note for you runnitors looking to sell trade any running gear as well as bib transfers head over to r therunningrack,0.8538,positive,0.8538,https://www.reddit.com/r/running/comments/1n6aqgz/tuesday_shoesday/,nike running shoes,,,,1n6aqgz,running
Nike,reddit,running,2026-01-04 00:00:00+00:00,"Tuesday Shoesday

Shoes are a big topic in this sub, so in an effort to condense and collect some of these posts, we're introducing **Shoesday Tuesday**!  Similar to Wednesday's gear thread, but focusing on shoes.  

What’ve you been wearing on your feet? Anything fun added to the rotation? Got a review of a new release? Questions about a pair that’s caught your eye? Here's the place to discuss.

 *NOTE: For you Runnitors looking to sell/trade any running gear (as well as bib transfers), head over to /r/therunningrack.*",tuesday shoesday shoes are a big topic in this sub so in an effort to condense and collect some of these posts we re introducing shoesday tuesday similar to wednesday s gear thread but focusing on shoes what ve you been wearing on your feet anything fun added to the rotation got a review of a new release questions about a pair that s caught your eye here s the place to discuss note for you runnitors looking to sell trade any running gear as well as bib transfers head over to r therunningrack,0.8538,positive,0.8538,https://www.reddit.com/r/running/comments/1n0d13z/tuesday_shoesday/,nike running shoes,,,,1n0d13z,running
Nike,reddit,streetwear,2026-01-05 00:00:00+00:00,"WDYWT❓

Hat-New Era
Vest-Ralph Lauren Denim Supply 
T Shirt-Stussy 
Camo Pants-Helly Hansen 
Belt-Diesel
Shoes-Nike LeBron 11
Glasses-Vintage",wdywt hat new era vest ralph lauren denim supply t shirt stussy camo pants helly hansen belt diesel shoes nike lebron 11 glasses vintage,0.0,neutral,0.0,https://www.reddit.com/r/streetwear/comments/1mwlgcx/wdywt/,nike,,,,1mwlgcx,streetwear
Nike,reddit,running,2026-01-06 00:00:00+00:00,"Tuesday Shoesday

Shoes are a big topic in this sub, so in an effort to condense and collect some of these posts, we're introducing **Shoesday Tuesday**!  Similar to Wednesday's gear thread, but focusing on shoes.  

What’ve you been wearing on your feet? Anything fun added to the rotation? Got a review of a new release? Questions about a pair that’s caught your eye? Here's the place to discuss.

 *NOTE: For you Runnitors looking to sell/trade any running gear (as well as bib transfers), head over to /r/therunningrack.*",tuesday shoesday shoes are a big topic in this sub so in an effort to condense and collect some of these posts we re introducing shoesday tuesday similar to wednesday s gear thread but focusing on shoes what ve you been wearing on your feet anything fun added to the rotation got a review of a new release questions about a pair that s caught your eye here s the place to discuss note for you runnitors looking to sell trade any running gear as well as bib transfers head over to r therunningrack,0.8538,positive,0.8538,https://www.reddit.com/r/running/comments/1mu98qd/tuesday_shoesday/,nike running shoes,,,,1mu98qd,running
Nike,reddit,streetwear,2026-01-06 00:00:00+00:00,"Seeing Green

- Shirt: Fashion Nova
- Pants: WULFUL Men's Slim Fit Skinny Jeans
- Shoes: Nike Jordan 1 Mid SE 'Elephant Print'",seeing green shirt fashion nova pants wulful men s slim fit skinny jeans shoes nike jordan 1 mid se elephant print,0.3612,positive,0.3612,https://www.reddit.com/r/streetwear/comments/1muhv15/seeing_green/,nike,,,,1muhv15,streetwear
Nike,reddit,streetwear,2026-01-07 00:00:00+00:00,"Gold Nike p-6000s

Back to the street wear I'm most comfortable in a suit but it's hot out. This shade of like rusty gold was hard to coordinate but I don't think I did too bad.
Over shirt - boutique 
Tee Shirt- dope skill
Shoes- Nike p-6000
Watch- gold big face Invicta 
Hat - my marketing brand",gold nike p 6000s back to the street wear i m most comfortable in a suit but it s hot out this shade of like rusty gold was hard to coordinate but i don t think i did too bad over shirt boutique tee shirt dope skill shoes nike p 6000 watch gold big face invicta hat my marketing brand,-0.2031,negative,0.2031,https://www.reddit.com/r/streetwear/comments/1msdyt3/gold_nike_p6000s/,nike,,,,1msdyt3,streetwear
Nike,reddit,streetwear,2026-01-07 00:00:00+00:00,"Disney World

- Shirt: Grizzly
- Pants: Amazon
- Shoes: Nike Air Max 95 'Triple White'",disney world shirt grizzly pants amazon shoes nike air max 95 triple white,0.1779,positive,0.1779,https://www.reddit.com/r/streetwear/comments/1moinzg/disney_world/,nike,,,,1moinzg,streetwear
Nike,reddit,running,2026-01-08 00:00:00+00:00,"Tuesday Shoesday

Shoes are a big topic in this sub, so in an effort to condense and collect some of these posts, we're introducing **Shoesday Tuesday**!  Similar to Wednesday's gear thread, but focusing on shoes.  

What’ve you been wearing on your feet? Anything fun added to the rotation? Got a review of a new release? Questions about a pair that’s caught your eye? Here's the place to discuss.

 *NOTE: For you Runnitors looking to sell/trade any running gear (as well as bib transfers), head over to /r/therunningrack.*",tuesday shoesday shoes are a big topic in this sub so in an effort to condense and collect some of these posts we re introducing shoesday tuesday similar to wednesday s gear thread but focusing on shoes what ve you been wearing on your feet anything fun added to the rotation got a review of a new release questions about a pair that s caught your eye here s the place to discuss note for you runnitors looking to sell trade any running gear as well as bib transfers head over to r therunningrack,0.8538,positive,0.8538,https://www.reddit.com/r/running/comments/1mnzrsr/tuesday_shoesday/,nike running shoes,,,,1mnzrsr,running
Nike,reddit,running,2026-01-08 00:00:00+00:00,"New study shows accumulated distance (10% rule) less important than single run impact

I just heard an interview with the people behind this study, the Garmin Runsafe study (link below), and they say that we should worry much more about the impact of the single run than the accumulated runs over time (the 10 percent rule etc) when it comes to injury.

""The study suggests that overuse injuries don’t develop over time, as previously believed, explains Rasmus Østergaard Nielsen, associate professor and senior researcher at the Department of Public Health at Aarhus University and one of the researchers behind the study.

“Our research shows that overuse injuries occur much more frequently during a single training session when the runner runs too far compared to what they are used to,” he says.

So even though some running programs suggest increasing your distance by 10 or 20 percent on your next run, according to the new study, that's far too much, says Rasmus Østergaard Nielsen.

“If we want to stay somewhat safe when increasing our distance, a five percent progression is more sensible. If you're used to running five kilometers, that means you can add just 250 meters on your next run,” he says.

This means that if, for example, you want to train to run 10 kilometers, you’ll need to set aside a longer period than some running programs recommend.

Additionally, there are many other factors that can influence your risk of injury. According to Rasmus Østergaard Nielsen, the study’s findings likely apply to other changes in your running routine as well.

“That could be running much faster than you’re used to, running in a new pair of shoes where the load is different, or suddenly running a lot on sand when you're used to running on asphalt.”

There has previously, including in the research community, been a narrative that overuse injuries develop gradually over time, but that cannot be documented, according to Rasmus Østergaard Nielsen.

“We’ve been pulling our hair out for 20 years trying to figure out why we weren’t finding anything. We looked into the individual training sessions, and that’s why we believe our research project has such great potential—it changes the narrative of how injuries occur.”

“We should view injuries more as something that happens during a single training session, rather than something that develops gradually over time.”

The study is the largest study of running injuries ever conducted and is based on data from more than 5,200 participants.


My thought is that some of the metrics in our running watches needs to be looked at. 

The study is here: https://www.ucviden.dk/da/publications/a-paradigm-shift-in-understanding-overuse-running-related-injurie

The quoted article is here:
https://www.dr.dk/nyheder/indland/nyt-studie-af-loebeskader-omskriver-historien-din-skade-kan-komme-efter-kun-en",new study shows accumulated distance 10 rule less important than single run impact i just heard an interview with the people behind this study the garmin runsafe study link below and they say that we should worry much more about the impact of the single run than the accumulated runs over time the 10 percent rule etc when it comes to injury the study suggests that overuse injuries don t develop over time as previously believed explains rasmus stergaard nielsen associate professor and senior researcher at the department of public health at aarhus university and one of the researchers behind the study our research shows that overuse injuries occur much more frequently during a single training session when the runner runs too far compared to what they are used to he says so even though some running programs suggest increasing your distance by 10 or 20 percent on your next run according to the new study that s far too much says rasmus stergaard nielsen if we want to stay somewhat safe when increasing our distance a five percent progression is more sensible if you re used to running five kilometers that means you can add just 250 meters on your next run he says this means that if for example you want to train to run 10 kilometers you ll need to set aside a longer period than some running programs recommend additionally there are many other factors that can influence your risk of injury according to rasmus stergaard nielsen the study s findings likely apply to other changes in your running routine as well that could be running much faster than you re used to running in a new pair of shoes where the load is different or suddenly running a lot on sand when you re used to running on asphalt there has previously including in the research community been a narrative that overuse injuries develop gradually over time but that cannot be documented according to rasmus stergaard nielsen we ve been pulling our hair out for 20 years trying to figure out why we weren t finding anything we looked into the individual training sessions and that s why we believe our research project has such great potential it changes the narrative of how injuries occur we should view injuries more as something that happens during a single training session rather than something that develops gradually over time the study is the largest study of running injuries ever conducted and is based on data from more than 5 200 participants my thought is that some of the metrics in our running watches needs to be looked at the study is here the quoted article is here,0.719,positive,0.719,https://www.reddit.com/r/running/comments/1lzipim/new_study_shows_accumulated_distance_10_rule_less/,nike running shoes,,,,1lzipim,running
Nike,reddit,running,2026-01-09 00:00:00+00:00,"Tuesday Shoesday

Shoes are a big topic in this sub, so in an effort to condense and collect some of these posts, we're introducing **Shoesday Tuesday**!  Similar to Wednesday's gear thread, but focusing on shoes.  

What’ve you been wearing on your feet? Anything fun added to the rotation? Got a review of a new release? Questions about a pair that’s caught your eye? Here's the place to discuss.

 *NOTE: For you Runnitors looking to sell/trade any running gear (as well as bib transfers), head over to /r/therunningrack.*",tuesday shoesday shoes are a big topic in this sub so in an effort to condense and collect some of these posts we re introducing shoesday tuesday similar to wednesday s gear thread but focusing on shoes what ve you been wearing on your feet anything fun added to the rotation got a review of a new release questions about a pair that s caught your eye here s the place to discuss note for you runnitors looking to sell trade any running gear as well as bib transfers head over to r therunningrack,0.8538,positive,0.8538,https://www.reddit.com/r/running/comments/1mc2od1/tuesday_shoesday/,nike running shoes,,,,1mc2od1,running
Nike,reddit,streetwear,2026-01-09 00:00:00+00:00,"So tired of being HOT

- Shirt: Run It Up Mesh Jersey from FashionNova
- Pants: Marshall's Outlet Store
- Shoes: Nike Dunk Low 'Volt'",so tired of being hot shirt run it up mesh jersey from fashionnova pants marshall s outlet store shoes nike dunk low volt,-0.6478,negative,0.6478,https://www.reddit.com/r/streetwear/comments/1mlv2u0/so_tired_of_being_hot/,nike,,,,1mlv2u0,streetwear
Nike,reddit,running,2026-01-10 00:00:00+00:00,"According to nowadays science: bare foot vs. supportive shoes vs. cushioned shoes

There's the latest test report from your favourite running magazine. There's the store owner of your favourite running shop who's also been a runner and trainer. There's ""Born to run"". There's the community. There are doctors. Every group seems to recommend the one best shoe type to use in the long term for mid to long runs.

Is there some up-to-date science that would either recommend something like ""minimal shoes will prevent most injuries in the long term"" or ""cushioned shoes will do that best""?

Or is it - like so often - rather a ""it depends""?

Which type of shoes (or none at all) will support ones feet in the terms of least injuries if one takes the time and training required to prepare the feet and legs properly to get used to them?

Is there an answer?

**Edit: TL;DR: of the answers so far:**

*No, there is no clear evidence of any specific shoe type reducing injuries if compared to other shoe types.*

The types of injuries one gets are specific to every person and a special shoe type might reduce injuries for one person, but not for another, let alone in general.

The best advice is to have different types of running shoes and rotating them between the runs, as they pose different forces to one's feet and legs, so different muscles will be trained by that rotation.

In the broader view, muscle training is a key ingredient to reducing injuries, not shoes. To that respect, barefoot and minimal shoes can help, but there is no advice for (or maybe rather even advice against) using barefoot/minimal shoes without long and good training and without rotation with other types of shoes (unless you grew up without wearing any shoes, then pure barefoot running might be the best choice).",according to nowadays science bare foot vs supportive shoes vs cushioned shoes there s the latest test report from your favourite running magazine there s the store owner of your favourite running shop who s also been a runner and trainer there s born to run there s the community there are doctors every group seems to recommend the one best shoe type to use in the long term for mid to long runs is there some up to date science that would either recommend something like minimal shoes will prevent most injuries in the long term or cushioned shoes will do that best or is it like so often rather a it depends which type of shoes or none at all will support ones feet in the terms of least injuries if one takes the time and training required to prepare the feet and legs properly to get used to them is there an answer edit tl dr of the answers so far no there is no clear evidence of any specific shoe type reducing injuries if compared to other shoe types the types of injuries one gets are specific to every person and a special shoe type might reduce injuries for one person but not for another let alone in general the best advice is to have different types of running shoes and rotating them between the runs as they pose different forces to one s feet and legs so different muscles will be trained by that rotation in the broader view muscle training is a key ingredient to reducing injuries not shoes to that respect barefoot and minimal shoes can help but there is no advice for or maybe rather even advice against using barefoot minimal shoes without long and good training and without rotation with other types of shoes unless you grew up without wearing any shoes then pure barefoot running might be the best choice,0.9795,positive,0.9795,https://www.reddit.com/r/running/comments/1mbp9eb/according_to_nowadays_science_bare_foot_vs/,nike running shoes,,,,1mbp9eb,running
Nike,reddit,running,2026-01-11 00:00:00+00:00,"Lace pain from locking heel

I was recently told by my podiatrist that I need to wear a larger size shoe (in general, not just running). Basically, I was using a tight heel and toes to keep my foot from sliding in the shoe, which was bad for my nail matrices. After reading a bit, it sounded like many people like a thumb width between their toes and the end of their running shoes, so I also bought bigger running shoes (up 1 1/2 sizes, which tells you how cramped they were).

Edit: to clarify, I was wearing 1 - 1 1/2 sizes below what I measured, so he was not suggesting wearing some that was 1 -1 1/2 sizes too big, just bigger.

My problem is that now, in order to keep my foot from sliding forward, I have to use the laces to lock the foot back. I've tried several ways to tie my shoes, including the traditional method, the runner's lock (creating loops in the last two eyelets that the laces then pass through), and several modified versions of the lock. Regardless of what I do, to keep my heel back, it feels painfully tight on the tendons right at the bend (under where the laces usually cross last). Even avoiding having the laces cross directly over that spot by going from the upper eyelets directly to lower ones, only helped slightly.

I can run with it that way, but it is not at all comfortable, leaving that spot tender afterwords. I've experienced this in both Hoka Clifton 8's and Saucony TR17's.

Am I missing something? Any suggestions? Padding?

Edit: Sorry for my delayed responses.  My post was being moderated for a while, and then I went on vacation.",lace pain from locking heel i was recently told by my podiatrist that i need to wear a larger size shoe in general not just running basically i was using a tight heel and toes to keep my foot from sliding in the shoe which was bad for my nail matrices after reading a bit it sounded like many people like a thumb width between their toes and the end of their running shoes so i also bought bigger running shoes up 1 1 2 sizes which tells you how cramped they were edit to clarify i was wearing 1 1 1 2 sizes below what i measured so he was not suggesting wearing some that was 1 1 1 2 sizes too big just bigger my problem is that now in order to keep my foot from sliding forward i have to use the laces to lock the foot back i ve tried several ways to tie my shoes including the traditional method the runner s lock creating loops in the last two eyelets that the laces then pass through and several modified versions of the lock regardless of what i do to keep my heel back it feels painfully tight on the tendons right at the bend under where the laces usually cross last even avoiding having the laces cross directly over that spot by going from the upper eyelets directly to lower ones only helped slightly i can run with it that way but it is not at all comfortable leaving that spot tender afterwords i ve experienced this in both hoka clifton 8 s and saucony tr17 s am i missing something any suggestions padding edit sorry for my delayed responses my post was being moderated for a while and then i went on vacation,-0.9208,negative,0.9208,https://www.reddit.com/r/running/comments/1m9xg5q/lace_pain_from_locking_heel/,nike running shoes,,,,1m9xg5q,running
Nike,reddit,streetwear,2026-01-11 00:00:00+00:00,"San Diego Completed ✔️

- Hat: Carhartt
- Shirt: Ellesse
- Pants: PacSun
- Shoes: Nike Dunk Low Retro ‘Harlem Globetrotters’",san diego completed hat carhartt shirt ellesse pants pacsun shoes nike dunk low retro harlem globetrotters,-0.2732,negative,0.2732,https://www.reddit.com/r/streetwear/comments/1m9sl3b/san_diego_completed/,nike,,,,1m9sl3b,streetwear
Nike,reddit,streetwear,2026-01-12 00:00:00+00:00,"Some techwear for yall

Acronym x Nike jacket
Acronym P46-DS
Nike ACG Mountain Fly
Orbit Gear messenger bag
G-Shock watch",some techwear for yall acronym x nike jacket acronym p46 ds nike acg mountain fly orbit gear messenger bag g shock watch,0.0,neutral,0.0,https://www.reddit.com/r/streetwear/comments/1m7cna6/some_techwear_for_yall/,nike,,,,1m7cna6,streetwear
Nike,reddit,running,2026-01-12 00:00:00+00:00,"Tuesday Shoesday

Shoes are a big topic in this sub, so in an effort to condense and collect some of these posts, we're introducing **Shoesday Tuesday**!  Similar to Wednesday's gear thread, but focusing on shoes.  

What’ve you been wearing on your feet? Anything fun added to the rotation? Got a review of a new release? Questions about a pair that’s caught your eye? Here's the place to discuss.

 *NOTE: For you Runnitors looking to sell/trade any running gear (as well as bib transfers), head over to /r/therunningrack.*",tuesday shoesday shoes are a big topic in this sub so in an effort to condense and collect some of these posts we re introducing shoesday tuesday similar to wednesday s gear thread but focusing on shoes what ve you been wearing on your feet anything fun added to the rotation got a review of a new release questions about a pair that s caught your eye here s the place to discuss note for you runnitors looking to sell trade any running gear as well as bib transfers head over to r therunningrack,0.8538,positive,0.8538,https://www.reddit.com/r/running/comments/1m65az9/tuesday_shoesday/,nike running shoes,,,,1m65az9,running
Nike,reddit,running,2026-01-13 00:00:00+00:00,"Running in hot/humid weather

Question for runners of all levels: how do you motivate yourself to go on a run when the weather is extremely hot or humid? Summers get pretty intense where I live and I sweat easily. Plus the extreme weather tires me out quickly and my feet feel too hot in my shoes (ASICS GT2000s). Any tips on how to maintain a regular running regimen when the weather outside is saying ""don't go""? I know I can do indoor running on treadmills but I prefer outside.

Side note, but tips for running in winter would also be appreciated.",running in hot humid weather question for runners of all levels how do you motivate yourself to go on a run when the weather is extremely hot or humid summers get pretty intense where i live and i sweat easily plus the extreme weather tires me out quickly and my feet feel too hot in my shoes asics gt2000s any tips on how to maintain a regular running regimen when the weather outside is saying don t go i know i can do indoor running on treadmills but i prefer outside side note but tips for running in winter would also be appreciated,0.8611,positive,0.8611,https://www.reddit.com/r/running/comments/1m4pjwv/running_in_hothumid_weather/,nike running shoes,,,,1m4pjwv,running
Nike,reddit,running,2026-01-13 00:00:00+00:00,"Tuesday Shoesday

Shoes are a big topic in this sub, so in an effort to condense and collect some of these posts, we're introducing **Shoesday Tuesday**!  Similar to Wednesday's gear thread, but focusing on shoes.  

What’ve you been wearing on your feet? Anything fun added to the rotation? Got a review of a new release? Questions about a pair that’s caught your eye? Here's the place to discuss.

 *NOTE: For you Runnitors looking to sell/trade any running gear (as well as bib transfers), head over to /r/therunningrack.*",tuesday shoesday shoes are a big topic in this sub so in an effort to condense and collect some of these posts we re introducing shoesday tuesday similar to wednesday s gear thread but focusing on shoes what ve you been wearing on your feet anything fun added to the rotation got a review of a new release questions about a pair that s caught your eye here s the place to discuss note for you runnitors looking to sell trade any running gear as well as bib transfers head over to r therunningrack,0.8538,positive,0.8538,https://www.reddit.com/r/running/comments/1mi09en/tuesday_shoesday/,nike running shoes,,,,1mi09en,running
Nike,reddit,running,2026-01-14 00:00:00+00:00,"Tuesday Shoesday

Shoes are a big topic in this sub, so in an effort to condense and collect some of these posts, we're introducing **Shoesday Tuesday**!  Similar to Wednesday's gear thread, but focusing on shoes.  

What’ve you been wearing on your feet? Anything fun added to the rotation? Got a review of a new release? Questions about a pair that’s caught your eye? Here's the place to discuss.

 *NOTE: For you Runnitors looking to sell/trade any running gear (as well as bib transfers), head over to /r/therunningrack.*",tuesday shoesday shoes are a big topic in this sub so in an effort to condense and collect some of these posts we re introducing shoesday tuesday similar to wednesday s gear thread but focusing on shoes what ve you been wearing on your feet anything fun added to the rotation got a review of a new release questions about a pair that s caught your eye here s the place to discuss note for you runnitors looking to sell trade any running gear as well as bib transfers head over to r therunningrack,0.8538,positive,0.8538,https://www.reddit.com/r/running/comments/1m08zgf/tuesday_shoesday/,nike running shoes,,,,1m08zgf,running
Nike,reddit,running,2026-01-15 00:00:00+00:00,"Have We Been Tricked by Running Shoe Companies? Do Super Cushioned Shoes Actually Reduce Injuries?

I’ve been thinking about all the hype around running shoes over the past 10years. Super cushioned soles, maximalist shoes, “super shoes” with carbon plate. It’s like every brand promises we’ll run faster and stay injury-free if we just buy the latest pair.

But has any of this actually reduced injury rates? From what I’ve read, the answer seems… not really. I’m in my forties and returning to running having been out of the game for 8 years and it is so strange going to the specialist stores, the sole thickness is off the charts and the staff are describing the benefits in almost exact opposite terms to the early 2000s. My preference has always been to have a good feel for the ground, not in a barefoot running way but in a what I would class as normal sole kind of way but options like that seem long gone. So, what do you all think, have we been duped or are maximalist shoes truly better? Lightweight as a goal always made more sense to me than bulky and squidgy.",have we been tricked by running shoe companies do super cushioned shoes actually reduce injuries i ve been thinking about all the hype around running shoes over the past 10years super cushioned soles maximalist shoes super shoes with carbon plate it s like every brand promises we ll run faster and stay injury free if we just buy the latest pair but has any of this actually reduced injury rates from what i ve read the answer seems not really i m in my forties and returning to running having been out of the game for 8 years and it is so strange going to the specialist stores the sole thickness is off the charts and the staff are describing the benefits in almost exact opposite terms to the early 2000s my preference has always been to have a good feel for the ground not in a barefoot running way but in a what i would class as normal sole kind of way but options like that seem long gone so what do you all think have we been duped or are maximalist shoes truly better lightweight as a goal always made more sense to me than bulky and squidgy,0.9419,positive,0.9419,https://www.reddit.com/r/running/comments/1lzigd1/have_we_been_tricked_by_running_shoe_companies_do/,nike running shoes,,,,1lzigd1,running
Nike,reddit,running,2026-01-15 00:00:00+00:00,"Running through pregnancy and postpartum

I want to share my experience of staying in running shape while pregnant so hopefully other pregnant runners can see that you don't have to give up on running! Disclaimer: you should always check with your OB-GYN wether running is an appropriate form of exercise for you and take it easy postpartum until you are cleared to exercise again.

Running shape before I got pregnant: ran between 1-3 times every week for years, participating in one half marathon race every spring for the past 10 years, best half marathon time is 2 hours 3 minutes, worst is 2 hours 17 minutes. I'd call myself a consistent but slow runner.

Adjustments while I was pregnant to keep running:

1. No morning runs before breakfast. This was a big adjustment for me, since I usually trained early in the morning. But having low blood sugar while exercising when you're pregnant is not fun (it makes morning sickness symptoms worse) and not a strain you want to put on your body.
2. Invest in a good quality maternity belt. Think of it like a sports bra for your growing belly. It reduces the discomfort of your belly bouncing up and down on your bladder and pulling on your muscles and ligaments.
3. Don't exceed 140 bpm heart rate. This was the recommended max heart rate from my OB Gyn, I used a smart watch to track my heart rate. Most of the time I did not have the energy to push myself harder than that rate anyways, the only exceptions were running up hill and running at a higher altitude.
4. Find a different way to stay fit once running is no longer an option. At 7 months I had to throw in the towel because running went from uncomfortable to painful. I am lucky enough to have easy access to a pool, so I started swimming 30 minutes every day instead. This was amazing for two reasons: I stayed fit so I had the energy to go through labor (which they say is the equivalent of running a marathon) and I got all the happy effects of swimming (getting my heart rate up, feeling weightless, cooling down).

Actions I took postpartum:

1. Walk every day until cleared for other exercise. The first six weeks are very limited in what's allowed, I was advised to only go for walks and slowly increase the distance I walked, which is what I did. I started with walks around the block and slowly increased them to walking for an hour or two each day with the baby in the stroller. Also a great way to get indirect sunlight for the baby to help them overcome their jaundice.
2. Buy myself a new pair of running shoes with extra cushioning. I gained 40 lbs when pregnant and quickly lost about 25 lbs in the first few weeks postpartum. That still puts me at 15 lbs over my pre pregnancy weight and the extra cushioning helps my knees and ankles feel better. I also treated myself to a new pair of walking shoes to make my daily walks more comfy as well. Definitely worth the investment.
3. Buy myself new running shorts that fit comfortably for my new body. I might lose the weight I gained, but the best way to do that is by exercising and I feel more motivated when my clothes fit well and are not too tight. Worth spending a couple of dollars on shorts I will wear constantly for the next couple of months.
4. Stretch stretch stretch. Constant walking made my glutes and upper thigh muscles pretty tight, which is not good for my lower back. Doing a daily yoga routine of cat cow, reverse pigeon and supine twists really helped my back. I also pay more attention to the position of my pelvis and the tightening of my abs when walking and running to prevent myself from training with a hollow back (9 months of having a belly pull your spine forward requires some active focus to get your posture back).

The result: I went for a run the day I was cleared for exercise at six weeks postpartum. It was amazing. I ran for 30 minutes straight at 10:30 per mile. I felt like I was flying around the trail and I was so happy to be able to run again I kept taking little sprints. Afterwards I felt great. The next day I was a bit stiff and my next run was significantly slower at 11:30 per mile. Since I've been cleared I've ran roughly every other day and I'm fairly confident I'll be able to run a half marathon in fall.",running through pregnancy and postpartum i want to share my experience of staying in running shape while pregnant so hopefully other pregnant runners can see that you don t have to give up on running disclaimer you should always check with your ob gyn wether running is an appropriate form of exercise for you and take it easy postpartum until you are cleared to exercise again running shape before i got pregnant ran between 1 3 times every week for years participating in one half marathon race every spring for the past 10 years best half marathon time is 2 hours 3 minutes worst is 2 hours 17 minutes i d call myself a consistent but slow runner adjustments while i was pregnant to keep running 1 no morning runs before breakfast this was a big adjustment for me since i usually trained early in the morning but having low blood sugar while exercising when you re pregnant is not fun it makes morning sickness symptoms worse and not a strain you want to put on your body 2 invest in a good quality maternity belt think of it like a sports bra for your growing belly it reduces the discomfort of your belly bouncing up and down on your bladder and pulling on your muscles and ligaments 3 don t exceed 140 bpm heart rate this was the recommended max heart rate from my ob gyn i used a smart watch to track my heart rate most of the time i did not have the energy to push myself harder than that rate anyways the only exceptions were running up hill and running at a higher altitude 4 find a different way to stay fit once running is no longer an option at 7 months i had to throw in the towel because running went from uncomfortable to painful i am lucky enough to have easy access to a pool so i started swimming 30 minutes every day instead this was amazing for two reasons i stayed fit so i had the energy to go through labor which they say is the equivalent of running a marathon and i got all the happy effects of swimming getting my heart rate up feeling weightless cooling down actions i took postpartum 1 walk every day until cleared for other exercise the first six weeks are very limited in what s allowed i was advised to only go for walks and slowly increase the distance i walked which is what i did i started with walks around the block and slowly increased them to walking for an hour or two each day with the baby in the stroller also a great way to get indirect sunlight for the baby to help them overcome their jaundice 2 buy myself a new pair of running shoes with extra cushioning i gained 40 lbs when pregnant and quickly lost about 25 lbs in the first few weeks postpartum that still puts me at 15 lbs over my pre pregnancy weight and the extra cushioning helps my knees and ankles feel better i also treated myself to a new pair of walking shoes to make my daily walks more comfy as well definitely worth the investment 3 buy myself new running shorts that fit comfortably for my new body i might lose the weight i gained but the best way to do that is by exercising and i feel more motivated when my clothes fit well and are not too tight worth spending a couple of dollars on shorts i will wear constantly for the next couple of months 4 stretch stretch stretch constant walking made my glutes and upper thigh muscles pretty tight which is not good for my lower back doing a daily yoga routine of cat cow reverse pigeon and supine twists really helped my back i also pay more attention to the position of my pelvis and the tightening of my abs when walking and running to prevent myself from training with a hollow back 9 months of having a belly pull your spine forward requires some active focus to get your posture back the result i went for a run the day i was cleared for exercise at six weeks postpartum it was amazing i ran for 30 minutes straight at 10 30 per mile i felt like i was flying around the trail and i was so happy to be able to run again i kept taking little sprints afterwards i felt great the next day i was a bit stiff and my next run was significantly slower at 11 30 per mile since i ve been cleared i ve ran roughly every other day and i m fairly confident i ll be able to run a half marathon in fall,0.9991,positive,0.9991,https://www.reddit.com/r/running/comments/1lfgm3r/running_through_pregnancy_and_postpartum/,nike running shoes,,,,1lfgm3r,running
Nike,reddit,running,2026-01-16 00:00:00+00:00,"Run Melbourne HM - Race Report

### Race Information

* **Name:** Run Melbourne Half Marathon
* **Location:** Melbourne, Australia

### Goals

**Goal**	|**Description**	|**Completed?**

A	|Sub 1:40	|*Yes*	**Splits**

**Kilometer**	|**Time**

1	|4:37

2	|4:36

3	|4:35

4	|4:36

5	|4:42

6	|4:46

7	|4:36

8	|4:39

9	|4:49

10	|4:35

11	|4:40

12	|4:39

13	|4:46

14	|4:50

15	|4:38

16	|4:53

17	|4:42

18	|4:30

19	|4:39

20	|4:43

21	|4:47	I came 37th in my category (age 20-24 F), average pace 4:37, with a time of 1:37:37!

### Training

I'm pretty new to running, so it was a hell of a learning journey for me. I still have a workout preset saved on my watch called 'Tempo 1' consisting of x5 1 km (I thought anything over 800m was too long to count as an interval). I was anxious about never having done any serious training or anything close to a half-mara distance before, so I trained for about 20 weeks all up (albeit starting at a pretty low intensity/mileage of 20-30 km per week for the first half of training).

Goals-wise, I had initially just set out to finish somewhere within 1:46-1:55 when I signed up for the race in January, but as with training going well I decided to push harder for sub 1:45. After a particularly good track session about 8 weeks out, I was feeling competitive and cranked it to 1:40, although I didn't actually think I could do it once the cockiness wore off a few days later. But I decided to stick to it anyway because 'aim for the moon and you'll land among the stars'.

Over time, I developed a 4-run weekly split which normally looked like the following:

Tuesday: 7-10k either tempo or easy

Thursday: a track session - either I'd do a progression run (if I'd done an easy run on Tuesday) or intervals (8x400, 4x100, or 6x1k) with a long warm up/cool down. This would usually total 10-13k in distance.

Saturday: fast parkrun, followed by another easy 5k

Sunday: long run of 10-16k typically, with the longest being 18.5k

I peaked at 51 km 5 weeks prior to the race, but kept running 45+ km for another 2 weeks before tapering.

My final run before the taper was a particularly fast 12k progression run one Saturday after a Friday night out, which resulted in me straining my left achilles (which still hasn't gone away completely). I felt the niggle as I was walking home, not thinking much of it - I actually thought it was a surface wound and I'd just nicked the skin from walking too far in heels the night before.

Went out again for my usual Tuesday and Thursday runs (both short and easy, about 5k at 5:30/km pace for my taper) and it wasn't going away. I was scared out of my wits since I'd heard for years that there was no running injury more vindictive than an achilles. But I could still walk, it wasn't hurting enough to stop me from running completely, and I had faith.

I began fanatically researching, icing, and eccentric heel-dropping with only one week to go. Bought KT tape, kept stretching and resting, only ran easy, about 16 kms in the final week before the race on Sunday. I'd developed a habit of going to parkrun every week, so I went as usual for my shakeout to help settle my nerves. It felt good, the air was nice, the achilles felt ok, and I was feeling at least sort of confident for the race again.

### Pre-race

I got out of bed at about 3:30 am after a night of tossing and turning. The night had been a cycle of reading race reports on this sub and then drifting off phone in hand, only to start awake after 20 mins, convinced that I was already late. But race day adrenaline REALLY is something else. My heart was pounding through to my skull already, and I was ready to jump 6 feet into the air at the slightest sound outside on the street, even despite getting barely any rest.

I made and ate my breakfast of oatmeal and frozen raspberries with peanut butter and honey. Drank my coffee, which did what I needed it to do after some squats and lunges. Full makeup and braided my hair - got to look good, cameras are abound.

My parents took me (dad drove and mum came with me to the start line), about a 30 min drive. The whole way there I sat in the back like a little kid, rocking back and forth in my seat, shaking quietly and questioning why I thought this was a good idea.

Got there at about 6 am for a 6:40 start in the B wave. I (very stupidly) thought that 30 mins before the race start would be enough for a bathroom trip since the toilets were close by - it definitely wasn't and I could see the lines bending around the portables. Seeking alternative solutions, I set off circling the area for bushes to pretty much no avail - there was a bit of shrubbery in a patch of mud but I didn't want to ruin my white shoes and risk slipping in the mud with my shorts around my ankles.

Decided to just hold it - I wasn't busting desparately anyway, and it might've just been me starting to overthink every small twinge in my state of pre-race panic. Taped up my ankle, tied my ribbons into my hair, chugged the rest of my Gatorade (yes despite my bladder concerns minutes earlier), and made my way into the corral.

### Race

Typical rookie move of starting out FAST. My goal pace was 4:46/km (or a few seconds under) to finish in 1:40, and setting off I felt pretty steadied and was shuffling along with the crowd at what I thought was a fairly conservative speed. Glanced down at my watch about 1 km in and I'd gone through it in 4:36.

I was surprised and I also wasn't given the adrenaline wave I'd barely been bridling, but I was anxious that I was overdoing it already being only 5% into the race. But it was race day and I couldn't have stomached holding back and leaving anything on the table - what if I could push through? I decided I'd hold steady for the time being and just dial back if I started feeling it too early.

The first 10k felt amazing, the course was scenic, and there was a beautiful sunrise coming up as we ran by the water (a very nice change from the neverending laps around the same two concrete circuits and red 400m that made up most of my training). It wasn't overly busy just yet and I could see quite far ahead, which made it easy to run the tangents and I was cruising through the almost totally flat paths thus far. I went through the 10k mark at 46:12. Started thinking, hey maybe this isn’t so bad.

Stopped (well, still half-running because I was terrified of slowing down) at the aid station 12k in. My steps threw half of my cup of water in my face, so I probably gulped a quarter of it and wore the rest. I was still feeling all right, not fully suffering yet, but my heart rate was rising from the steady low 150s to the high 150s and entering the 160s. By this point, I was halfway and starting to think about the end - the first half was good primarily because I didn't let myself acknowledge the distance left (I don't think I could've held pace if I'd told myself at 4k that I'd have to do this for another 17). 9 km left was at least in the single digits, a lot less threatening. But my legs were starting to ache, blisters were coming in, and I had now reached the roll of the first hill.

The strait of 12k to 16k, it was like all the runners were surfing a massive 4 km long wave. The uphills were difficult in either length or incline, but not both, and there was still plenty of relief in the downhill we were rewarded with for every climb. I think I made a lot of my race in the first 10k and also in this section, as I kept a pretty straight path and used gravity to fly down the hills (slow cadence, long strides, low arms) while I slowed to save energy on the ascents. Actually, this was pretty much the theme of the rest of the race as the hills got steeper, which you can see from my splits in the last half. Funnily enough, I finished with 4 back-to-back 23-minute 5ks - exactly 4:37/km pace in each segment. It evened out I guess!

The push through 17, 18, 19k, fighting demons. That one climb at 17k was UNRELENTING (Anderson St Hill - straight from hell). You could feel the evil force of gravity trying to drag us all backwards and tumble us on heavy legs that didn't have much left to resist with. In my photos you can see me leaning forwards almost clawing my way up, I felt like somehow I could pull myself upwards by the arms to the crest.

What got me through this was my mum finding me just at the relief of that ascent as I passed the 18k mark. Once I saw her, I yelled, waved, I felt a sudden rush and picked up the pace, and went for the full send. 3 km left, it was go time - I was gritting my teeth for the last push to the end.

As I hit 20k, I looked at my watch again and it said 1:32:something. That left me with over 7 minutes to run the last 1.1 km, which I knew I could do even on my worst days. I wish I hadn't looked, because I was in pain by this point and I might've been able to push harder if I hadn't had that confidence that I would reach my goal. But I crossed the finish smiling wide and happy that I'd made it. (Before doubling over in direct line of finishing photography.)

### Post-race

My mum was there to catch me at the finish line and she told me my result - she held my phone during the race and the preliminary result had already come through. Almost 3 whole minutes ahead of my target!!! Now I'm not usually the most physically expressive person ever, but there I was jumping for joy, whooping, arms in the air, feeling like I'd just conquered the world.

We walked back towards Flinders after, coffee and cake at Brunetti, the best cheesecake I've ever tasted. Grill'd for lunch too, I was almost expecting not to have much of an appetite but I ate like no tomorrow. We talked about the race, went through all the photos, laughing at the race shots (glad I lived to tell the tale because those photos could CERTAINLY not be my last). I'm so beyond grateful to my mum and I could never had made it without knowing she was cheering me the whole way.

After getting home: ate, bath, bed, movie, 8 hr sleep. EXCRUCIATING DOMS. I'm walking, but it will be more of a hobble for probably at least the next couple days.",run melbourne hm race report race information name run melbourne half marathon location melbourne australia goals goal description completed a sub 1 40 yes splits kilometer time 1 4 37 2 4 36 3 4 35 4 4 36 5 4 42 6 4 46 7 4 36 8 4 39 9 4 49 10 4 35 11 4 40 12 4 39 13 4 46 14 4 50 15 4 38 16 4 53 17 4 42 18 4 30 19 4 39 20 4 43 21 4 47 i came 37th in my category age 20 24 f average pace 4 37 with a time of 1 37 37 training i m pretty new to running so it was a hell of a learning journey for me i still have a workout preset saved on my watch called tempo 1 consisting of x5 1 km i thought anything over 800m was too long to count as an interval i was anxious about never having done any serious training or anything close to a half mara distance before so i trained for about 20 weeks all up albeit starting at a pretty low intensity mileage of 20 30 km per week for the first half of training goals wise i had initially just set out to finish somewhere within 1 46 1 55 when i signed up for the race in january but as with training going well i decided to push harder for sub 1 45 after a particularly good track session about 8 weeks out i was feeling competitive and cranked it to 1 40 although i didn t actually think i could do it once the cockiness wore off a few days later but i decided to stick to it anyway because aim for the moon and you ll land among the stars over time i developed a 4 run weekly split which normally looked like the following tuesday 7 10k either tempo or easy thursday a track session either i d do a progression run if i d done an easy run on tuesday or intervals 8x400 4x100 or 6x1k with a long warm up cool down this would usually total 10 13k in distance saturday fast parkrun followed by another easy 5k sunday long run of 10 16k typically with the longest being 18 5k i peaked at 51 km 5 weeks prior to the race but kept running 45 km for another 2 weeks before tapering my final run before the taper was a particularly fast 12k progression run one saturday after a friday night out which resulted in me straining my left achilles which still hasn t gone away completely i felt the niggle as i was walking home not thinking much of it i actually thought it was a surface wound and i d just nicked the skin from walking too far in heels the night before went out again for my usual tuesday and thursday runs both short and easy about 5k at 5 30 km pace for my taper and it wasn t going away i was scared out of my wits since i d heard for years that there was no running injury more vindictive than an achilles but i could still walk it wasn t hurting enough to stop me from running completely and i had faith i began fanatically researching icing and eccentric heel dropping with only one week to go bought kt tape kept stretching and resting only ran easy about 16 kms in the final week before the race on sunday i d developed a habit of going to parkrun every week so i went as usual for my shakeout to help settle my nerves it felt good the air was nice the achilles felt ok and i was feeling at least sort of confident for the race again pre race i got out of bed at about 3 30 am after a night of tossing and turning the night had been a cycle of reading race reports on this sub and then drifting off phone in hand only to start awake after 20 mins convinced that i was already late but race day adrenaline really is something else my heart was pounding through to my skull already and i was ready to jump 6 feet into the air at the slightest sound outside on the street even despite getting barely any rest i made and ate my breakfast of oatmeal and frozen raspberries with peanut butter and honey drank my coffee which did what i needed it to do after some squats and lunges full makeup and braided my hair got to look good cameras are abound my parents took me dad drove and mum came with me to the start line about a 30 min drive the whole way there i sat in the back like a little kid rocking back and forth in my seat shaking quietly and questioning why i thought this was a good idea got there at about 6 am for a 6 40 start in the b wave i very stupidly thought that 30 mins before the race start would be enough for a bathroom trip since the toilets were close by it definitely wasn t and i could see the lines bending around the portables seeking alternative solutions i set off circling the area for bushes to pretty much no avail there was a bit of shrubbery in a patch of mud but i didn t want to ruin my white shoes and risk slipping in the mud with my shorts around my ankles decided to just hold it i wasn t busting desparately anyway and it might ve just been me starting to overthink every small twinge in my state of pre race panic taped up my ankle tied my ribbons into my hair chugged the rest of my gatorade yes despite my bladder concerns minutes earlier and made my way into the corral race typical rookie move of starting out fast my goal pace was 4 46 km or a few seconds under to finish in 1 40 and setting off i felt pretty steadied and was shuffling along with the crowd at what i thought was a fairly conservative speed glanced down at my watch about 1 km in and i d gone through it in 4 36 i was surprised and i also wasn t given the adrenaline wave i d barely been bridling but i was anxious that i was overdoing it already being only 5 into the race but it was race day and i couldn t have stomached holding back and leaving anything on the table what if i could push through i decided i d hold steady for the time being and just dial back if i started feeling it too early the first 10k felt amazing the course was scenic and there was a beautiful sunrise coming up as we ran by the water a very nice change from the neverending laps around the same two concrete circuits and red 400m that made up most of my training it wasn t overly busy just yet and i could see quite far ahead which made it easy to run the tangents and i was cruising through the almost totally flat paths thus far i went through the 10k mark at 46 12 started thinking hey maybe this isn t so bad stopped well still half running because i was terrified of slowing down at the aid station 12k in my steps threw half of my cup of water in my face so i probably gulped a quarter of it and wore the rest i was still feeling all right not fully suffering yet but my heart rate was rising from the steady low 150s to the high 150s and entering the 160s by this point i was halfway and starting to think about the end the first half was good primarily because i didn t let myself acknowledge the distance left i don t think i could ve held pace if i d told myself at 4k that i d have to do this for another 17 9 km left was at least in the single digits a lot less threatening but my legs were starting to ache blisters were coming in and i had now reached the roll of the first hill the strait of 12k to 16k it was like all the runners were surfing a massive 4 km long wave the uphills were difficult in either length or incline but not both and there was still plenty of relief in the downhill we were rewarded with for every climb i think i made a lot of my race in the first 10k and also in this section as i kept a pretty straight path and used gravity to fly down the hills slow cadence long strides low arms while i slowed to save energy on the ascents actually this was pretty much the theme of the rest of the race as the hills got steeper which you can see from my splits in the last half funnily enough i finished with 4 back to back 23 minute 5ks exactly 4 37 km pace in each segment it evened out i guess the push through 17 18 19k fighting demons that one climb at 17k was unrelenting anderson st hill straight from hell you could feel the evil force of gravity trying to drag us all backwards and tumble us on heavy legs that didn t have much left to resist with in my photos you can see me leaning forwards almost clawing my way up i felt like somehow i could pull myself upwards by the arms to the crest what got me through this was my mum finding me just at the relief of that ascent as i passed the 18k mark once i saw her i yelled waved i felt a sudden rush and picked up the pace and went for the full send 3 km left it was go time i was gritting my teeth for the last push to the end as i hit 20k i looked at my watch again and it said 1 32 something that left me with over 7 minutes to run the last 1 1 km which i knew i could do even on my worst days i wish i hadn t looked because i was in pain by this point and i might ve been able to push harder if i hadn t had that confidence that i would reach my goal but i crossed the finish smiling wide and happy that i d made it before doubling over in direct line of finishing photography post race my mum was there to catch me at the finish line and she told me my result she held my phone during the race and the preliminary result had already come through almost 3 whole minutes ahead of my target now i m not usually the most physically expressive person ever but there i was jumping for joy whooping arms in the air feeling like i d just conquered the world we walked back towards flinders after coffee and cake at brunetti the best cheesecake i ve ever tasted grill d for lunch too i was almost expecting not to have much of an appetite but i ate like no tomorrow we talked about the race went through all the photos laughing at the race shots glad i lived to tell the tale because those photos could certainly not be my last i m so beyond grateful to my mum and i could never had made it without knowing she was cheering me the whole way after getting home ate bath bed movie 8 hr sleep excruciating doms i m walking but it will be more of a hobble for probably at least the next couple days,0.9993,positive,0.9993,https://www.reddit.com/r/running/comments/1lza4mg/run_melbourne_hm_race_report/,nike running shoes,,,,1lza4mg,running
Nike,reddit,running,2026-01-16 00:00:00+00:00,"Looking for advice on how to safely run on uneven terrain and hilly routes

Hi everyone,
I’m 35, male, 171 cm tall and currently weigh 87 kg. I started running this year to improve my cardiovascular health and maintain a healthy weight (my family has some issues at this point 😅), so staying fit is a long-term goal for me.

I’ve got a sedentary job and lots of stress, so running became my go-to way to reset both physically and mentally.
Now I’m running about three times a week, carefully alternating techniques. I’ve read different articles on running form, and I try to keep my bounce low to reduce impact and avoid harsh landings. I also always do warm-up stretches before running and cooldown stretches after.

My diet is about 1500 kcal per day with balanced meals (veggies, meat, fish, etc).
After a while, I really fell in love with running. I’m not chasing pace, just trying to develop solid technique. My goal now is to recover from a minor knee issue and be ready to run a 10K during the Warsaw Marathon events this autumn, and maybe a half marathon next year.

The issue I’m facing is terrain. My city is hilly, and parks have very uneven paths. Many of the paths are slightly dome-shaped across their width and keep reversing, putting alternating stress on each leg. But running on sports fields became boring almost instantly.
Despite running carefully in road shoes (Skechers Go Run Max Road 6), the inconsistent surface caused a problem.

I’ve read through many posts here, but it seems I still haven’t found quite what I’m looking for. And I’d really love to hear from others who have dealt with constantly changing terrain.
How did you manage to avoid injuries when running on uneven surfaces? What helped in practice?

I’m really motivated to keep going, just want to do it safely and sustainably.

UPD: last time I got my knee injured, so I would also be really glad to hear your advices at this point.",looking for advice on how to safely run on uneven terrain and hilly routes hi everyone i m 35 male 171 cm tall and currently weigh 87 kg i started running this year to improve my cardiovascular health and maintain a healthy weight my family has some issues at this point so staying fit is a long term goal for me i ve got a sedentary job and lots of stress so running became my go to way to reset both physically and mentally now i m running about three times a week carefully alternating techniques i ve read different articles on running form and i try to keep my bounce low to reduce impact and avoid harsh landings i also always do warm up stretches before running and cooldown stretches after my diet is about 1500 kcal per day with balanced meals veggies meat fish etc after a while i really fell in love with running i m not chasing pace just trying to develop solid technique my goal now is to recover from a minor knee issue and be ready to run a 10k during the warsaw marathon events this autumn and maybe a half marathon next year the issue i m facing is terrain my city is hilly and parks have very uneven paths many of the paths are slightly dome shaped across their width and keep reversing putting alternating stress on each leg but running on sports fields became boring almost instantly despite running carefully in road shoes skechers go run max road 6 the inconsistent surface caused a problem i ve read through many posts here but it seems i still haven t found quite what i m looking for and i d really love to hear from others who have dealt with constantly changing terrain how did you manage to avoid injuries when running on uneven surfaces what helped in practice i m really motivated to keep going just want to do it safely and sustainably upd last time i got my knee injured so i would also be really glad to hear your advices at this point,0.9342,positive,0.9342,https://www.reddit.com/r/running/comments/1lwqced/looking_for_advice_on_how_to_safely_run_on_uneven/,nike running shoes,,,,1lwqced,running
Nike,reddit,running,2026-01-17 00:00:00+00:00,"New to running or the sub? Click here first! Looking for links to the most recent weekly threads or other mega-threads, this is the spot!

###For you new runners, please check out the info that is in the Wiki.

For the beginners finding the sub, please check out [the section in the FAQ for beginners](https://www.reddit.com/r/running/wiki/faq/#wiki_for_beginners)  (which can also apply to returning runners) as well as the [Common Questions section](https://www.reddit.com/r/running/wiki/faq/#wiki_common_questions).  

There is a lot of info in the [Wiki](https://www.reddit.com/r/running/wiki/faq).  Yes, some of it is from old posts.  Yes, the layout is not the greatest.  It is always a work in progress.  If you come across info that needs to be updated (or broken links), let us know.  If you see a post that should be in there, let us know.  If you see a lack of a helpful topic, let us know.

[This](https://www.reddit.com/r/running/wiki/index/common_questions/#wiki_i.2019ve_never_run_before.2C_what_do_i_do.3F) also has some good tips.  [This resource](https://drive.google.com/file/d/0B3TYR3d9S1s1dFpwa3E4NmZfOW8/view) is linked in the sidebar/top menu and may have some info you can use as you get started (or back into) running.  Finally, if you are looking for shoes and don't know where to start, check out [this section of the wiki](https://www.reddit.com/r/running/wiki/index/common_questions/#wiki_what_shoes_do_i_buy.3F). 

Take some time to the search the sub and browse the daily [Official Q&amp;A thread](https://www.reddit.com/r/running/search?q=Q%26A+author%3Aautomoderator&amp;restrict_sr=on&amp;sort=new&amp;t=all) and you will find plenty of tips for getting started/back.

*Please note that some of the direct links above will not work on mobile and link only to the main Wiki, requiring a bit of scrolling to find the relevant section.*

____________________

###Posts to Take Note Of

* Link for usual [As much as I want to delay the season, it's time for the Annual Summer, Heat, and Humidity Megathread](https://www.reddit.com/r/running/comments/1kkswaa/as_much_as_i_want_to_delay_the_season_its_time/). Or if you are in the southern hemisphere, the [""Running in the WINTER/COLD"" section of the wiki ](https://www.reddit.com/r/running/wiki/weather/#wiki_winter.2Fcold).

* [The Race to the Start Line: Returning to Running After Having Covid-19 (NY Times article)](https://www.reddit.com/r/running/comments/wa65zp/the_race_to_the_start_line_returning_to_running/)

* [Infographic: Graduated return to play guidance following COVID-19 infection](https://www.reddit.com/r/AdvancedRunning/comments/wif7ys/infographic_graduated_return_to_play_guidance/)

* [Best books about running 📖🏃🏻‍♀️](https://www.reddit.com/r/running/comments/1i04q4y/best_books_about_running/)

* [PSA: How your heart rate zone 2 might be lying to you.](https://www.reddit.com/r/running/comments/1e4a6lr/psa_how_your_heart_rate_zone_2_might_be_lying_to/)

* [How Do You Fall in Love with Running Again?](https://www.reddit.com/r/running/comments/1lvccl4/how_do_you_fall_in_love_with_running_again/)

* [How did you get over the initial struggle of starting to run regularly ?](https://www.reddit.com/r/running/comments/1lngesj/how_did_you_get_over_the_initial_struggle_of/)

* [What helped you rebuild confidence after a long break from running?](https://www.reddit.com/r/running/comments/1lg58vz/what_helped_you_rebuild_confidence_after_a_long/)

* [Running in hot/humid weather](https://www.reddit.com/r/running/comments/1m4pjwv/running_in_hothumid_weather/)

* [New study shows accumulated distance (10% rule) less important than single run impact](https://www.reddit.com/r/running/comments/1lzipim/new_study_shows_accumulated_distance_10_rule_less/)

* [What’s with all the new hype around zone 2 running?](https://www.reddit.com/r/running/comments/1lxb73q/whats_with_all_the_new_hype_around_zone_2_running/)

* [Have We Been Tricked by Running Shoe Companies? Do Super Cushioned Shoes Actually Reduce Injuries?](https://www.reddit.com/r/running/comments/1lzigd1/have_we_been_tricked_by_running_shoe_companies_do/)






____________________

###**Using r/running**



The mods do their best to actively moderate this community. When posting, we expect users to make an effort to familiarize themselves with our rules and practices before submitting posts or comments. We suggest taking note of **Rule 2** *and* **Rule 7**, *since these are the most commonly broken which will result in a thread being removed.*

The mod team has tried to lay out the rules with some expected guidelines of what is or is not allowed, but there is always some gray area and posts are up to interpretation by the mod team.  We do our best to be consistent, but that isn’t always the case with multiple mods or even the same mod between similar posts.  The mod team wants to make /r/running a resource for new and experienced runners and to build a community between all types of runners.

Regardless of that fact, Moderators have the final say.  We are open to hearing differing opinions, but the mod team will make the final decision.  Visitors and posters in /r/running are expected to understand that the mod team are people too and doing the best they can to manage a very large sub with frequent posts every day.  If you do not agree with how this sub is moderated, we expect you to do so in a civil manner….and also know when it is time to drop it.

We are very upfront in stating that the sub is heavily moderated, but we do recognize that not every user wants that.  The wonderful thing about reddit is that there are plenty of subs to check out and hopefully find one more to your liking.  If you find the  moderation here too strict, some other related subs with less moderation are /r/runninglifestyle/, /r/BeginnersRunning/, /r/runningquestions/, and /r/Runners/.

_____


###**Recurring Threads**

In order to reduce clutter and nudge you lurkers into posting, we have created a number of daily and weekly threads for you to read, make a comment, or ask a question. Unless you truly believe your new thread will make a new and interesting contribution to Runnit, please wait until the related weekly thread rolls around and post in there instead.  A more complete description of the threads can be [found in the wiki](https://www.reddit.com/r/running/wiki/faq/#wiki_reccuring_threads).

Here are the current recurring threads with links to the most recent (hopefully) weekly thread:  

*Please note that the search links for the daily threads (Q&amp;A and Achievement) will not work on mobile.  If you are using mobile, sort the sub by ""Hot"" and the current Q&amp;A thread will be stickied at the top.  For the Achievement thread, sort by ""New"" and scroll down a bit to find the current Achievement thread.*

* [Daily Achievement Thread (Posted daily)](https://www.reddit.com/r/running/search?q=%22achievements+for%22+author%3Aautomoderator&amp;amp;restrict_sr=on&amp;amp;sort=new&amp;amp;t=all): Any and all accomplishment posts should be posted here. Anything from new PRs, to longest weekly mileage, to running your first ultra – literally any accomplishments you experienced recently!

* [General Q&amp;A Thread (Posted daily)](https://old.reddit.com/r/running/search?q=Official+Q%26A&amp;restrict_sr=on&amp;sort=new&amp;t=all): With such a large sub, there are a lot of running-related questions that come in every day. In an effort to keep the front page of the sub uncluttered and fresh, we ask you post your questions, particularly those one-off questions that are potentially short and don't necessarily provoke significant discussion, in the daily General Q&amp;A thread.

* [Weekly Training Thread (Sundays)](https://www.reddit.com/r/running/comments/1nmj7pd/the_weekly_training_thread/)

* [Miscellaneous Monday General Chit-Chat (Mondays)](https://www.reddit.com/r/running/comments/1nth0mw/miscellaneous_monday_chit_chat/)

* [Li'l Race Reports Thread (Mondays)](https://www.reddit.com/r/running/comments/1nsfsw4/the_weekly_training_thread/)

* [Super Moronic Monday (Tuesdays)](https://www.reddit.com/r/running/comments/1nuc797/super_moronic_monday_your_weekly_tuesday_stupid/)

* [Run Nutrition Tuesday (Tuesdays)](https://www.reddit.com/r/running/comments/1nu4e9l/run_nutrition_tuesday/)

* [Tuesday Shoesday (Tuesdays)](https://www.reddit.com/r/running/comments/1nu4e9d/tuesday_shoesday/)

* [Lurker's Wednesday (Wednesday)](https://www.reddit.com/r/running/comments/1nuzflw/lurkers_wednesday/)

* [What Are You Wearing Wednesday Weekly Gear Thread (Wednesdays)](https://www.reddit.com/r/running/comments/1nuzfm2/what_are_you_wearing_wednesday_weekly_gear_thread/)

* [Weekly Complaints &amp; Confessions Thread (Thursdays)](https://www.reddit.com/r/running/comments/1nq5aic/weekly_complaints_confessions_thread/)

* [The Weekend Thread (Fridays)](https://www.reddit.com/r/running/comments/1nqsm0c/the_weekend_thread_for_friday_september_26_2025/)

* [Race Roll Call (Fridays)](https://www.reddit.com/r/running/comments/1nqris4/race_roll_call/)

* [Social Saturday (Saturdays)](https://www.reddit.com/r/running/comments/1nrmn1x/social_saturday/)

_____

###**Rules**
We have further [explanations of the rules in the wiki](https://www.reddit.com/r/running/wiki/faq/#wiki_rules), but as noted in the side bar, please take note of Rule 2 and Rule 7 as they are the ones most cited for post removals.

 **(2)** - *Posts need to generate discussion and/or useful information that other searchers can then benefit from. Low-quality posts, recent reposts, chronically repetitive posts, posts not directly related to running, and questions that are easily answered by FAQ, searching r/running, or Google are subject to removal at the moderation team's discretion.*  

This sub attracts a lot of beginners as well as “drive-by” posting.  A major goal of the sub is to promote quality discussion and develop a community where information and experiences can be shared.  Many of the common questions have been answered, either in previous threads/FAQ, or could easily be answered in the daily Q&amp;A thread.  Yes, circumstances can vary person to person, but it is expected that posters make an attempt to find these answers for themselves before making a stand-alone post.   Visitors should put forth some effort in finding the answer themselves and not expect the Runnit community to do all the work for them.  If the post/question is very specific to your situation (such that other general user won't get much benefit from the information), then it belongs in the daily Q&amp;A thread.

If you do make a stand-alone post, please include info relevant for the community to help.  It is nearly impossible to offer any advice without sufficient background information.  Items that could be relevant:

* Age

* Sex

* Current MPW + pace

* Previous peak MPW

* Workouts you traditionally or recently have completed

* Goals (including specific races)

* Previous PRs

* Other things you think might be helpful to include

Below are some of the reason a post would be considered low-quality, thus being removed and directed to the Daily Q&amp;A thread:

* ""Does anyone else..."" type posts?

* ""Is X a good time for...?"" posts

* If your post is a question in the title (including “See title” or “Title says it all” in the body).

* If your question can be asked in one sentence.

* If your question is very specific to you or your situation.

* If your question can be answered either with a yes/no.

* In general, it is helpful to include something that shows you made an effort to find an answer within the community and thus separate it from the numerous low-effort posts that are submitted every day.  

* Additionally, as rule 5 states, make your title descriptive.  If it is not clear what the post is about or asking, then it will not be useful in later searches.

Finally, while mutual encouragement and sharing of information is a very high priority of r/running, numerous motivational-type and PSA posts are not necessary.  A larger goal of the sub is to provide information to runners, beginners and experienced, which can get drowned out by these types of posts.


 **(7)** - *Do not solicit medical advice. This includes 'Has anyone else experienced this injury?' type posts.*  

While there is some leeway on advice for rehabbing some minor, common running injuries, this sub is not the place for a diagnosis, and especially not for advice on major injuries.  If you are hurt or injured, find a medical professional with the proper credentials to help you.  Not the internet.  

There is a big difference between ""Hey, my IT band is tight. Got any good stretches for it?"" and ""My shins hurt every time I run. If I run through the pain, will it turn into a stress fracture?"" If your question involves sharp pains, unknown/vague pains, or injuries/problems that have stretched on for long periods of time, then it is a question for medical professional.

Also, your doctor not being familiar with running injuries is no excuse.  Find a Sports Medicine doctor, Physical Therapist, or find another doctor.

_____________________


Finally, feel free to use this post to offer any ideas or suggestions of things you'd like to see (or not see) here.  We are open to feedback, but please be civil, constructive, and willing to have a discussion.  This is not the place to rant.

###**Thank you all for being a part of this community!**",new to running or the sub click here first looking for links to the most recent weekly threads or other mega threads this is the spot for you new runners please check out the info that is in the wiki for the beginners finding the sub please check out the section in the faq for beginners which can also apply to returning runners as well as the common questions section there is a lot of info in the wiki yes some of it is from old posts yes the layout is not the greatest it is always a work in progress if you come across info that needs to be updated or broken links let us know if you see a post that should be in there let us know if you see a lack of a helpful topic let us know this also has some good tips this resource is linked in the sidebar top menu and may have some info you can use as you get started or back into running finally if you are looking for shoes and don t know where to start check out this section of the wiki take some time to the search the sub and browse the daily official q amp a thread and you will find plenty of tips for getting started back please note that some of the direct links above will not work on mobile and link only to the main wiki requiring a bit of scrolling to find the relevant section posts to take note of link for usual as much as i want to delay the season it s time for the annual summer heat and humidity megathread or if you are in the southern hemisphere the running in the winter cold section of the wiki the race to the start line returning to running after having covid 19 ny times article infographic graduated return to play guidance following covid 19 infection best books about running psa how your heart rate zone 2 might be lying to you how do you fall in love with running again how did you get over the initial struggle of starting to run regularly what helped you rebuild confidence after a long break from running running in hot humid weather new study shows accumulated distance 10 rule less important than single run impact what s with all the new hype around zone 2 running have we been tricked by running shoe companies do super cushioned shoes actually reduce injuries using r running the mods do their best to actively moderate this community when posting we expect users to make an effort to familiarize themselves with our rules and practices before submitting posts or comments we suggest taking note of rule 2 and rule 7 since these are the most commonly broken which will result in a thread being removed the mod team has tried to lay out the rules with some expected guidelines of what is or is not allowed but there is always some gray area and posts are up to interpretation by the mod team we do our best to be consistent but that isn t always the case with multiple mods or even the same mod between similar posts the mod team wants to make r running a resource for new and experienced runners and to build a community between all types of runners regardless of that fact moderators have the final say we are open to hearing differing opinions but the mod team will make the final decision visitors and posters in r running are expected to understand that the mod team are people too and doing the best they can to manage a very large sub with frequent posts every day if you do not agree with how this sub is moderated we expect you to do so in a civil manner and also know when it is time to drop it we are very upfront in stating that the sub is heavily moderated but we do recognize that not every user wants that the wonderful thing about reddit is that there are plenty of subs to check out and hopefully find one more to your liking if you find the moderation here too strict some other related subs with less moderation are r runninglifestyle r beginnersrunning r runningquestions and r runners recurring threads in order to reduce clutter and nudge you lurkers into posting we have created a number of daily and weekly threads for you to read make a comment or ask a question unless you truly believe your new thread will make a new and interesting contribution to runnit please wait until the related weekly thread rolls around and post in there instead a more complete description of the threads can be found in the wiki here are the current recurring threads with links to the most recent hopefully weekly thread please note that the search links for the daily threads q amp a and achievement will not work on mobile if you are using mobile sort the sub by hot and the current q amp a thread will be stickied at the top for the achievement thread sort by new and scroll down a bit to find the current achievement thread daily achievement thread posted daily any and all accomplishment posts should be posted here anything from new prs to longest weekly mileage to running your first ultra literally any accomplishments you experienced recently general q amp a thread posted daily with such a large sub there are a lot of running related questions that come in every day in an effort to keep the front page of the sub uncluttered and fresh we ask you post your questions particularly those one off questions that are potentially short and don t necessarily provoke significant discussion in the daily general q amp a thread weekly training thread sundays miscellaneous monday general chit chat mondays li l race reports thread mondays super moronic monday tuesdays run nutrition tuesday tuesdays tuesday shoesday tuesdays lurker s wednesday wednesday what are you wearing wednesday weekly gear thread wednesdays weekly complaints amp confessions thread thursdays the weekend thread fridays race roll call fridays social saturday saturdays rules we have further explanations of the rules in the wiki but as noted in the side bar please take note of rule 2 and rule 7 as they are the ones most cited for post removals 2 posts need to generate discussion and or useful information that other searchers can then benefit from low quality posts recent reposts chronically repetitive posts posts not directly related to running and questions that are easily answered by faq searching r running or google are subject to removal at the moderation team s discretion this sub attracts a lot of beginners as well as drive by posting a major goal of the sub is to promote quality discussion and develop a community where information and experiences can be shared many of the common questions have been answered either in previous threads faq or could easily be answered in the daily q amp a thread yes circumstances can vary person to person but it is expected that posters make an attempt to find these answers for themselves before making a stand alone post visitors should put forth some effort in finding the answer themselves and not expect the runnit community to do all the work for them if the post question is very specific to your situation such that other general user won t get much benefit from the information then it belongs in the daily q amp a thread if you do make a stand alone post please include info relevant for the community to help it is nearly impossible to offer any advice without sufficient background information items that could be relevant age sex current mpw pace previous peak mpw workouts you traditionally or recently have completed goals including specific races previous prs other things you think might be helpful to include below are some of the reason a post would be considered low quality thus being removed and directed to the daily q amp a thread does anyone else type posts is x a good time for posts if your post is a question in the title including see title or title says it all in the body if your question can be asked in one sentence if your question is very specific to you or your situation if your question can be answered either with a yes no in general it is helpful to include something that shows you made an effort to find an answer within the community and thus separate it from the numerous low effort posts that are submitted every day additionally as rule 5 states make your title descriptive if it is not clear what the post is about or asking then it will not be useful in later searches finally while mutual encouragement and sharing of information is a very high priority of r running numerous motivational type and psa posts are not necessary a larger goal of the sub is to provide information to runners beginners and experienced which can get drowned out by these types of posts 7 do not solicit medical advice this includes has anyone else experienced this injury type posts while there is some leeway on advice for rehabbing some minor common running injuries this sub is not the place for a diagnosis and especially not for advice on major injuries if you are hurt or injured find a medical professional with the proper credentials to help you not the internet there is a big difference between hey my it band is tight got any good stretches for it and my shins hurt every time i run if i run through the pain will it turn into a stress fracture if your question involves sharp pains unknown vague pains or injuries problems that have stretched on for long periods of time then it is a question for medical professional also your doctor not being familiar with running injuries is no excuse find a sports medicine doctor physical therapist or find another doctor finally feel free to use this post to offer any ideas or suggestions of things you d like to see or not see here we are open to feedback but please be civil constructive and willing to have a discussion this is not the place to rant thank you all for being a part of this community,0.9981,positive,0.9981,https://www.reddit.com/r/running/comments/1lwbww5/new_to_running_or_the_sub_click_here_first/,nike running shoes,,,,1lwbww5,running
Nike,reddit,running,2026-01-17 00:00:00+00:00,"Tuesday Shoesday

Shoes are a big topic in this sub, so in an effort to condense and collect some of these posts, we're introducing **Shoesday Tuesday**!  Similar to Wednesday's gear thread, but focusing on shoes.  

What’ve you been wearing on your feet? Anything fun added to the rotation? Got a review of a new release? Questions about a pair that’s caught your eye? Here's the place to discuss.

 *NOTE: For you Runnitors looking to sell/trade any running gear (as well as bib transfers), head over to /r/therunningrack.*",tuesday shoesday shoes are a big topic in this sub so in an effort to condense and collect some of these posts we re introducing shoesday tuesday similar to wednesday s gear thread but focusing on shoes what ve you been wearing on your feet anything fun added to the rotation got a review of a new release questions about a pair that s caught your eye here s the place to discuss note for you runnitors looking to sell trade any running gear as well as bib transfers head over to r therunningrack,0.8538,positive,0.8538,https://www.reddit.com/r/running/comments/1lug46n/tuesday_shoesday/,nike running shoes,,,,1lug46n,running
Nike,reddit,streetwear,2026-01-18 00:00:00+00:00,"City of Style

Gustin #590 Patchwork Selvedge

Custom vest made in 1982 by a tailor in Hong Kong (part of a suit I do not wear any more)

Compression shirt

Nike SB Dunk Low City of Style 

As you can see, my posture is wack but I work my vibes the best I can.",city of style gustin 590 patchwork selvedge custom vest made in 1982 by a tailor in hong kong part of a suit i do not wear any more compression shirt nike sb dunk low city of style as you can see my posture is wack but i work my vibes the best i can,0.7391,positive,0.7391,https://www.reddit.com/r/streetwear/comments/1lscm2y/city_of_style/,nike,,,,1lscm2y,streetwear
Nike,reddit,streetwear,2026-01-18 00:00:00+00:00,"Target run with my shopping assistant 🦮🏃

🧢: Hidden NY x Pixar’s Wall-E

👕: Nike x Hello Kitty

👖: Uniqlo:C Sweatpants 

👟: Nike Dunk",target run with my shopping assistant hidden ny x pixar s wall e nike x hello kitty uniqlo c sweatpants nike dunk,0.0,neutral,0.0,https://www.reddit.com/r/streetwear/comments/1lrqfa6/target_run_with_my_shopping_assistant/,nike,,,,1lrqfa6,streetwear
Nike,reddit,streetwear,2026-01-19 00:00:00+00:00,"Trust.

- Shirt: Fashion Nova
- Pants: Enrica Men's Casual Printed Skinny Jeans on Amazon
- Shoes: Nike Dunk Low SB 'Be True - Trans Joy'

- IG: UberMikee_",trust shirt fashion nova pants enrica men s casual printed skinny jeans on amazon shoes nike dunk low sb be true trans joy ig ubermikee,0.8834,positive,0.8834,https://www.reddit.com/r/streetwear/comments/1lqqv7l/trust/,nike,,,,1lqqv7l,streetwear
Nike,reddit,running,2026-01-20 00:00:00+00:00,"Tuesday Shoesday

Shoes are a big topic in this sub, so in an effort to condense and collect some of these posts, we're introducing **Shoesday Tuesday**!  Similar to Wednesday's gear thread, but focusing on shoes.  

What’ve you been wearing on your feet? Anything fun added to the rotation? Got a review of a new release? Questions about a pair that’s caught your eye? Here's the place to discuss.

 *NOTE: For you Runnitors looking to sell/trade any running gear (as well as bib transfers), head over to /r/therunningrack.*",tuesday shoesday shoes are a big topic in this sub so in an effort to condense and collect some of these posts we re introducing shoesday tuesday similar to wednesday s gear thread but focusing on shoes what ve you been wearing on your feet anything fun added to the rotation got a review of a new release questions about a pair that s caught your eye here s the place to discuss note for you runnitors looking to sell trade any running gear as well as bib transfers head over to r therunningrack,0.8538,positive,0.8538,https://www.reddit.com/r/running/comments/1lot6f0/tuesday_shoesday/,nike running shoes,,,,1lot6f0,running
Nike,reddit,running,2026-01-20 00:00:00+00:00,"Race Report - Tromso Midnight Sun Marathon 2025

# Race Information

* **Name:** Tromso Midnight Sun Marathon
* **Date:** 6/21/25
* **Distance:** 26.2 miles
* **Location:** Tromso, Norway
* **Time:** 3:54:34

# Goals

|Goal|Description|Completed?|
|:-|:-|:-|
||
||||
|A|Sub 4:00|*Yes*|
|B|Sub 4:45|*No*|

# Splits

|Distance|Time|
|:-|:-|
||
|||
|5k|25:39 (PR)|
|10K|51:56 (PR)|
|10 Mile|1:24:10 (PR)|
|Half Marathon Split|1:50:50 (PR)|
|30k|2:40:00 (PR)|
|26.2|3:54:34 (PR)|

# Training

Bit of background for me - I'm in my mid 30s and very active with a lot of running, cycling, hiking, trail running, ice hockey and golfing (walking when I play 99% of the time). The last 6 years I've been a lot more consistent with running as my primary exercise and keeping a decent baseline of fitness. I typically will do at least 1 half marathon race per year and a few other 10k, 10 miler and various trail races to keep things interesting. This would be my second marathon with my first being Jan 2023 which I finished 4hours23minutes.

Since the first full, my running got more consistent and my goal for this was to go sub 4 hours. Through my increased training and other half marathon races I've done, I felt it was achievable but would be tough. My stretch goal was to go sub 3:45, but this was something I didn't really think possible until the race itself.

My friend found this event last year and we planned a vacation to Norway for it. I live in Colorado so the altitude for training would give me an advantage here as well as this is at sea level. For those not in the know, the race takes place in the arctic circle in a small town called Tromso way up north in Norway (highly recommend visiting if you can!). They do it on June 21st on the summer solstice when the sun never sets and the race starts at 9pm. It was quite bizarre to a) have a race that takes place at night like this but b) be running in complete sunlight at what should be night time. There are huge parties that go on all over Norway during the summer solstice but Tromso especially was wild with the race going on too.

After deciding to sign up, my goal was officially to go sub 4 hours. I built a 4ish month plan running 5x per week starting in March based on something I found on the runnersworld site. I got some advice on my plan from some people in my run club who are more seasoned which was awesome and helped a lot.

The weather in Colorado can be unpredictable in the spring, but thankfully it was mostly good for training and only had a few days where I was forced to use a treadmill. My baseline mileage before starting was about 15-20 miles per week so I did not have any issues with the training. My rest days I would try to do some dedicated stretching and light weight lifting to give my legs a rest. Generally speaking, each week was broken down into this:

Monday: Rest

Tuesday: Tempo or Interval Run

Wednesday: Easy Run at varying distance or time

Thursday: Tempo or Hills

Friday: Rest or cross training with yoga/weights

Saturday: 30minutes easy run

Sunday: Long run - 8 miles all the way up to 20 miles then tapering back down a few weeks out

I was able to stick to this format for the most part and only had some slight knee pain towards the end on really big weeks which I would then adjust distances on the other runs as to not over train.

Near the end of the block in May, I ran a half marathon race which I substituted a long run for to get a baseline of where I was fitness wise and double check nutrition/gear. The race could not have gone better and I finished in 1hour53minutes and had plenty of gas in the tank left afterwards. This gave me serious confidence I was on the right track and wouldn't have any issues on the full.

Nutrition wise I've been using the same gels, gummies and recovery drinks the past few years so none of that was new for my body thankfully. I also was somehow able to stay healthy and not get sick at all during the training block which was a huge blessing.

# Pre-race

We flew into Europe the Wednesday before the Saturday race to give us plenty of time to get on schedule there and get some rest. Sleep was interesting with the sun not setting basically at all, but the 2 days before the race I was able to get 2 nights of 8 hours proper and feel good. We spend 1.5 days in Oslo where I did a 2 mile shakeout run, then after arriving in Tromso Friday AM I did a quick 1.5 mile run there as well with a local run club.

As this again was a night time race (yet in the sunlight) starting at 830PM, I was a little lost at first of how to handle logistics. I wanted to make sure I was properly fueled, but not too full so I came up with this idea: Day of the race, have a big breakfast, moderate size pasta lunch, then a snack later in the day. I didn't want to have a big dinner right before and be too full or risk GI issues during the race. I also tried to hydrate throughout the day with a few nuun tablets, stay off my feet as much as possible and try to have a quick nap. Thankfully I got good night sleep the day before and slept in a bit, followed by an epic breakfast buffet at hour hotel (European breakfast buffets FTW!)

We met up with our friends for some pastries and coffee an hour after that and then rested for a few hours. I had a nice pasta dish for lunch around 2pm with some bread and my 2nd nuun tablet/water there. Following lunch we went back to the hotel and I tried to take a quick nap and get some rest in. The pre-race nerves started kicking in and I couldn't nap so I started getting my race clothes ready and gels/bib in order. About 6pm I ate a banana and some leftover pastries which were nice and stretched for about 30 minutes.

This is where I can really appreciate morning races because from here, I still had an hour and a half until start time with not much to do. My stomach was starting to act up due to nerves so had to deal with that as well and try to rehydrate a bit. For gels I had 6 Gu Roctane's with me for the race. 3 with caffeine (strawberry kiwi) and 3 without (lemonade). These are the same ones and amount I used on my first marathon and it worked out super well for me. I use the same on half races (2 instead of 6) and also trained with these on my long runs too so my body was well ready for them.

Luckily, the start line was about 500ft from our hotel so I didn't have to stress about getting there at all. About 30 minutes prior to start time I got dressed, put some vaseline on the bits and armpits, had a bit more water and went down to stretch and get lined up.

The weather was a bit of a toss up too for me as it was forecast to be between 44F and 51F during the race and humid. Typically, i'll wear just lined shorts and a tank top but I was between that and a heavier t-shirt due to the wind/temps. I ended up going with the tank which I later regretted, but for the most part worked out. I did a quick jog around the block to get the legs warmed up and some final stretches then got situated for the start. There were no starting groups, just markers for finish times so I got near the 345-4h marker.

# Race

Lined up for the start I was feeling good, temperatures were nice in the high 40s, felt ready to attack the course at sea level. The start line was next to the local cruise port so as the countdown hit 1, the cruise ship docked blasted its horn which was a nice little touch. The first mile goes through downtown Tromso with loads of people lined on the streets, then immediately turns to go up and over the famous [Tromso bridge](https://en.wikipedia.org/wiki/Troms%C3%B8_Bridge). It's not a ton of incline but still right at the start I was aiming to go intentionally slower then blast down it to continue on course at my planned pace.

My planned pace for the race was around 8min50s miles and trying to start out a little slower than that due to the incline. My first few splits ended up being 8:49 (+127ft gain), 7:56 (-133ft), followed by \~8m30s miles until mile 17. My heart rate was in a really good place too so I decided not to modify things and push on at this pace despite being a bit faster than I wanted. The elevation outside of the bridge was pretty steady and the temperatures remained great from what I could feel. My watch pace alerts were yelling at me, but I pushed through and surprised myself with how easy the miles were coming and going.

The first slight issue I had was that after maybe mile 3 or so I was getting hungry and realizing I should have possibly eaten a little more. From past experiences I know its better to get ahead of hunger on course so I took my first gel around 25 minutes into the race vs the 40 minute mark which I planned. This kind of threw me off schedule with the gel and I got in my head about this. My hunger eventually went away, but the aid stations with water were at odd intervals (or so it felt) so it became difficult to manage the timing with those. I eventually was able to turn off my pace alerts that were interrupting my music which was good.

The 2nd issue faced was my big toe on my right foot catching the front of my shoe in a weird way. These were my Altra Vanish Carbon race shoes which I've wore for a half marathon and about 15 miles or so otherwise of training so they were well broken in. The socks I was wearing I had worn before too so this was something totally new and unexpected. Managed to push through but it was pretty painful the last 10 miles or so and here I am 9 days later with a black toenail which will surely come off.

The course was absolutely gorgeous. I probably lost a few minutes fiddling with my phone to take photos and videos but i'm glad I did. It was so surreal running through the nordic countryside with stunning views of mountains and the water everywhere. There were also tons of locals outside their houses and flats with Norway flags, bonfires going, and people passing out beers and shots.

Thankfully once I was on course my body didn't really register what time it was at all and I was locked in on the race. After hitting the half marathon marker and seeing I was at 1hour 50 and getting a PR there, I knew that sub 4 or better was definitely possible. I tried to let off the gas a little bit as I knew it would be tougher towards the end as it was during my first marathon. With some elevation in favor, I continued around the 8m30s pace until mile 17 or so then as I returned to cross the bridge again I pulled back to 9m+ miles for the remaining.

Mile 20, like in my first marathon, was again a big struggle moment knowing I still had another 6 to go. I passed some of our friends watching which gave me some temporary energy but it was quickly gone as fatigue set in, the toe pain got worse, and the gels started to not settle well. It's hard to remember exactly, but I took my last caffeine gel around mile 20 and it seemed to sit in my upper chest and not really go down. This is something I've not really had happen ever during a race or training so I was lost on what to do. I walked the 2nd to last aid station to try and get it down but it still wasn't quite right. Feeling weak and knowing I was slowing, I tried the last gel at mile 23 and the last aid station and that one too didn't go down well. I ended up not finishing the gel and throwing some sports mix on top to push it down which didn't work either.

My last 3 miles were \~10min10seconds and very painful. I was genuinely trying to just keep my feet moving and not puke on the side of the course. I slowly got into downtown where the finish was and felt worse and worse. I saw my wife and friends near the finish cheering me on as I passed through the finish line and stopped my watch. I was briefly so stoked about my time but I immediately felt terrible as the endorphins died off.

# Post-race

I slowly collected my medal, extra ripe banana and cold bottle of water and tried to find a place to sit down. I drank the cold water trying to catch my breath and decide if I was going to puke or not while my friends and wife came to congratulate me. At this point, my body started to drop in temperature as it was close to 40f now and I was in wet shorts and a tank from the sweat. I sat there for 5 minutes as my buddy got me a cup of warm water from a nearby store which helped a lot. I was dizzy, nauseous, freezing and wet. I questioned if I pushed too hard or was just dressed poorly and didn't eat enough, but at that point I just wanted to get out of there.

We took a few photos, hobbled back to the hotel where I ultimately puked up the last 2 gels and a lot of water. I've never puked after any running event or physical event for that matter so that was new to me. Immediately my stomach felt better thankfully and I was able to get down my tailwind recovery drink with some bread and take a hot shower. At that point, the stoke came back and I couldn't stop smiling that I smashed my goal of finishing sub 4 and all the hard work paid off.

All in all, I would HIGHLY recommend this event to anyone who can make it up to Tromso. It's by far one of the most beautiful places I've ever been to and the event was great from start to finish. The training block I did was a huge success and I am super thrilled with the result and hitting personal bests in almost all categories for me. I told myself after the first marathon I wasn't sure if i'd do another, but after this one I'm almost certain I've got more in me.",race report tromso midnight sun marathon 2025 race information name tromso midnight sun marathon date 6 21 25 distance 26 2 miles location tromso norway time 3 54 34 goals goal description completed a sub 4 00 yes b sub 4 45 no splits distance time 5k 25 39 pr 10k 51 56 pr 10 mile 1 24 10 pr half marathon split 1 50 50 pr 30k 2 40 00 pr 26 2 3 54 34 pr training bit of background for me i m in my mid 30s and very active with a lot of running cycling hiking trail running ice hockey and golfing walking when i play 99 of the time the last 6 years i ve been a lot more consistent with running as my primary exercise and keeping a decent baseline of fitness i typically will do at least 1 half marathon race per year and a few other 10k 10 miler and various trail races to keep things interesting this would be my second marathon with my first being jan 2023 which i finished 4hours23minutes since the first full my running got more consistent and my goal for this was to go sub 4 hours through my increased training and other half marathon races i ve done i felt it was achievable but would be tough my stretch goal was to go sub 3 45 but this was something i didn t really think possible until the race itself my friend found this event last year and we planned a vacation to norway for it i live in colorado so the altitude for training would give me an advantage here as well as this is at sea level for those not in the know the race takes place in the arctic circle in a small town called tromso way up north in norway highly recommend visiting if you can they do it on june 21st on the summer solstice when the sun never sets and the race starts at 9pm it was quite bizarre to a have a race that takes place at night like this but b be running in complete sunlight at what should be night time there are huge parties that go on all over norway during the summer solstice but tromso especially was wild with the race going on too after deciding to sign up my goal was officially to go sub 4 hours i built a 4ish month plan running 5x per week starting in march based on something i found on the runnersworld site i got some advice on my plan from some people in my run club who are more seasoned which was awesome and helped a lot the weather in colorado can be unpredictable in the spring but thankfully it was mostly good for training and only had a few days where i was forced to use a treadmill my baseline mileage before starting was about 15 20 miles per week so i did not have any issues with the training my rest days i would try to do some dedicated stretching and light weight lifting to give my legs a rest generally speaking each week was broken down into this monday rest tuesday tempo or interval run wednesday easy run at varying distance or time thursday tempo or hills friday rest or cross training with yoga weights saturday 30minutes easy run sunday long run 8 miles all the way up to 20 miles then tapering back down a few weeks out i was able to stick to this format for the most part and only had some slight knee pain towards the end on really big weeks which i would then adjust distances on the other runs as to not over train near the end of the block in may i ran a half marathon race which i substituted a long run for to get a baseline of where i was fitness wise and double check nutrition gear the race could not have gone better and i finished in 1hour53minutes and had plenty of gas in the tank left afterwards this gave me serious confidence i was on the right track and wouldn t have any issues on the full nutrition wise i ve been using the same gels gummies and recovery drinks the past few years so none of that was new for my body thankfully i also was somehow able to stay healthy and not get sick at all during the training block which was a huge blessing pre race we flew into europe the wednesday before the saturday race to give us plenty of time to get on schedule there and get some rest sleep was interesting with the sun not setting basically at all but the 2 days before the race i was able to get 2 nights of 8 hours proper and feel good we spend 1 5 days in oslo where i did a 2 mile shakeout run then after arriving in tromso friday am i did a quick 1 5 mile run there as well with a local run club as this again was a night time race yet in the sunlight starting at 830pm i was a little lost at first of how to handle logistics i wanted to make sure i was properly fueled but not too full so i came up with this idea day of the race have a big breakfast moderate size pasta lunch then a snack later in the day i didn t want to have a big dinner right before and be too full or risk gi issues during the race i also tried to hydrate throughout the day with a few nuun tablets stay off my feet as much as possible and try to have a quick nap thankfully i got good night sleep the day before and slept in a bit followed by an epic breakfast buffet at hour hotel european breakfast buffets ftw we met up with our friends for some pastries and coffee an hour after that and then rested for a few hours i had a nice pasta dish for lunch around 2pm with some bread and my 2nd nuun tablet water there following lunch we went back to the hotel and i tried to take a quick nap and get some rest in the pre race nerves started kicking in and i couldn t nap so i started getting my race clothes ready and gels bib in order about 6pm i ate a banana and some leftover pastries which were nice and stretched for about 30 minutes this is where i can really appreciate morning races because from here i still had an hour and a half until start time with not much to do my stomach was starting to act up due to nerves so had to deal with that as well and try to rehydrate a bit for gels i had 6 gu roctane s with me for the race 3 with caffeine strawberry kiwi and 3 without lemonade these are the same ones and amount i used on my first marathon and it worked out super well for me i use the same on half races 2 instead of 6 and also trained with these on my long runs too so my body was well ready for them luckily the start line was about 500ft from our hotel so i didn t have to stress about getting there at all about 30 minutes prior to start time i got dressed put some vaseline on the bits and armpits had a bit more water and went down to stretch and get lined up the weather was a bit of a toss up too for me as it was forecast to be between 44f and 51f during the race and humid typically i ll wear just lined shorts and a tank top but i was between that and a heavier t shirt due to the wind temps i ended up going with the tank which i later regretted but for the most part worked out i did a quick jog around the block to get the legs warmed up and some final stretches then got situated for the start there were no starting groups just markers for finish times so i got near the 345 4h marker race lined up for the start i was feeling good temperatures were nice in the high 40s felt ready to attack the course at sea level the start line was next to the local cruise port so as the countdown hit 1 the cruise ship docked blasted its horn which was a nice little touch the first mile goes through downtown tromso with loads of people lined on the streets then immediately turns to go up and over the famous tromso bridge it s not a ton of incline but still right at the start i was aiming to go intentionally slower then blast down it to continue on course at my planned pace my planned pace for the race was around 8min50s miles and trying to start out a little slower than that due to the incline my first few splits ended up being 8 49 127ft gain 7 56 133ft followed by 8m30s miles until mile 17 my heart rate was in a really good place too so i decided not to modify things and push on at this pace despite being a bit faster than i wanted the elevation outside of the bridge was pretty steady and the temperatures remained great from what i could feel my watch pace alerts were yelling at me but i pushed through and surprised myself with how easy the miles were coming and going the first slight issue i had was that after maybe mile 3 or so i was getting hungry and realizing i should have possibly eaten a little more from past experiences i know its better to get ahead of hunger on course so i took my first gel around 25 minutes into the race vs the 40 minute mark which i planned this kind of threw me off schedule with the gel and i got in my head about this my hunger eventually went away but the aid stations with water were at odd intervals or so it felt so it became difficult to manage the timing with those i eventually was able to turn off my pace alerts that were interrupting my music which was good the 2nd issue faced was my big toe on my right foot catching the front of my shoe in a weird way these were my altra vanish carbon race shoes which i ve wore for a half marathon and about 15 miles or so otherwise of training so they were well broken in the socks i was wearing i had worn before too so this was something totally new and unexpected managed to push through but it was pretty painful the last 10 miles or so and here i am 9 days later with a black toenail which will surely come off the course was absolutely gorgeous i probably lost a few minutes fiddling with my phone to take photos and videos but i m glad i did it was so surreal running through the nordic countryside with stunning views of mountains and the water everywhere there were also tons of locals outside their houses and flats with norway flags bonfires going and people passing out beers and shots thankfully once i was on course my body didn t really register what time it was at all and i was locked in on the race after hitting the half marathon marker and seeing i was at 1hour 50 and getting a pr there i knew that sub 4 or better was definitely possible i tried to let off the gas a little bit as i knew it would be tougher towards the end as it was during my first marathon with some elevation in favor i continued around the 8m30s pace until mile 17 or so then as i returned to cross the bridge again i pulled back to 9m miles for the remaining mile 20 like in my first marathon was again a big struggle moment knowing i still had another 6 to go i passed some of our friends watching which gave me some temporary energy but it was quickly gone as fatigue set in the toe pain got worse and the gels started to not settle well it s hard to remember exactly but i took my last caffeine gel around mile 20 and it seemed to sit in my upper chest and not really go down this is something i ve not really had happen ever during a race or training so i was lost on what to do i walked the 2nd to last aid station to try and get it down but it still wasn t quite right feeling weak and knowing i was slowing i tried the last gel at mile 23 and the last aid station and that one too didn t go down well i ended up not finishing the gel and throwing some sports mix on top to push it down which didn t work either my last 3 miles were 10min10seconds and very painful i was genuinely trying to just keep my feet moving and not puke on the side of the course i slowly got into downtown where the finish was and felt worse and worse i saw my wife and friends near the finish cheering me on as i passed through the finish line and stopped my watch i was briefly so stoked about my time but i immediately felt terrible as the endorphins died off post race i slowly collected my medal extra ripe banana and cold bottle of water and tried to find a place to sit down i drank the cold water trying to catch my breath and decide if i was going to puke or not while my friends and wife came to congratulate me at this point my body started to drop in temperature as it was close to 40f now and i was in wet shorts and a tank from the sweat i sat there for 5 minutes as my buddy got me a cup of warm water from a nearby store which helped a lot i was dizzy nauseous freezing and wet i questioned if i pushed too hard or was just dressed poorly and didn t eat enough but at that point i just wanted to get out of there we took a few photos hobbled back to the hotel where i ultimately puked up the last 2 gels and a lot of water i ve never puked after any running event or physical event for that matter so that was new to me immediately my stomach felt better thankfully and i was able to get down my tailwind recovery drink with some bread and take a hot shower at that point the stoke came back and i couldn t stop smiling that i smashed my goal of finishing sub 4 and all the hard work paid off all in all i would highly recommend this event to anyone who can make it up to tromso it s by far one of the most beautiful places i ve ever been to and the event was great from start to finish the training block i did was a huge success and i am super thrilled with the result and hitting personal bests in almost all categories for me i told myself after the first marathon i wasn t sure if i d do another but after this one i m almost certain i ve got more in me,0.9996,positive,0.9996,https://www.reddit.com/r/running/comments/1lojy8v/race_report_tromso_midnight_sun_marathon_2025/,nike running shoes,,,,1lojy8v,running
Nike,reddit,streetwear,2026-01-21 00:00:00+00:00,"☀️ 🐶

🎩: Fucking Awesome

👓: Ray-Ban

👕: Pleasures

🩳: Carhartt WIP

👟: Nike Pegasus 2005",fucking awesome ray ban pleasures carhartt wip nike pegasus 2005,0.8439,positive,0.8439,https://www.reddit.com/r/streetwear/comments/1lo754l/_/,nike,,,,1lo754l,streetwear
Nike,reddit,streetwear,2026-01-21 00:00:00+00:00,"In NYC.

- Hat: Royal Blue Carhartt
- Shirt: Fashion Nova
- Pants: YEOU Stacked Jeans Men Skinny Ripped on Amazon 
- Shoes: Nike Air Force 1 '07 PRM 'Patched Up'

- IG: UberMikee_",in nyc hat royal blue carhartt shirt fashion nova pants yeou stacked jeans men skinny ripped on amazon shoes nike air force 1 07 prm patched up ig ubermikee,0.1779,positive,0.1779,https://www.reddit.com/r/streetwear/comments/1lm5axq/in_nyc/,nike,,,,1lm5axq,streetwear
Nike,reddit,running,2026-01-22 00:00:00+00:00,"Unique case of runners toe.. help!

Hello, I’m relatively new to running, but my big toe nails, specifically ONLY on the INNER side of the big toe nail (next to 2nd toe) are getting purple and very painful. I’d estimate about 1/3 of the nail is turning purple, area closest to 2nd toe. It happens on both feet.

I’ve been trying to solve this issue for months and can’t find any discussions of someone having this specific issue. I’ve tried 3 different sizes of shoes, tons of socks, but it’ll still happen even after a 5-6 mile run. I have other foot issues too like blisters but recently found some relief from Balega Blister resist. Thicker sock seems to help way better than the thin feetures. I’ve also tried different shoe brands and Hokas have been the best, although I’m open to trying something new again if needed.

I tried the heel lock method but that made my heel hurt because it was so tight. I am almost 100% confident this issue is not caused by my toes hitting the front of the shoe because otherwise it would be the whole nail, or at least the front. Anybody have a clue what’s going on? I keep my toe nails very trim, and I don’t have this issue on any other toes whatsoever.

I’ve been contemplating trying the silicon toe caps. Would this have something to do with insoles? Why is this happening only after a few miles? It’s stopping me from progressing in distance. I’d upload a photo but it doesn’t let me… Any help of feedback is appreciated, thank you!",unique case of runners toe help hello i m relatively new to running but my big toe nails specifically only on the inner side of the big toe nail next to 2nd toe are getting purple and very painful i d estimate about 1 3 of the nail is turning purple area closest to 2nd toe it happens on both feet i ve been trying to solve this issue for months and can t find any discussions of someone having this specific issue i ve tried 3 different sizes of shoes tons of socks but it ll still happen even after a 5 6 mile run i have other foot issues too like blisters but recently found some relief from balega blister resist thicker sock seems to help way better than the thin feetures i ve also tried different shoe brands and hokas have been the best although i m open to trying something new again if needed i tried the heel lock method but that made my heel hurt because it was so tight i am almost 100 confident this issue is not caused by my toes hitting the front of the shoe because otherwise it would be the whole nail or at least the front anybody have a clue what s going on i keep my toe nails very trim and i don t have this issue on any other toes whatsoever i ve been contemplating trying the silicon toe caps would this have something to do with insoles why is this happening only after a few miles it s stopping me from progressing in distance i d upload a photo but it doesn t let me any help of feedback is appreciated thank you,0.985,positive,0.985,https://www.reddit.com/r/running/comments/1llqb4m/unique_case_of_runners_toe_help/,nike running shoes,,,,1llqb4m,running
Nike,reddit,running,2026-01-22 00:00:00+00:00,"Tuesday Shoesday

Shoes are a big topic in this sub, so in an effort to condense and collect some of these posts, we're introducing **Shoesday Tuesday**!  Similar to Wednesday's gear thread, but focusing on shoes.  

What’ve you been wearing on your feet? Anything fun added to the rotation? Got a review of a new release? Questions about a pair that’s caught your eye? Here's the place to discuss.

 *NOTE: For you Runnitors looking to sell/trade any running gear (as well as bib transfers), head over to /r/therunningrack.*",tuesday shoesday shoes are a big topic in this sub so in an effort to condense and collect some of these posts we re introducing shoesday tuesday similar to wednesday s gear thread but focusing on shoes what ve you been wearing on your feet anything fun added to the rotation got a review of a new release questions about a pair that s caught your eye here s the place to discuss note for you runnitors looking to sell trade any running gear as well as bib transfers head over to r therunningrack,0.8538,positive,0.8538,https://www.reddit.com/r/running/comments/1lj2guj/tuesday_shoesday/,nike running shoes,,,,1lj2guj,running
Nike,reddit,streetwear,2026-01-23 00:00:00+00:00,"Alaska-core

Boots - Nike sfb 
Pants - vintage paratrooper standard issue
Hoodie- G Jones
Vest- Nike acg",alaska core boots nike sfb pants vintage paratrooper standard issue hoodie g jones vest nike acg,0.0,neutral,0.0,https://www.reddit.com/r/streetwear/comments/1liz0fz/alaskacore/,nike,,,,1liz0fz,streetwear
Nike,reddit,streetwear,2026-01-23 00:00:00+00:00,"She’s judging my fit 😑🐶

🧢: Les Deux Copenhagen 

👕: Malibu 

👖: Uniqlo:C Sweatpants 

👟: Nike Vomero 5",she s judging my fit les deux copenhagen malibu uniqlo c sweatpants nike vomero 5,0.3612,positive,0.3612,https://www.reddit.com/r/streetwear/comments/1lhv1bu/shes_judging_my_fit/,nike,,,,1lhv1bu,streetwear
Nike,reddit,running,2026-01-24 00:00:00+00:00,"Race Report: Manitoba Marathon - rambling my way through Winnipeg

### Race Information
* **Name:** Manitoba Marathon
* **Date:** June 15th 2025
* **Distance:** 26.2 miles
* **Location:** Winnipeg Manitoba
* **Website:** https://manitobamarathon.mb.ca/
* **Time:** 2:44:25

### Goals
| Goal | Description | Completed? |
|------|-------------|------------|
| A | Don't get hurt | *Yes* |
| B | Sub 2:45 | *Yes* |

### Splits
| Kilometer | Time |
|------|------|
| 1 | 3:49
| 2 | 3:49
| 3 | 3:51
| 4 | 3:49
| 5 | 3:53
| 6 | 3:49
| 7 | 3:50
| 8 | 3:50
| 9 | 3:52
| 10 | 3:51
| 11 | 3:51
| 12 | 3:50
| 13 | 3:52
| 14 | 3:52
| 15 | 3:55
| 16 | 3:50
| 17 | 3:51
| 18 | 3:50
| 19 | 3:51
| 20 | 3:52
| 21 | 3:49
| 22 | 3:52
| 23 | 3:51
| 24 | 3:53
| 25 | 3:50
| 26 | 3:51
| 27 | 3:52
| 28 | 3:49
| 29 | 3:53
| 30 | 3:50
| 31 | 3:52
| 32 | 3:46
| 33 | 3:53
| 34 | 3:52
| 35 | 3:54
| 36 | 3:50
| 37 | 3:56
| 38 | 3:56
| 39 | 3:55
| 40 | 3:57
| 41 | 3:58
| 42 | 3:55

### Preamble
The Manitoba Marathon? That seemed perfect. I was scrolling through a list of races 7-9 weeks in the future, trying to lift my sprits after cancelling everything for Boston 2025. 

In 2022 the Manitoba Marathon was my first attempt at the distance. I went into it with big goals – sub 3 and BQ – my pair of trusty Nike Pegasus and no idea what I was doing. As it turns out my lack of preparation somehow wasn’t what doomed me, as the race was stopped after about 90 minutes due to extreme heat. I would go on to finish the course, but the timing equipment had been turned off and I received no official time and was listed as a DNF. That felt harsh.
 
Three years later with maybe slightly more of a clue about running and even bigger goals it seemed like good symmetry. Or at least a good story. 

### Training
I registered 9 weeks before the race. Boston was scuttled because a significant issue with my IT band and quad. Disappointing as it was to miss that race, I wasn’t willing to the risk of not addressing it early and, with the injury hitting right at the start of my taper, I thought I had the opportunity to salvage my fitness. Recovery, with support from a physio, left me 6 weeks to execute a mini build and taper for Winnipeg.

My plan was focused on sharpening my existing fitness and staying healthy enough to give a good effort on race day. I wanted to hit some key workouts to gauge my progress along the way both in terms of fitness and how my body was holding up: 
Week 1: 20 miler with 15mi easy and 5 at MP
Week 2: Half-Marathon race a little faster than MP
Week 3: 20 mile LR workout feature 6x1mi repeats at threshold
Week 4: Half-Marathon race at HMP

The two half-marathon races were already on my calendar, so I’m not sure if they were ideal but they were fun races that I didn’t want to miss out on. I had physio session at the end of each week to make sure I was still on track and otherwise just ran based on how I felt. After the end of week 4 I went into my taper, with only a little more tempo work before the race. My last proper workout was 10 days out.

### Pre-Race
I flew out to Winnipeg on the Friday, two days before the race, with my Wife and Mother In-law who came out to visit some family and visit around Winnipeg for the weekend. In the past I’ve maybe been guilty of overdoing it in the days before a race, so I mostly spent the warm afternoons inside and off my feet. Friday and Saturday I ran an easy 5kms with a few strides on Saturday and got a few walks in, but otherwise rested. 

Sunday – race day – I woke up shortly after 4am to for some coffee and breakfast. I’m apparently slow to digest so even with just a piece of toast, jam and banana the early start was normal and necessary. I sipped on some Maurten caf 320 on the drive down to the start. 

I arrived with about 1:20 minutes before the start. To help manage my ITBS I had a lengthy warmup and stretching routine to go through. Somehow that took even longer than expected, and by the time I had my race shoes tied up and gels tucked away I could hear ‘O Canada’ being performed at the starting line. 

Normally I’m pathologically early to the point of comedy, so feeling late was uncomfortable. I jogged up to the start corral with few minutes to spare to realize that I had no idea how to get in. In the distance I could vaguely see a point where people were entering but it was far back and I’m not one to try and push my back up to my assigned corral. A runner in front of me was in the same predicament and recruited some help to hop the barrier. I grit my teeth and followed him over – without help – clambering over the short steel fence without much dignity and landing way to hard on my Endorphin Elite 2s, “bottoming out” the soft foam. Shoes not necessarily made for jumping – noted. 

### Race
The race went off and after reassuring myself that I hadn’t wrecked my shoes I was eager to settle into an early rhythm, aiming for even splits on the flat course. About 150 meters in I heard something clatter to the ground nearby, turned and realized one of my Caf 100s had fallen from my pocket. Not ideal for my nutrition plan but also painfully expensive, especially since the Caf 100s aren’t available in Canada. I buried my second one further in the pocket, an action I’d forget 25km later when I reached for it, couldn’t find it, and assumed I lost that one too. 

Early on I tucked in with a pack of five including a local runner - the greetings and cheers he exchanged with spectators gave me away - a youngster clearly running well slower than his fitness, two running much faster than their fitness, and myself. 
Somewhere around the 5km mark we were set to make a turn onto one of the large boulevards with a traffic lane coned off for runners. Only this lane hadn’t be closed yet. A police officer directed us onto the sidewalk, calling unhelpfully from behind, “don’t worry, they are closing it now.”  

I could only laugh at the symmetry between this and the 2022 race when we had also initially been directed onto the sidewalk after the race was cancelled. After about 1km we rejoined a now closed road.

A large deer crossed our path as we entered Assiniboine Park, and we briefly became a pack of 7 when we picked up a runner who’d fallen off the lead pack and a spectator started running beside us while clapping and (hopefully) cheering in a language I didn’t understand.

On the other end of the park, I dropped back a little when the young fast runner sped up and the others attempted to follow. The runner who had dropped from the lead pack fell back next, followed by another who had be labouring for some time. We passed 25km and I started to feel tightness in my right quad. That was supposed to be my good side, but it didn’t seem too serious yet. I was sure I could make it to 32km and then I’d see what I had left. 

The young fast runner was long gone and so was the pack of five. The local was still about 20 meters ahead but the others were out of site behind before 30km. At 32km the local fell back to me. I checked my time and decided, since quad hadn’t gotten any worse, to make a short push. During my last marathon (Marine Corps 2025) I’d gone through 32km feeling very strong but faded badly over the last 5. I was resolved to hold my pace as best I could this time. 

I can’t remember exactly when it started but a patchwork of runners from other distances began populating the course. A 5k, 10k and Half-Marathon were being run at the same time, and now that I was nearing the finish I’d be running through the slower parts of those races. In the cancelled 2022 race the only other runners I remember over the last few kilometers were faster marathoners who’d burned themselves out in the heat and were now walking in. This time around I weaved, dipped and ducked through the thicker crowds and narrowing course. I became more frustrated in my desperation to maintain what momentum I could and worried about also running an 8-year-old down from behind. At 40km I ran into a woman who abruptly stepped in front of me to give a spectator a high-five.

The race finishes at the University/CFL stadium. Having picked my way through the crowd I made a right hand turn into the finishing chute that led into the stadium and onto the field. Instinctively I followed the runners ahead onto the left-hand side of the coned-off chute, wondering the whole time who thought it was a good idea to make me run through this mass of humanity.

 I stepped across the line, veered towards a volunteer who handed me a medal, doubled over and stopped my watch. The clock when I finished read 2:39 and change, but that I was for the half-marathon. Did it start 5 minutes later? I checked my watch. 2:44:45. Under the goal.

### Post-race
All my previous marathons have had distinct moments that live clear as day in my memory. At L.A it’s watching the mass of runners charge down the street from the top of Vin Scully Ave, at Erie 2 it’s the Banana Man who I had to pull back onto the timing mat, and  at Boston 2024 it’s dying on the crest of heartbreak and the kind woman who told me not to give up when she saw me about to stop and walk. What I hope to remember from this race is the image of my wife cutting through the crowd to get to me.

 “You did it!”, she said, her eyes shining with sympathetic joy. 

I asked if she knew my chip tip. 2:44:25. 

“That’s under your goal,” she reminded me, “and I bet you would have been faster if you’d gone down the marathon finish on the right-hand side, dummy.” 

A fitting mistake and another opportunity to be grateful. This was a good day.

Made with a new [race report generator](http://sfdavis.com/racereports/) created by /u/herumph.",race report manitoba marathon rambling my way through winnipeg race information name manitoba marathon date june 15th 2025 distance 26 2 miles location winnipeg manitoba website time 2 44 25 goals goal description completed a don t get hurt yes b sub 2 45 yes splits kilometer time 1 3 49 2 3 49 3 3 51 4 3 49 5 3 53 6 3 49 7 3 50 8 3 50 9 3 52 10 3 51 11 3 51 12 3 50 13 3 52 14 3 52 15 3 55 16 3 50 17 3 51 18 3 50 19 3 51 20 3 52 21 3 49 22 3 52 23 3 51 24 3 53 25 3 50 26 3 51 27 3 52 28 3 49 29 3 53 30 3 50 31 3 52 32 3 46 33 3 53 34 3 52 35 3 54 36 3 50 37 3 56 38 3 56 39 3 55 40 3 57 41 3 58 42 3 55 preamble the manitoba marathon that seemed perfect i was scrolling through a list of races 7 9 weeks in the future trying to lift my sprits after cancelling everything for boston 2025 in 2022 the manitoba marathon was my first attempt at the distance i went into it with big goals sub 3 and bq my pair of trusty nike pegasus and no idea what i was doing as it turns out my lack of preparation somehow wasn t what doomed me as the race was stopped after about 90 minutes due to extreme heat i would go on to finish the course but the timing equipment had been turned off and i received no official time and was listed as a dnf that felt harsh three years later with maybe slightly more of a clue about running and even bigger goals it seemed like good symmetry or at least a good story training i registered 9 weeks before the race boston was scuttled because a significant issue with my it band and quad disappointing as it was to miss that race i wasn t willing to the risk of not addressing it early and with the injury hitting right at the start of my taper i thought i had the opportunity to salvage my fitness recovery with support from a physio left me 6 weeks to execute a mini build and taper for winnipeg my plan was focused on sharpening my existing fitness and staying healthy enough to give a good effort on race day i wanted to hit some key workouts to gauge my progress along the way both in terms of fitness and how my body was holding up week 1 20 miler with 15mi easy and 5 at mp week 2 half marathon race a little faster than mp week 3 20 mile lr workout feature 6x1mi repeats at threshold week 4 half marathon race at hmp the two half marathon races were already on my calendar so i m not sure if they were ideal but they were fun races that i didn t want to miss out on i had physio session at the end of each week to make sure i was still on track and otherwise just ran based on how i felt after the end of week 4 i went into my taper with only a little more tempo work before the race my last proper workout was 10 days out pre race i flew out to winnipeg on the friday two days before the race with my wife and mother in law who came out to visit some family and visit around winnipeg for the weekend in the past i ve maybe been guilty of overdoing it in the days before a race so i mostly spent the warm afternoons inside and off my feet friday and saturday i ran an easy 5kms with a few strides on saturday and got a few walks in but otherwise rested sunday race day i woke up shortly after 4am to for some coffee and breakfast i m apparently slow to digest so even with just a piece of toast jam and banana the early start was normal and necessary i sipped on some maurten caf 320 on the drive down to the start i arrived with about 1 20 minutes before the start to help manage my itbs i had a lengthy warmup and stretching routine to go through somehow that took even longer than expected and by the time i had my race shoes tied up and gels tucked away i could hear o canada being performed at the starting line normally i m pathologically early to the point of comedy so feeling late was uncomfortable i jogged up to the start corral with few minutes to spare to realize that i had no idea how to get in in the distance i could vaguely see a point where people were entering but it was far back and i m not one to try and push my back up to my assigned corral a runner in front of me was in the same predicament and recruited some help to hop the barrier i grit my teeth and followed him over without help clambering over the short steel fence without much dignity and landing way to hard on my endorphin elite 2s bottoming out the soft foam shoes not necessarily made for jumping noted race the race went off and after reassuring myself that i hadn t wrecked my shoes i was eager to settle into an early rhythm aiming for even splits on the flat course about 150 meters in i heard something clatter to the ground nearby turned and realized one of my caf 100s had fallen from my pocket not ideal for my nutrition plan but also painfully expensive especially since the caf 100s aren t available in canada i buried my second one further in the pocket an action i d forget 25km later when i reached for it couldn t find it and assumed i lost that one too early on i tucked in with a pack of five including a local runner the greetings and cheers he exchanged with spectators gave me away a youngster clearly running well slower than his fitness two running much faster than their fitness and myself somewhere around the 5km mark we were set to make a turn onto one of the large boulevards with a traffic lane coned off for runners only this lane hadn t be closed yet a police officer directed us onto the sidewalk calling unhelpfully from behind don t worry they are closing it now i could only laugh at the symmetry between this and the 2022 race when we had also initially been directed onto the sidewalk after the race was cancelled after about 1km we rejoined a now closed road a large deer crossed our path as we entered assiniboine park and we briefly became a pack of 7 when we picked up a runner who d fallen off the lead pack and a spectator started running beside us while clapping and hopefully cheering in a language i didn t understand on the other end of the park i dropped back a little when the young fast runner sped up and the others attempted to follow the runner who had dropped from the lead pack fell back next followed by another who had be labouring for some time we passed 25km and i started to feel tightness in my right quad that was supposed to be my good side but it didn t seem too serious yet i was sure i could make it to 32km and then i d see what i had left the young fast runner was long gone and so was the pack of five the local was still about 20 meters ahead but the others were out of site behind before 30km at 32km the local fell back to me i checked my time and decided since quad hadn t gotten any worse to make a short push during my last marathon marine corps 2025 i d gone through 32km feeling very strong but faded badly over the last 5 i was resolved to hold my pace as best i could this time i can t remember exactly when it started but a patchwork of runners from other distances began populating the course a 5k 10k and half marathon were being run at the same time and now that i was nearing the finish i d be running through the slower parts of those races in the cancelled 2022 race the only other runners i remember over the last few kilometers were faster marathoners who d burned themselves out in the heat and were now walking in this time around i weaved dipped and ducked through the thicker crowds and narrowing course i became more frustrated in my desperation to maintain what momentum i could and worried about also running an 8 year old down from behind at 40km i ran into a woman who abruptly stepped in front of me to give a spectator a high five the race finishes at the university cfl stadium having picked my way through the crowd i made a right hand turn into the finishing chute that led into the stadium and onto the field instinctively i followed the runners ahead onto the left hand side of the coned off chute wondering the whole time who thought it was a good idea to make me run through this mass of humanity i stepped across the line veered towards a volunteer who handed me a medal doubled over and stopped my watch the clock when i finished read 2 39 and change but that i was for the half marathon did it start 5 minutes later i checked my watch 2 44 45 under the goal post race all my previous marathons have had distinct moments that live clear as day in my memory at l a it s watching the mass of runners charge down the street from the top of vin scully ave at erie 2 it s the banana man who i had to pull back onto the timing mat and at boston 2024 it s dying on the crest of heartbreak and the kind woman who told me not to give up when she saw me about to stop and walk what i hope to remember from this race is the image of my wife cutting through the crowd to get to me you did it she said her eyes shining with sympathetic joy i asked if she knew my chip tip 2 44 25 that s under your goal she reminded me and i bet you would have been faster if you d gone down the marathon finish on the right hand side dummy a fitting mistake and another opportunity to be grateful this was a good day made with a new race report generator created by u herumph,0.9983,positive,0.9983,https://www.reddit.com/r/running/comments/1lhspuz/race_report_manitoba_marathon_rambling_my_way/,nike,,,,1lhspuz,running
Nike,reddit,streetwear,2026-01-25 00:00:00+00:00,"Standing on Red

Supreme New Era White Sox cap
Supreme Bandana Jersey
Random cargo pants
Supreme Nike Goadme shoes",standing on red supreme new era white sox cap supreme bandana jersey random cargo pants supreme nike goadme shoes,0.8957,positive,0.8957,https://www.reddit.com/r/streetwear/comments/1lfsuih/standing_on_red/,nike,,,,1lfsuih,streetwear
Nike,reddit,running,2026-01-25 00:00:00+00:00,"Broløbet: the bridge run (half marathon)

“Run across the bridge.” That was the pitch for this unusual run, the bridge in this case being the Øresund Bridge between Copenhagen, Denmark and Malmo, Sweden, on the 25th anniversary of its official dedication in summer 2000. This was the third such run, the first having 79,719 finishers on 12 June 2000, still the world’s largest half marathon; and the second with around 30,000 runners in June 2010.

Someone in our running club mentioned it early in 2024. The first adventure was signing up; tickets went on sale on 1st February 2024 and sold out 40,000 tickets in a few hours, with the web site barely functioning under the load. Nevertheless a dozen of us signed up; and 18 months later arrived in Copenhagen, city of parks and bicycles, ready to run.

The run was organized by two running clubs, Sparta Atletik in Denmark and MAI (Malmö Allmänna Idrottsförening) in Sweden. There were expos in both countries, with the Copenhagen one conveniently positioned by Fælledparken parkrun where some of us ran on the Saturday before the race. Bib pickup was as the expo, which was fun with a nameboard showing all the runners, discounted shoes and other goodies. Along with the bib, runners were given a handy folding bag which was required for bag drop.
I had not trained specifically for this run, taking the view that I would still be fit enough following Manchester Marathon at the end of April. In fact my fitness has dropped a bit but not disastrously so. I had signed up for the 1:30 – 1:40 wave and was nervous about completing it in the time but figured this race was more about the experience than chasing a PB (personal best). This put me in the third wave (yellow), starting at 9:50, though bag was to be dropped by 8:45.

Being a get-there-early sort of person, I arrived around 8:00am at which time it was easy to use the facilities and have a wander round; not much to see other than the gathering runners and a stand from sponsor Boozt. Weather was sunny and we had been warned of a warm race so slathered myself with suncream and did my best to hydrate. Organization until this point had been fine but there were a few issues in the start area; not enough portaloos was the biggest problem.

We left the pen shortly after 9:50 as planned. This was not the start though; we were walked around some roads and waited a bit, so Garmin tells me the actual start was 10:26. The course ran through Kastrup and then down into the tunnel that precedes the bridge. It was warm until we entered the tunnel, then nice running conditions in the shade of the tunnel, busy with runners but not too congested. My first miles were the fastest, then it was a gentle uphill out of the tunnel and towards the bridge. As we emerged from the tunnel there was a noticeable headwind but the sky was overcast and it was not as warm as expected, phew!

By the time we got onto the bridge proper it was about half way through the race. Plenty of water stations with drinks in cardboard cartons; quite good for holding though I am not good at drinking much while running. The course did not allow for much in the way of spectators though stationary traffic on the other half of the bridge gave us some honks and cheers.

The nature of the course is that you have a long gentle climb until you reach the centre of the bridge, and then a long gentle downhill to the finish. I should have been able to speed up more than I did, but not being in peak condition I continued at just over 7:30 mile pace. Coming into Sweden and off the bridge there were spectators and some nice crowd support. Then into the park, past a sign that said “200m to shine”, and a little kick at the end to finish on 1:39:34, just within my start wave prediction, 2895 of 40230 runners, and 6th of 340 in my age group VM65.

The finish area at this point was busy but not too crowded. I received my medal and banana, got a free “selfie” from a Boozt stand, and wandered through the finish field looking for the bag trucks which turned out to be at the far end. Then I returned to the finish in search of friends and family.

Oh dear! I am not sure exactly when things started to go wrong, but the runners finishing at what should have been just under two hours, and later, were not able to run over the line because of congestion. They were forced to walk to the finish, with some complaining of 10-15 minutes wait; frustrating for those aiming to beat 2 hours. The reason was that the immediate finish area was not being cleared of runners fast enough; I remember from Manchester (a mere 30,000 runners) that this needs to be done quite aggressively by marshals otherwise you get exactly this problem.
The situation was worse because there was no segregation in the finish area between runners and general spectators so it was hard to move through the crowd. There should have been a sizeable runner-only area at the finish allowing a clear space to move into after completion.

Another common complaint was lack of signage, particularly to the bag collection area. Bag collection was fine for me; I was served by the same person who picked up my bag first thing in the morning. Later on though things fell apart; the trucks were apparently out of numerical order, bags were strewn around, spectators were allowed into the bag collection area and some thefts were reported.

Worse still was the transport away from the finish. There were coaches both back to Copenhagen, or to the nearest train station at Hyllie. There were no organized queues but lines formed, though with no real clarity as to which line was for which coach, and some ignoring the lines and heading straight for the road side. There were not enough coaches, and it began to be whispered that a collision on the bridge had delayed the Copenhagen coaches. Mobile internet or even voice calls barely worked so communication was poor.

Many of us took what seemed to be the least bad option, a 5KM walk to Hyllie, despite a friend messaging “don’t come to Hyllie” because of overcrowded platforms and lack of sufficient trains. For us, once we got to Hyllie all was well and we stepped straight onto a train to Copenhagen and even got seats.

This was not good though and many of the problems seemed to be avoidable, particularly the organization of the finish area, lack of finish area marshals, lack of communication, and shortage of food and water during the long enforced wait for transport.

Of course all these problems soon fade from memory; it was a fantastic run and an unforgettable experience. Nobody knows when or if there will be another bridge run and I am glad to have been part of it.

### Splits
| Mile | Time |
|------|------|
| 1 | 7:11
| 2 | 7:08
| 3 | 7:37
| 4 | 7:14
| 5 | 7:18
| 6 | 7:28
| 7 | 7:48
| 8 | 8:05
| 9 | 8:10
| 10 | 7:38
| 11 | 7:29
| 12 | 7:33
| 13 | 7:24
| 14 | 7:03 (0.22 miles)",brol bet the bridge run half marathon run across the bridge that was the pitch for this unusual run the bridge in this case being the resund bridge between copenhagen denmark and malmo sweden on the 25th anniversary of its official dedication in summer 2000 this was the third such run the first having 79 719 finishers on 12 june 2000 still the world s largest half marathon and the second with around 30 000 runners in june 2010 someone in our running club mentioned it early in 2024 the first adventure was signing up tickets went on sale on 1st february 2024 and sold out 40 000 tickets in a few hours with the web site barely functioning under the load nevertheless a dozen of us signed up and 18 months later arrived in copenhagen city of parks and bicycles ready to run the run was organized by two running clubs sparta atletik in denmark and mai malm allm nna idrottsf rening in sweden there were expos in both countries with the copenhagen one conveniently positioned by f lledparken parkrun where some of us ran on the saturday before the race bib pickup was as the expo which was fun with a nameboard showing all the runners discounted shoes and other goodies along with the bib runners were given a handy folding bag which was required for bag drop i had not trained specifically for this run taking the view that i would still be fit enough following manchester marathon at the end of april in fact my fitness has dropped a bit but not disastrously so i had signed up for the 1 30 1 40 wave and was nervous about completing it in the time but figured this race was more about the experience than chasing a pb personal best this put me in the third wave yellow starting at 9 50 though bag was to be dropped by 8 45 being a get there early sort of person i arrived around 8 00am at which time it was easy to use the facilities and have a wander round not much to see other than the gathering runners and a stand from sponsor boozt weather was sunny and we had been warned of a warm race so slathered myself with suncream and did my best to hydrate organization until this point had been fine but there were a few issues in the start area not enough portaloos was the biggest problem we left the pen shortly after 9 50 as planned this was not the start though we were walked around some roads and waited a bit so garmin tells me the actual start was 10 26 the course ran through kastrup and then down into the tunnel that precedes the bridge it was warm until we entered the tunnel then nice running conditions in the shade of the tunnel busy with runners but not too congested my first miles were the fastest then it was a gentle uphill out of the tunnel and towards the bridge as we emerged from the tunnel there was a noticeable headwind but the sky was overcast and it was not as warm as expected phew by the time we got onto the bridge proper it was about half way through the race plenty of water stations with drinks in cardboard cartons quite good for holding though i am not good at drinking much while running the course did not allow for much in the way of spectators though stationary traffic on the other half of the bridge gave us some honks and cheers the nature of the course is that you have a long gentle climb until you reach the centre of the bridge and then a long gentle downhill to the finish i should have been able to speed up more than i did but not being in peak condition i continued at just over 7 30 mile pace coming into sweden and off the bridge there were spectators and some nice crowd support then into the park past a sign that said 200m to shine and a little kick at the end to finish on 1 39 34 just within my start wave prediction 2895 of 40230 runners and 6th of 340 in my age group vm65 the finish area at this point was busy but not too crowded i received my medal and banana got a free selfie from a boozt stand and wandered through the finish field looking for the bag trucks which turned out to be at the far end then i returned to the finish in search of friends and family oh dear i am not sure exactly when things started to go wrong but the runners finishing at what should have been just under two hours and later were not able to run over the line because of congestion they were forced to walk to the finish with some complaining of 10 15 minutes wait frustrating for those aiming to beat 2 hours the reason was that the immediate finish area was not being cleared of runners fast enough i remember from manchester a mere 30 000 runners that this needs to be done quite aggressively by marshals otherwise you get exactly this problem the situation was worse because there was no segregation in the finish area between runners and general spectators so it was hard to move through the crowd there should have been a sizeable runner only area at the finish allowing a clear space to move into after completion another common complaint was lack of signage particularly to the bag collection area bag collection was fine for me i was served by the same person who picked up my bag first thing in the morning later on though things fell apart the trucks were apparently out of numerical order bags were strewn around spectators were allowed into the bag collection area and some thefts were reported worse still was the transport away from the finish there were coaches both back to copenhagen or to the nearest train station at hyllie there were no organized queues but lines formed though with no real clarity as to which line was for which coach and some ignoring the lines and heading straight for the road side there were not enough coaches and it began to be whispered that a collision on the bridge had delayed the copenhagen coaches mobile internet or even voice calls barely worked so communication was poor many of us took what seemed to be the least bad option a 5km walk to hyllie despite a friend messaging don t come to hyllie because of overcrowded platforms and lack of sufficient trains for us once we got to hyllie all was well and we stepped straight onto a train to copenhagen and even got seats this was not good though and many of the problems seemed to be avoidable particularly the organization of the finish area lack of finish area marshals lack of communication and shortage of food and water during the long enforced wait for transport of course all these problems soon fade from memory it was a fantastic run and an unforgettable experience nobody knows when or if there will be another bridge run and i am glad to have been part of it splits mile time 1 7 11 2 7 08 3 7 37 4 7 14 5 7 18 6 7 28 7 7 48 8 8 05 9 8 10 10 7 38 11 7 29 12 7 33 13 7 24 14 7 03 0 22 miles,0.6308,positive,0.6308,https://www.reddit.com/r/running/comments/1lf5ubx/broløbet_the_bridge_run_half_marathon/,nike running shoes,,,,1lf5ubx,running
Nike,reddit,running,2026-01-26 00:00:00+00:00,"Race report: OSS/CIA 50-mile night run

\### Race Information

\* \*\*Name:\*\* OSS/CIA 50-mile night run

\* \*\*Date:\*\* June 14-15, 2025

\* \*\*Distance:\*\* 50 miles

\* \*\*Location:\*\* Prince William Forest Park

\* \*\*Website:\*\* [https://athletic-equation.com/endurance-events/the-ultrail-series/osscia-50-mile-night-run-2/](https://athletic-equation.com/endurance-events/the-ultrail-series/osscia-50-mile-night-run-2/)

\* \*\*Time:\*\* 14ish hours



\### Goals

| Goal | Description | Completed? |

|------|-------------|------------|

| A | Finish | \*Yes\* |

| B | Don't die | \*Yes\* |

| C | Finish under the time cutoff | \*Yes\* |







\### Training

I came off a spring marathon a few months ago, and mostly focused on hill training between the marathon and this event.  I did one trail 22-miler about a month before the race, and I did a couple of hilly 15-16 milers on roads.  The race only had about 6k feet of vert over the 50 miles, so it actually wasn't insane.  I turned out to be pretty prepared with minimal training outside of a good marathon block--at no point in the race was my fitness a serious problem.  



\### Pre-race

My husband drove me to the park (we live about an hour away), dropped me off with my stuff, and then went to a hotel where he would be spending the night in a moderately comfy bed while I ran around in the woods.  The race was set up as a loop of about 26 miles, which you run twice.  I had two drop bags.  One was at the start/finish area, which I passed at mile 26, and one was at the other main aid station, which I passed at miles 10, 13, 37, and 40.  I had a bunch of snacks in each bag, consisting of dried fruit, those little fruit pouch thingys that you give to toddlers, rice krispie treats, and super sour scandinavian swimmers (they're the trader joe's version of sour patch kids, they're amazing).  I also had a ton of electrolyte packs, although I ended up only using 4 of the 12 that I brought.



\### Race

The race was super well-organized, and it started just a few minutes after 6pm on Saturday.  It was pretty hot at the start, maybe low 80s and humid.  It got much cooler starting around 7:30.  The first 15 or so miles were super uneventful.  I hit the first aid station at mile 10, snarfed down a Reese's cup and some watermelon, ran the 3-mile loop and came back to the aid station and snarfed down another Reese's cup and some more watermelon, along with a couple of quesadilla wedges.  By this point the sun has gone down and I've pulled out my headlamp.



At mile 15, it starts to rain.  Torrential rain. My eyes kept stinging and my sweat rag was the only item of fabric on my person that did not have bug spray on it, so I kept using that to wipe my eyes.  My glasses had so much water on them that I couldn't see very well, and the rain was obscuring visibility as well.  Needless to say, this stretch of the race kind of sucked.



It was still raining when I rocked up to the start/finish/halfway point.  I had a full change of clothes (including socks, shoes, and underwear) in my drop bag there.  I decided to change despite the rain, on the grounds that for one brief, glorious moment, I would be dry.  As it happened, in the 7 minutes that it took me to change clothes, the rain stopped.  I have literally never been so happy in my \*life\* to see the weather clear up.  I hung out at the aid station for a few minutes, ate some boiled potatoes and another Reese's cup, refilled my snacks, and headed back out.  



Around mile 28, I briefly got lost.  There was a stream crossing that I hadn't remembered (on rocks, no getting wet involved), and at 1am I could not for the life of me figure out where to go.  Some dude came up behind me when I'd been wandering around confused for about 5 minutes and showed me where to go.  He and I ran the entire rest of the race together, and the company was super nice.  We were moving at about the same pace, and having a little bit of conversation and navigational consulting was really really helpful.  



We hit the aid station again at mile 37.  Y'all, they had pierogis.  Hot, delicious, wonderful, magical portable potato pockets.  I had four.  Then we ran the lollipop bit, and I grabbed a couple more pierogis for the road at mile 40.  At this point, we were probably running half and walking about half.  I started getting blisters around mile 38, probably from the wet socks, and the blisters were consistently the limiting factor from there on out, rather than my fitness.  



By the watch, the race ended up being 53 miles.  I got exceedingly grouchy in the last 2 miles, because I was mentally prepared for 51.5-52 miles, but not for 53.  But we finished!  My running buddy was encouraging me and pulling me along for the last few miles, which I really appreciated.  I might have given up on making the cutoff without him.  



\### Post-race

I crossed the finish line, heard tons of people cheering, and then collapsed onto a bench at a picnic table.  I caught up with all the people I'd chatted with during the race to see how they'd all done.  All of them finished!!  Including two guys doing their first ultra.  Seemed like most people had a really good night, despite the rough conditions.  I ate a couple of pancakes, and my husband picked me up from the finish area.  



He took me back to the hotel he'd stayed at so that I could shower.  Guys, I don't remember the last time a shower felt that good.  I smelled like wet feet at the end of the race, and cleaning off all the mud/sweat/bugspray felt amazing.  I made him stop at Chipotle so that I could get a 10:30am burrito, then I napped on the way home.  I napped for another couple of hours once we got home, and felt surprisingly okay afterward!  



The only serious physical consequence is that my blisters alone should really qualify me for short-term disability.  I have 12 of them, mostly big ones.  One on the bottom of each toe, and one on each heel.  I have one on each foot that goes between my big toe and the next toe, so right where flip flops sit.  I intend to whine about them extensively until they heal, because whining about minor self-inflicted injuries always makes them heal faster.



Otherwise, I'm feeling great!  I'm burning some sick leave today so that I don't have to go to work, but now I can stalk ultrasignup to find my next race :) 





Made with a new \[race report generator\](http://sfdavis.com/racereports/) created by u/herumph.",race report oss cia 50 mile night run race information name oss cia 50 mile night run date june 14 15 2025 distance 50 miles location prince william forest park website time 14ish hours goals goal description completed a finish yes b don t die yes c finish under the time cutoff yes training i came off a spring marathon a few months ago and mostly focused on hill training between the marathon and this event i did one trail 22 miler about a month before the race and i did a couple of hilly 15 16 milers on roads the race only had about 6k feet of vert over the 50 miles so it actually wasn t insane i turned out to be pretty prepared with minimal training outside of a good marathon block at no point in the race was my fitness a serious problem pre race my husband drove me to the park we live about an hour away dropped me off with my stuff and then went to a hotel where he would be spending the night in a moderately comfy bed while i ran around in the woods the race was set up as a loop of about 26 miles which you run twice i had two drop bags one was at the start finish area which i passed at mile 26 and one was at the other main aid station which i passed at miles 10 13 37 and 40 i had a bunch of snacks in each bag consisting of dried fruit those little fruit pouch thingys that you give to toddlers rice krispie treats and super sour scandinavian swimmers they re the trader joe s version of sour patch kids they re amazing i also had a ton of electrolyte packs although i ended up only using 4 of the 12 that i brought race the race was super well organized and it started just a few minutes after 6pm on saturday it was pretty hot at the start maybe low 80s and humid it got much cooler starting around 7 30 the first 15 or so miles were super uneventful i hit the first aid station at mile 10 snarfed down a reese s cup and some watermelon ran the 3 mile loop and came back to the aid station and snarfed down another reese s cup and some more watermelon along with a couple of quesadilla wedges by this point the sun has gone down and i ve pulled out my headlamp at mile 15 it starts to rain torrential rain my eyes kept stinging and my sweat rag was the only item of fabric on my person that did not have bug spray on it so i kept using that to wipe my eyes my glasses had so much water on them that i couldn t see very well and the rain was obscuring visibility as well needless to say this stretch of the race kind of sucked it was still raining when i rocked up to the start finish halfway point i had a full change of clothes including socks shoes and underwear in my drop bag there i decided to change despite the rain on the grounds that for one brief glorious moment i would be dry as it happened in the 7 minutes that it took me to change clothes the rain stopped i have literally never been so happy in my life to see the weather clear up i hung out at the aid station for a few minutes ate some boiled potatoes and another reese s cup refilled my snacks and headed back out around mile 28 i briefly got lost there was a stream crossing that i hadn t remembered on rocks no getting wet involved and at 1am i could not for the life of me figure out where to go some dude came up behind me when i d been wandering around confused for about 5 minutes and showed me where to go he and i ran the entire rest of the race together and the company was super nice we were moving at about the same pace and having a little bit of conversation and navigational consulting was really really helpful we hit the aid station again at mile 37 y all they had pierogis hot delicious wonderful magical portable potato pockets i had four then we ran the lollipop bit and i grabbed a couple more pierogis for the road at mile 40 at this point we were probably running half and walking about half i started getting blisters around mile 38 probably from the wet socks and the blisters were consistently the limiting factor from there on out rather than my fitness by the watch the race ended up being 53 miles i got exceedingly grouchy in the last 2 miles because i was mentally prepared for 51 5 52 miles but not for 53 but we finished my running buddy was encouraging me and pulling me along for the last few miles which i really appreciated i might have given up on making the cutoff without him post race i crossed the finish line heard tons of people cheering and then collapsed onto a bench at a picnic table i caught up with all the people i d chatted with during the race to see how they d all done all of them finished including two guys doing their first ultra seemed like most people had a really good night despite the rough conditions i ate a couple of pancakes and my husband picked me up from the finish area he took me back to the hotel he d stayed at so that i could shower guys i don t remember the last time a shower felt that good i smelled like wet feet at the end of the race and cleaning off all the mud sweat bugspray felt amazing i made him stop at chipotle so that i could get a 10 30am burrito then i napped on the way home i napped for another couple of hours once we got home and felt surprisingly okay afterward the only serious physical consequence is that my blisters alone should really qualify me for short term disability i have 12 of them mostly big ones one on the bottom of each toe and one on each heel i have one on each foot that goes between my big toe and the next toe so right where flip flops sit i intend to whine about them extensively until they heal because whining about minor self inflicted injuries always makes them heal faster otherwise i m feeling great i m burning some sick leave today so that i don t have to go to work but now i can stalk ultrasignup to find my next race made with a new race report generator created by u herumph,0.9957,positive,0.9957,https://www.reddit.com/r/running/comments/1ld0f1w/race_report_osscia_50mile_night_run/,nike running shoes,,,,1ld0f1w,running
Nike,reddit,running,2026-01-26 00:00:00+00:00,"Tuesday Shoesday

Shoes are a big topic in this sub, so in an effort to condense and collect some of these posts, we're introducing **Shoesday Tuesday**!  Similar to Wednesday's gear thread, but focusing on shoes.  

What’ve you been wearing on your feet? Anything fun added to the rotation? Got a review of a new release? Questions about a pair that’s caught your eye? Here's the place to discuss.

 *NOTE: For you Runnitors looking to sell/trade any running gear (as well as bib transfers), head over to /r/therunningrack.*",tuesday shoesday shoes are a big topic in this sub so in an effort to condense and collect some of these posts we re introducing shoesday tuesday similar to wednesday s gear thread but focusing on shoes what ve you been wearing on your feet anything fun added to the rotation got a review of a new release questions about a pair that s caught your eye here s the place to discuss note for you runnitors looking to sell trade any running gear as well as bib transfers head over to r therunningrack,0.8538,positive,0.8538,https://www.reddit.com/r/running/comments/1ldeo65/tuesday_shoesday/,nike running shoes,,,,1ldeo65,running
Nike,reddit,running,2026-01-27 00:00:00+00:00,"Tuesday Shoesday

Shoes are a big topic in this sub, so in an effort to condense and collect some of these posts, we're introducing **Shoesday Tuesday**!  Similar to Wednesday's gear thread, but focusing on shoes.  

What’ve you been wearing on your feet? Anything fun added to the rotation? Got a review of a new release? Questions about a pair that’s caught your eye? Here's the place to discuss.

 *NOTE: For you Runnitors looking to sell/trade any running gear (as well as bib transfers), head over to /r/therunningrack.*",tuesday shoesday shoes are a big topic in this sub so in an effort to condense and collect some of these posts we re introducing shoesday tuesday similar to wednesday s gear thread but focusing on shoes what ve you been wearing on your feet anything fun added to the rotation got a review of a new release questions about a pair that s caught your eye here s the place to discuss note for you runnitors looking to sell trade any running gear as well as bib transfers head over to r therunningrack,0.8538,positive,0.8538,https://www.reddit.com/r/running/comments/1kwdzyr/tuesday_shoesday/,nike running shoes,,,,1kwdzyr,running
Nike,reddit,streetwear,2026-01-27 00:00:00+00:00,"Player #1

* Shirt: Diamond Supply Co. 
* Pants: Blue Nike Woven Shorts  
* Shoes: Nike Men's Dunk Low Retro 'Waffle'",player 1 shirt diamond supply co pants blue nike woven shorts shoes nike men s dunk low retro waffle,0.0772,positive,0.0772,https://www.reddit.com/r/streetwear/comments/1law4zl/player_1/,nike,,,,1law4zl,streetwear
Nike,reddit,running,2026-01-28 00:00:00+00:00,"Tuesday Shoesday

Shoes are a big topic in this sub, so in an effort to condense and collect some of these posts, we're introducing **Shoesday Tuesday**!  Similar to Wednesday's gear thread, but focusing on shoes.  

What’ve you been wearing on your feet? Anything fun added to the rotation? Got a review of a new release? Questions about a pair that’s caught your eye? Here's the place to discuss.

 *NOTE: For you Runnitors looking to sell/trade any running gear (as well as bib transfers), head over to /r/therunningrack.*",tuesday shoesday shoes are a big topic in this sub so in an effort to condense and collect some of these posts we re introducing shoesday tuesday similar to wednesday s gear thread but focusing on shoes what ve you been wearing on your feet anything fun added to the rotation got a review of a new release questions about a pair that s caught your eye here s the place to discuss note for you runnitors looking to sell trade any running gear as well as bib transfers head over to r therunningrack,0.8538,positive,0.8538,https://www.reddit.com/r/running/comments/1l7pbtq/tuesday_shoesday/,nike running shoes,,,,1l7pbtq,running
Nike,reddit,streetwear,2026-01-28 00:00:00+00:00,"Y2K Inspired.

- Shirt: Obey
- Pants: Dcepem Y2k Jeans from Amazon 
- Shoes: Nike Dunk Low ‘Green Shock’

- IG: UberMikee_",y2k inspired shirt obey pants dcepem y2k jeans from amazon shoes nike dunk low green shock ig ubermikee,0.4215,positive,0.4215,https://www.reddit.com/r/streetwear/comments/1l5l5c2/y2k_inspired/,nike,,,,1l5l5c2,streetwear
Nike,reddit,running,2026-01-29 00:00:00+00:00,"Tuesday Shoesday

Shoes are a big topic in this sub, so in an effort to condense and collect some of these posts, we're introducing **Shoesday Tuesday**!  Similar to Wednesday's gear thread, but focusing on shoes.  

What’ve you been wearing on your feet? Anything fun added to the rotation? Got a review of a new release? Questions about a pair that’s caught your eye? Here's the place to discuss.

 *NOTE: For you Runnitors looking to sell/trade any running gear (as well as bib transfers), head over to /r/therunningrack.*",tuesday shoesday shoes are a big topic in this sub so in an effort to condense and collect some of these posts we re introducing shoesday tuesday similar to wednesday s gear thread but focusing on shoes what ve you been wearing on your feet anything fun added to the rotation got a review of a new release questions about a pair that s caught your eye here s the place to discuss note for you runnitors looking to sell trade any running gear as well as bib transfers head over to r therunningrack,0.8538,positive,0.8538,https://www.reddit.com/r/running/comments/1l22gkw/tuesday_shoesday/,nike running shoes,,,,1l22gkw,running
Nike,reddit,streetwear,2026-01-30 00:00:00+00:00,"Felix Culpa

- Shirt: BKYS Felix Culpa
- Pants: YEOU Stacked Men Skinny Jeans from Amazon 
- Shoes: Nike Dunk Low SB ‘Be True’

- IG: UberMikee_",felix culpa shirt bkys felix culpa pants yeou stacked men skinny jeans from amazon shoes nike dunk low sb be true ig ubermikee,-0.1027,negative,0.1027,https://www.reddit.com/r/streetwear/comments/1l0o5gb/felix_culpa/,nike,,,,1l0o5gb,streetwear
Nike,reddit,running,2026-01-30 00:00:00+00:00,"Best shoe reviews?

Who’s your go to reviewer for shoes! I’ve always been doing to RunRepeat and their Cut in Half reviews. Im not a fan of those short influencer videos that just go on about the looks of the shoe. And them showing the pace that they run in with them on. Because everyone runs at different paces.",best shoe reviews who s your go to reviewer for shoes i ve always been doing to runrepeat and their cut in half reviews im not a fan of those short influencer videos that just go on about the looks of the shoe and them showing the pace that they run in with them on because everyone runs at different paces,0.3464,positive,0.3464,https://www.reddit.com/r/running/comments/1kzreh3/best_shoe_reviews/,nike running shoes,,,,1kzreh3,running
Nike,reddit,running,2026-01-31 00:00:00+00:00,"Race Report: 2025 Ottawa Half-Marathon

**Race Information**

* **Name:** Ottawa Half-Marathon
* **Date:** May 25, 2025
* **Distance:** 13.1 miles
* **Location:** Ottawa, Canada
* **Website:** [https://www.runottawa.ca/races-and-events/half-marathon/](https://www.runottawa.ca/races-and-events/half-marathon/)
* **Time:** 1:43:2x

**Goals**

|Goal|Description|Completed?|
|:-|:-|:-|
|A|Enjoy the Process|*Yes*|
|B|Finish the Race|*Yes*|
|C|Sub-1:40|*No*|

**Splits**

|Kilometer|Time|
|:-|:-|
|1|4:37|
|2|4:37|
|3|4:44|
|4|4:42|
|5|4:43|
|6|4:48|
|7|4:47|
|8|4:47|
|9|4:35|
|10|4:47|
|11|4:41|
|12|4:42|
|13|4:47|
|14|4:47|
|15|5:00|
|16|4:36|
|17|5:13|
|18|5:04|
|19|5:31|
|20|5:21|
|21|5:16|
|0.1|0:30|

# Background

I (33M) started road cycling in 2014 and running in 2018. While the former remains my primary sport, my running has steadily increased since my first 5k in 2019 (Ottawa Race Weekend, 24:41). From 2019-24, I ran six 5ks (PB 21:29) and three 10ks (PB 44:46), plus one 10k DNS after getting COVID a week before 2022 Ottawa Race Weekend. For spring 2025, I set my sights on running my first half-marathon and doing so at a pace that was in-line with my 2024 5k and 10k results (sub-1:40).

# Training

For my inaugural crack at the distance, I went back and forth between Higdon’s Intermediate 2 plan and Pfitz 12/55 before ultimately deciding that the latter was a touch too aggressive for where my running volume was at. At the same time, I wanted a Half plan that also incorporated some amount of speedwork. Both for scheduling and load management, I made a couple of consistent changes to the plan:

* Thursday’s easy run (which is always 4.8km in the base plan) consistently became cross-training on the bike (indoor trainer until early April, outdoor rides thereafter), both to limit injury risk and also allow me to pile on more aerobic work. At the peak of my cycling block in spring 2023, I was averaging 350km/week, so I knew from experience that I could ramp up bike volume and intensity considerably faster than running. For easy aerobic work, I also just vastly prefer riding to running. The order of the T/R workouts in the plan was also flexible depending on my schedule and Ottawa’s incredibly fickle March/April weather.
* To gain back some of the lost running mileage from the switch, every long run was 1km longer than the plan called for.
* Monday’s cross-training sometimes became a second rest day, depending on how my legs were feeling.
* Instead of a week 6 10k and week 9 15k, I ran the St. Lawrence 10k as a tuneup race on April 26 (Week 8). I juggled the schedule to accommodate the switch, and added a long, hilly ride in Week 9 to have something of a de-loading week afterwards.

The training block generally went really well. I ran a 21:11 PB in the 5k TT in horrible conditions (flurries and crosswinds), then ran a 44:25 in the St. Lawrence 10k (good for Top 20 and 21s off my PB). The training block also benefitted from good sleep habits (averaging almost 8.5hrs/night since February), no major travel, and drastically cutting down on weekday alcohol consumption. That allowed for the most consistent block I've ever managed: I missed one run the entire block, putting down 390km of running and 640km of biking between March 1 and May 24, peaking at 47.5km of running in Week 10. Began tapering 10-11 days out from the race, and was feeling relatively good throughout (usual Taper Scaries notwithstanding).

I live near the route, and my office is \~100 meters from the startline. This also meant I was able to recon every part of the course multiple times, including a 20.5km LR in week 10 that was essentially a dress rehearsal of the race. Between past Ottawa Race Weekends and runs on in-office days, I’ve run the finishing 2-3km north of thirty times.

The Higdon Intermediate 2 plan was fine, though with some things I liked and some things I didn’t like:

* The plan was simple, which made planning individual weeks and runs very easy (and also lent itself to plug-and-play with cross-training on the bike and to needed schedule adjustments to reflect when my tuneup races were) BUT not particularly periodized or as distance-focused as a Pfitzinger or Hanson plan.
* The back-to-back pace and long runs on weekends were a great confidence builder for race day, BUT meant that weekly mileage was incredibly back-loaded. I consistently had plans to add cross-training on Mondays and my legs frequently went “nah” the morning of due to accumulated fatigue from the Sat/Sun runs.
* The plan started gently compared to my weekly mileage during base-building, BUT I also feel like there wouldn’t be a ton of time gains to be had from prepping another Half with this training plan.

In sum, I generally agree with the sub’s consistent feedback on Higdon plans: it was a great plan for my first crack at the distance, and particularly as someone who has struggled with ramping up running mileage too quickly in the past, but it's not a plan I'll be using again.

# The Race

Carb-loaded Saturday night at my wife and mine’s favourite Italian restaurant, strolled three blocks to watch some of the 10k – including both ME and WE elite – then got as much sleep as adrenaline would allow. Woke up at 6am Sunday, showered, ate my ritual pre-race breakfast (a breakfast sandwich from Kettleman’s Bagels – an Ottawa institution) then took the LRT downtown. Used my office’s locker room to change and for bag storage, did an easy 2k to warm up with a few race pace pickups, and then wolfed down an energy bar about 25min prior to the start.. I raced this Half in Nike Vaporfly 3s, which I'd also used for my 10k tuneup in April.

Compared to past Ottawa race weekends, conditions were fantastic Sunday morning: partly cloudly, lightly breezy, and 11C when the Half started. I slotted into the first time corral (1:45 or faster), found the 1:40 pacers, and waited for the gun to go. The plan was to stick with the pacers until 15-16kms, then make a judgment call about whether I enough left in the legs to push the pace once the course was through the final hill on Sussex Dr.

**Part 1: Vibing (Start - 12km)**

The Half started at 9am on the dot. In previous Race Weekends running the 5k or 10k, it's been a knife fight to escape crowding in the opening km of people who've insisted on being at the front despite not running ""at the front"" times, but this was not the case this year. Our group was up to speed by the time the race turned onto Wellington St. in front of Parliament Hill. Settled into a rhythm very quickly and began knocking out kms at race pace (or close to it) as the race wound into Gatineau. Sticking with the pace group made the first half incredibly straightforward from a mental standpoint - didn't really have to think about pace, just stuck with the group and knocked out steady kms. My wife and two friends of ours were in the cheer zones at the 2km mark (just before crossing the Booth St. bridge into Gatineau) and then again at around 10kms in when the race crossed back into Ottawa near the National Gallery. The crowds were *electric* \- this is the best weather that Ottawa Race Weekend has had since probably 2019, and the city showed up accordingly.

The back half of the course was rolly, so we pushed the pace in the opening half. My watch had me running a little ahead of the splits I was targetting - 18:41 through 4km, 37:48 through 8km, 56:36 through 12kms. I also stuck to my fueling plan, taking in gels at 25min and 50min and using my disposable bottle of electrolyte mix until I discarded it at the 9km aid station.

**Part 2: Hurting (12km - 16.5km)**

With hindsight, the blisters on the arches of both feet probably developed in the 9-10km stretch, but they became impossible to ignore at around 12kms as the Half course headed along Sussex into the Rockliffe Park area. Almost immediately, it became clear that the one on my right foot was both larger and worse than the one on the left foot.

Still, pushing through discomfort is part of the gig - both my tuneup races were run in bad weather, in 2023 I rode [the first day of Rideau Lakes](https://ridewithgps.com/routes/49335537) through a biblical rainstorm (and then rode [the second day](https://ridewithgps.com/routes/49444378) with all of the accompanying chafing and contact point pain). So for the next 4-4.5kms, I just dialed in and kept at goal pace through the rollers on the GEC Parkway. This year's course ran through the grounds of Rideau Hall (for non-Canadians, the residence of the Governor General, our stand-in Head of State on the 363-5 days of the year when the King isn't in town), which was an unbelievably cool moment. I struggled with the overpass on Sussex drive, but was somehow still hustling despite the steadily-worsening pain in my right foot. I split 1:15:39 through 16kms - almost exactly on sub-1:40 pace.

**Part 3: Surviving (16.5km - Finish)**

Despite holding onto goal pace through the first ten miles, by this point I knew I was running on borrowed time: the temperature was rising, and my fuel gauge was steadily falling as the pain gauge steadily increased. At around 16.5kms, the lines crossed one another and the wheels began to come off. The pain from the blister was excruciating - basically every step felt like jabbing a knife into the underside of my right foot. The left foot was in better shape, but not by much. From then onwards, my pace slowed considerably, and I was promptly dropped by the 1:40 pace group (which by this point had maybe 10-12 people left in it).

Had this been another race, I'd have likely stepped off the course at this point and DNF'd to avoid inflicting even more damage on my foot. But this was both my goal race for the spring calendar and my first time racing a Half, so there was no way that was happening. Faced with coming back with my shield or on it, I opted for both.

The last 4.6kms of the race were mostly a fight for survival. I'd run as close to goal pace as I could for as long as the pain would allow, then walk for 10-15s, then repeat. By this point, my racing shirt was also soaked from both sweat and water I'd poured over myself when going through aid stations, and I was chafing to the point of drawing blood. Those final few kms along the Rideau Canal felt eternal - no matter how many times I've run them in training (and I've run them a lot) they're always a miserable slog come race day. However, they were buoyed by the crowds, which by this point in the race were absolute pandemonium. My ears were ringing the entire finishing stretch.

I bled time through the final 5kms, but generally kept on running as fast as I was able for as long as I was able, before emptying the tank in the final 100m. I ultimately crossed the line in 1:43:2x.

# Post-Race Thoughts

I was *shattered* at the finish line, and slowly made my way through the finishing chute and back into the mingling area at Confederation Park. My wife was waiting for me, and after the embrace she took one look at me - limping, covered in sweat, bleeding from both nips - and simply said ""you look...unwell."" I briefly chatted with a couple friends who were running either the Half or the Full on similar schedules, picked up my bag from my office (a hack that I will be repeating as long as I work in that building - saved me probably 20-30min in a bag line), then headed home and did after-care on the blisters. Somehow, the right arch blister didn't pop on the course, but I'm pretty sure I'm going to lose two toenails (one on each foot) from the race as well. Woke up Monday morning feeling (physically) like I'd been hit by a bus, but also still riding the emotional high of having finished my first Half-Marathon.

I ended up short of my goal, but I can't be too disappointed with my time given what transpired on the course. I have a session with my physio (who's enough of a running geek that it's like having a coach that my insurance pays for) later this week to chat through what happened, but I strongly suspect the fault lies with the narrowness of the Vaporflys' midfoot/arch area combined with my own very flat arches. It was also a good reminder that **nothing** is guaranteed on race day: you can put in a great training block, taper well, have a good racing and fueling plan, and sometimes things go wrong anyways because racing, if done well, involves putting your body right up against the limit of what it can do (and sometimes pushing a little beyond it).

I also know what I'll be looking for in a future training block: now that I know my body can handle higher mileage without breaking down, I'll be looking to add volume next time I prep for a Half - either Pfitz 12/55 or one of the Hanson plans (probably the former, as I quite liked the 4 days running, 1-2 days biking schedule of this past spring) - and a plan that adds race pace to the end of long runs. Without the blister, I think I could've plausibly finished in the high-1:41/low-1:42 range, but I will need to add more miles at race pace on already-fatigued legs to get through those brutally hard final 5km and under 1:40.

As for the near future, this marks the end of my spring running season. After recovering for the next couple weeks - including vacation in Spain - I'll be pivoting to road cycling for the summer, with running primarily serving a recovery and cross-training role. Physically and mentally, I need a break from high running volume and race prep. The current plan is to run a 10k or two in the Fall, and then prep to take another swing at a sub-1:40 Half in 2026 (current thinking is Ottawa or/and Toronto Waterfront, but I'm still in the very early stages of planning this). This was my first half-marathon, but it absolutely won't be my last.

Made with a new [race report generator](http://sfdavis.com/racereports/) created by u/herumph.",race report 2025 ottawa half marathon race information name ottawa half marathon date may 25 2025 distance 13 1 miles location ottawa canada website time 1 43 2x goals goal description completed a enjoy the process yes b finish the race yes c sub 1 40 no splits kilometer time 1 4 37 2 4 37 3 4 44 4 4 42 5 4 43 6 4 48 7 4 47 8 4 47 9 4 35 10 4 47 11 4 41 12 4 42 13 4 47 14 4 47 15 5 00 16 4 36 17 5 13 18 5 04 19 5 31 20 5 21 21 5 16 0 1 0 30 background i 33m started road cycling in 2014 and running in 2018 while the former remains my primary sport my running has steadily increased since my first 5k in 2019 ottawa race weekend 24 41 from 2019 24 i ran six 5ks pb 21 29 and three 10ks pb 44 46 plus one 10k dns after getting covid a week before 2022 ottawa race weekend for spring 2025 i set my sights on running my first half marathon and doing so at a pace that was in line with my 2024 5k and 10k results sub 1 40 training for my inaugural crack at the distance i went back and forth between higdon s intermediate 2 plan and pfitz 12 55 before ultimately deciding that the latter was a touch too aggressive for where my running volume was at at the same time i wanted a half plan that also incorporated some amount of speedwork both for scheduling and load management i made a couple of consistent changes to the plan thursday s easy run which is always 4 8km in the base plan consistently became cross training on the bike indoor trainer until early april outdoor rides thereafter both to limit injury risk and also allow me to pile on more aerobic work at the peak of my cycling block in spring 2023 i was averaging 350km week so i knew from experience that i could ramp up bike volume and intensity considerably faster than running for easy aerobic work i also just vastly prefer riding to running the order of the t r workouts in the plan was also flexible depending on my schedule and ottawa s incredibly fickle march april weather to gain back some of the lost running mileage from the switch every long run was 1km longer than the plan called for monday s cross training sometimes became a second rest day depending on how my legs were feeling instead of a week 6 10k and week 9 15k i ran the st lawrence 10k as a tuneup race on april 26 week 8 i juggled the schedule to accommodate the switch and added a long hilly ride in week 9 to have something of a de loading week afterwards the training block generally went really well i ran a 21 11 pb in the 5k tt in horrible conditions flurries and crosswinds then ran a 44 25 in the st lawrence 10k good for top 20 and 21s off my pb the training block also benefitted from good sleep habits averaging almost 8 5hrs night since february no major travel and drastically cutting down on weekday alcohol consumption that allowed for the most consistent block i ve ever managed i missed one run the entire block putting down 390km of running and 640km of biking between march 1 and may 24 peaking at 47 5km of running in week 10 began tapering 10 11 days out from the race and was feeling relatively good throughout usual taper scaries notwithstanding i live near the route and my office is 100 meters from the startline this also meant i was able to recon every part of the course multiple times including a 20 5km lr in week 10 that was essentially a dress rehearsal of the race between past ottawa race weekends and runs on in office days i ve run the finishing 2 3km north of thirty times the higdon intermediate 2 plan was fine though with some things i liked and some things i didn t like the plan was simple which made planning individual weeks and runs very easy and also lent itself to plug and play with cross training on the bike and to needed schedule adjustments to reflect when my tuneup races were but not particularly periodized or as distance focused as a pfitzinger or hanson plan the back to back pace and long runs on weekends were a great confidence builder for race day but meant that weekly mileage was incredibly back loaded i consistently had plans to add cross training on mondays and my legs frequently went nah the morning of due to accumulated fatigue from the sat sun runs the plan started gently compared to my weekly mileage during base building but i also feel like there wouldn t be a ton of time gains to be had from prepping another half with this training plan in sum i generally agree with the sub s consistent feedback on higdon plans it was a great plan for my first crack at the distance and particularly as someone who has struggled with ramping up running mileage too quickly in the past but it s not a plan i ll be using again the race carb loaded saturday night at my wife and mine s favourite italian restaurant strolled three blocks to watch some of the 10k including both me and we elite then got as much sleep as adrenaline would allow woke up at 6am sunday showered ate my ritual pre race breakfast a breakfast sandwich from kettleman s bagels an ottawa institution then took the lrt downtown used my office s locker room to change and for bag storage did an easy 2k to warm up with a few race pace pickups and then wolfed down an energy bar about 25min prior to the start i raced this half in nike vaporfly 3s which i d also used for my 10k tuneup in april compared to past ottawa race weekends conditions were fantastic sunday morning partly cloudly lightly breezy and 11c when the half started i slotted into the first time corral 1 45 or faster found the 1 40 pacers and waited for the gun to go the plan was to stick with the pacers until 15 16kms then make a judgment call about whether i enough left in the legs to push the pace once the course was through the final hill on sussex dr part 1 vibing start 12km the half started at 9am on the dot in previous race weekends running the 5k or 10k it s been a knife fight to escape crowding in the opening km of people who ve insisted on being at the front despite not running at the front times but this was not the case this year our group was up to speed by the time the race turned onto wellington st in front of parliament hill settled into a rhythm very quickly and began knocking out kms at race pace or close to it as the race wound into gatineau sticking with the pace group made the first half incredibly straightforward from a mental standpoint didn t really have to think about pace just stuck with the group and knocked out steady kms my wife and two friends of ours were in the cheer zones at the 2km mark just before crossing the booth st bridge into gatineau and then again at around 10kms in when the race crossed back into ottawa near the national gallery the crowds were electric this is the best weather that ottawa race weekend has had since probably 2019 and the city showed up accordingly the back half of the course was rolly so we pushed the pace in the opening half my watch had me running a little ahead of the splits i was targetting 18 41 through 4km 37 48 through 8km 56 36 through 12kms i also stuck to my fueling plan taking in gels at 25min and 50min and using my disposable bottle of electrolyte mix until i discarded it at the 9km aid station part 2 hurting 12km 16 5km with hindsight the blisters on the arches of both feet probably developed in the 9 10km stretch but they became impossible to ignore at around 12kms as the half course headed along sussex into the rockliffe park area almost immediately it became clear that the one on my right foot was both larger and worse than the one on the left foot still pushing through discomfort is part of the gig both my tuneup races were run in bad weather in 2023 i rode the first day of rideau lakes through a biblical rainstorm and then rode the second day with all of the accompanying chafing and contact point pain so for the next 4 4 5kms i just dialed in and kept at goal pace through the rollers on the gec parkway this year s course ran through the grounds of rideau hall for non canadians the residence of the governor general our stand in head of state on the 363 5 days of the year when the king isn t in town which was an unbelievably cool moment i struggled with the overpass on sussex drive but was somehow still hustling despite the steadily worsening pain in my right foot i split 1 15 39 through 16kms almost exactly on sub 1 40 pace part 3 surviving 16 5km finish despite holding onto goal pace through the first ten miles by this point i knew i was running on borrowed time the temperature was rising and my fuel gauge was steadily falling as the pain gauge steadily increased at around 16 5kms the lines crossed one another and the wheels began to come off the pain from the blister was excruciating basically every step felt like jabbing a knife into the underside of my right foot the left foot was in better shape but not by much from then onwards my pace slowed considerably and i was promptly dropped by the 1 40 pace group which by this point had maybe 10 12 people left in it had this been another race i d have likely stepped off the course at this point and dnf d to avoid inflicting even more damage on my foot but this was both my goal race for the spring calendar and my first time racing a half so there was no way that was happening faced with coming back with my shield or on it i opted for both the last 4 6kms of the race were mostly a fight for survival i d run as close to goal pace as i could for as long as the pain would allow then walk for 10 15s then repeat by this point my racing shirt was also soaked from both sweat and water i d poured over myself when going through aid stations and i was chafing to the point of drawing blood those final few kms along the rideau canal felt eternal no matter how many times i ve run them in training and i ve run them a lot they re always a miserable slog come race day however they were buoyed by the crowds which by this point in the race were absolute pandemonium my ears were ringing the entire finishing stretch i bled time through the final 5kms but generally kept on running as fast as i was able for as long as i was able before emptying the tank in the final 100m i ultimately crossed the line in 1 43 2x post race thoughts i was shattered at the finish line and slowly made my way through the finishing chute and back into the mingling area at confederation park my wife was waiting for me and after the embrace she took one look at me limping covered in sweat bleeding from both nips and simply said you look unwell i briefly chatted with a couple friends who were running either the half or the full on similar schedules picked up my bag from my office a hack that i will be repeating as long as i work in that building saved me probably 20 30min in a bag line then headed home and did after care on the blisters somehow the right arch blister didn t pop on the course but i m pretty sure i m going to lose two toenails one on each foot from the race as well woke up monday morning feeling physically like i d been hit by a bus but also still riding the emotional high of having finished my first half marathon i ended up short of my goal but i can t be too disappointed with my time given what transpired on the course i have a session with my physio who s enough of a running geek that it s like having a coach that my insurance pays for later this week to chat through what happened but i strongly suspect the fault lies with the narrowness of the vaporflys midfoot arch area combined with my own very flat arches it was also a good reminder that nothing is guaranteed on race day you can put in a great training block taper well have a good racing and fueling plan and sometimes things go wrong anyways because racing if done well involves putting your body right up against the limit of what it can do and sometimes pushing a little beyond it i also know what i ll be looking for in a future training block now that i know my body can handle higher mileage without breaking down i ll be looking to add volume next time i prep for a half either pfitz 12 55 or one of the hanson plans probably the former as i quite liked the 4 days running 1 2 days biking schedule of this past spring and a plan that adds race pace to the end of long runs without the blister i think i could ve plausibly finished in the high 1 41 low 1 42 range but i will need to add more miles at race pace on already fatigued legs to get through those brutally hard final 5km and under 1 40 as for the near future this marks the end of my spring running season after recovering for the next couple weeks including vacation in spain i ll be pivoting to road cycling for the summer with running primarily serving a recovery and cross training role physically and mentally i need a break from high running volume and race prep the current plan is to run a 10k or two in the fall and then prep to take another swing at a sub 1 40 half in 2026 current thinking is ottawa or and toronto waterfront but i m still in the very early stages of planning this this was my first half marathon but it absolutely won t be my last made with a new race report generator created by u herumph,0.9706,positive,0.9706,https://www.reddit.com/r/running/comments/1kwsf5f/race_report_2025_ottawa_halfmarathon/,nike,,,,1kwsf5f,running
Nike,reddit,running,2026-01-31 00:00:00+00:00,"When do you replace your running shoes - a certain mileage or month/year date?

Getting some opinions - I tore and got surgery on my hip labrum last year. I've recently been cleared to run at full capacity again and start training for a half in October this week.

Right before I got injured, I was doing my speedwork in the Altra Vanish Tempo. They have under 50 miles on them (life is 250-300), but my first run in them was back in March 2024. I have heard you're not supposed to wear shoes over a year old even if they haven't been worn much because the foam can still break down. Am obviously hesitant to do anything that can cause issues with being out of running for 7+ months with such a severe injury (and am probably babying my hip a little, lol.)

Would you wear those shoes? Or would you look at investing in another pair for this training cycle?",when do you replace your running shoes a certain mileage or month year date getting some opinions i tore and got surgery on my hip labrum last year i ve recently been cleared to run at full capacity again and start training for a half in october this week right before i got injured i was doing my speedwork in the altra vanish tempo they have under 50 miles on them life is 250 300 but my first run in them was back in march 2024 i have heard you re not supposed to wear shoes over a year old even if they haven t been worn much because the foam can still break down am obviously hesitant to do anything that can cause issues with being out of running for 7 months with such a severe injury and am probably babying my hip a little lol would you wear those shoes or would you look at investing in another pair for this training cycle,-0.6856,negative,0.6856,https://www.reddit.com/r/running/comments/1kvbe39/when_do_you_replace_your_running_shoes_a_certain/,nike running shoes,,,,1kvbe39,running
Nike,reddit,streetwear,2026-02-01 00:00:00+00:00,"Banana

Supreme T, Utility Kilt kilt, Supreme Hanes socks, Nike boots",banana supreme t utility kilt kilt supreme hanes socks nike boots,0.802,positive,0.802,https://www.reddit.com/r/streetwear/comments/1karvyl/banana/,nike,,,,1karvyl,streetwear
Nike,reddit,streetwear,2026-02-01 00:00:00+00:00,"Some Bandana

Hat: Supreme Reaper Mesh Back 6-Panel

Jacket: Supreme Bandana Jacquard Denim Hooded Work Jacket

Shirt: Bershka Sonic Youth

Pants: Supreme Paneled Stripe Baggy Jean

Shoes: Supreme x Nike Air Tailwind 4",some bandana hat supreme reaper mesh back 6 panel jacket supreme bandana jacquard denim hooded work jacket shirt bershka sonic youth pants supreme paneled stripe baggy jean shoes supreme x nike air tailwind 4,0.9371,positive,0.9371,https://www.reddit.com/r/streetwear/comments/1kr9ywj/some_bandana/,nike,,,,1kr9ywj,streetwear
Nike,reddit,running,2026-02-02 00:00:00+00:00,"Tuesday Shoesday

Shoes are a big topic in this sub, so in an effort to condense and collect some of these posts, we're introducing **Shoesday Tuesday**!  Similar to Wednesday's gear thread, but focusing on shoes.  

What’ve you been wearing on your feet? Anything fun added to the rotation? Got a review of a new release? Questions about a pair that’s caught your eye? Here's the place to discuss.

 *NOTE: For you Runnitors looking to sell/trade any running gear (as well as bib transfers), head over to /r/therunningrack.*",tuesday shoesday shoes are a big topic in this sub so in an effort to condense and collect some of these posts we re introducing shoesday tuesday similar to wednesday s gear thread but focusing on shoes what ve you been wearing on your feet anything fun added to the rotation got a review of a new release questions about a pair that s caught your eye here s the place to discuss note for you runnitors looking to sell trade any running gear as well as bib transfers head over to r therunningrack,0.8538,positive,0.8538,https://www.reddit.com/r/running/comments/1kqvstd/tuesday_shoesday/,nike running shoes,,,,1kqvstd,running
Nike,reddit,running,2026-02-03 00:00:00+00:00,"Why do shoe companies change the design of shoes?

There’s nothing more heartbreaking than seeing the company you buy running shoes from no longer make the ones you got use to.

I get it’s due to marketing and staying “competitive”, but if a certain style is what makes them good why change?

RIP my Hoka Clifton 9’s (specifically the sunlit ocean/lilac mist)",why do shoe companies change the design of shoes there s nothing more heartbreaking than seeing the company you buy running shoes from no longer make the ones you got use to i get it s due to marketing and staying competitive but if a certain style is what makes them good why change rip my hoka clifton 9 s specifically the sunlit ocean lilac mist,0.7969,positive,0.7969,https://www.reddit.com/r/running/comments/1kqj9sh/why_do_shoe_companies_change_the_design_of_shoes/,nike running shoes,,,,1kqj9sh,running
Nike,reddit,streetwear,2026-02-03 00:00:00+00:00,"Silly poses :3

• Jacket: acronym x nike
• Pants : acronym P44-DS
• Shirt: aphex twin bleep merch
• Shoes: Nike ACG mountain fly gtx
• Belt : carhartt
• watch : G-shock GA-2100
• Glasses : police",silly poses 3 jacket acronym x nike pants acronym p44 ds shirt aphex twin bleep merch shoes nike acg mountain fly gtx belt carhartt watch g shock ga 2100 glasses police,0.5267,positive,0.5267,https://www.reddit.com/r/streetwear/comments/1kl25k1/silly_poses_3/,nike,,,,1kl25k1,streetwear
Nike,reddit,streetwear,2026-02-04 00:00:00+00:00,"We outside, hot boi summer 2025🔥🔥🔥

LA Jacket - Amazon
Shirt- Modelo official
Jeans- Levi's 
Watch- wood grain 
Shoes- Nike 
Red solo cups for the vibe 🔥🔥🔥😂",we outside hot boi summer 2025 la jacket amazon shirt modelo official jeans levi s watch wood grain shoes nike red solo cups for the vibe,-0.8316,negative,0.8316,https://www.reddit.com/r/streetwear/comments/1kewlxx/we_outside_hot_boi_summer_2025/,nike,,,,1kewlxx,streetwear
Nike,reddit,streetwear,2026-02-04 00:00:00+00:00,"Hot in Miami

- Hat: Polo 
- Jacket:
- Shirt: Liquid Death from PacSun
- Pants: Dedraw Studio Cartoon Shorts from SHEIN 
- Shoes: Nike Air Jordan 1 Mid ‘Siempre Familia’ 

- IG: UberMikee_",hot in miami hat polo jacket shirt liquid death from pacsun pants dedraw studio cartoon shorts from shein shoes nike air jordan 1 mid siempre familia ig ubermikee,-0.5994,negative,0.5994,https://www.reddit.com/r/streetwear/comments/1kehntb/hot_in_miami/,nike,,,,1kehntb,streetwear
Nike,reddit,running,2026-02-05 00:00:00+00:00,"Race Report: Maine Coast Half Marathon

### Race Information
* **Name:** Maine Coast Half Marathon
* **Date:** May 3rd, 2025
* **Distance:** 13.1 mi
* **Location:** Wells, ME
* **Time:** 2:23:23

### Goals
| Goal | Description | Completed? |
|------|-------------|------------|
| A | Finish | *Yes* |
| B | Sub 2:30 | *Yes* |

### Splits
| Mile | Time |
|------|------|
| 1 | 11:11
| 2 | 11:05
| 3 | 10:57
| 4 | 11:08
| 5 | 11:08
| 6 | 11:00
| 7 | 10:52
| 8 | 11:00
| 9 | 11:02
| 10 | 10:44
| 11 | 11:28
| 12 | 11:00
| 13 | 9:56
| 0.1 | 0:21
| Average pace | 10:57

### Training
I am 28/F. This is my second race ever (ran a 5k last September) and my first half marathon. I have been running since March 2024 and never had been a runner in my life prior to this time. I never liked running until a random warm spring day last year when I decided to go for a jog and stuck with it. I was slow but I enjoyed it regardless. I found it to be good for my mental health just as much as my physical health. My running was pretty casual and sporadic 1-2x a week until January 1st of this year when I began the Nike Run Club half marathon training plan. 

I stuck to the plan for the most part, save for a few weeks in February when I hurt my knee and took it easy. I ran usually 4x a week and did some light weight training 2x a week. Coming into race week, I felt very prepared and excited for what lied ahead. My husband ran with me and while he did not train as much, he has a background in XC from high school and a base level of fitness appropriate for a HM.

### Pre-race
We headed down to Wells yesterday afternoon, stopping to pick up our bibs and swag (branded zip-up fleeces). I was feeling very anxious most of the day--not even because of the race but in general--but these feelings dissipated after we went on a walk by the ocean and got dinner. We sat around a fire at the inn we were staying at to close out the evening. I showered and we got to bed around 8:30 PM...but, we did not sleep well.

The bed was comfortable enough but the room was warm and the inn did not have their AC units in yet. The mattress and sheets made it so any little movement my husband made I felt and vice versa. The minifridge was loud to the point where we ended up unplugging it in the middle of the night. We were irritated and nervous. We got maybe 5.5 or 6 hours of sleep in total which is less than we normally get most nights.

We woke up at 4:40 AM and I managed to eat a half a blueberry bagel and drink most of an Alani Nu energy drink. I felt energetic despite the poor sleep. We arrived at Wells Elementary School, our assigned parking location, only for one of the gals directing traffic to say there were few or possibly no spots. We tried anyways and found a spot and walked maybe 15 minutes to the school buses that were set to take us to the starting line. Along the way, we noticed how many empty spots were at the other parking options. 

The bus line was incredibly long, too. The crowd had a nervous, incredulous energy as we all wondered how the hell we were going to start the race on time. It was maybe 6:20 AM at this point and the race was set to begin at 7:00 AM and there were hundreds of people behind us.

We arrived at the starting point after 6:30 AM. The lines for gear drop and port-a-potties were long and many people were confused about what lines were for what purpose. You could barely hear the announcer. It was after 7 AM by the time we made it to the front of the port-a-potty line. It also had started downpouring unexpectedly. We finally dropped our gear and walked to the starting line around 7:15 AM.

### Race
As you can tell, pre-race kind of sucked and I worried the whole experience would be like that. But the race itself went so well.

It was a scenic course--along the ocean and zig-zagging across the marsh several times. And the rain passed quickly, thank god. We ran in a cloudy haze for the first couple miles which dissipated into some sunshine. There was some sporadic crowd support throughout the course with more towards the finish line and lots of signs that made me smile. The natural beauty of the course was enough to keep me going.

My husband and I maintained pretty steady splits and did not take a walking break until mile 11, where we walked for about 2 minutes. I was very proud of that, as I imagined we would take more walk breaks. I drank some water and electrolytes from my vest flasks while my husband hit up the many water and Gatorade stops along the way. We each took in 3 gels, at miles 5, 8, and 11 respectively. Once we hit mile 12, we sped things up since we still had some energy in the tank and did our fastest mile split at 9:52. We crossed the finish line hand-in-hand, just like we wanted to :)

### Post-race
We almost immediately got on the bus to head back to our car. There was a crash on the main road through town so the bus got rerouted and ended up dropping us off closer to the elementary school, which was nice. We snapped a few photos with our medals, stretched, and drove back to the inn where we took showers and finished packing. Before we even left the parking lot I put in an order at a Five Guys nearby. Lo and behold, there was an accident on the interstate that made a 15 minute drive into a nearly 40 minute one. Once we arrived, the burgers and fries hit the spot, at least. Now we are home, headachy and sore but not too worse for wear.

### Reflection
I am really happy with how the race went despite not-ideal circumstances pre-race and less than impressive logistics from race team. I was pleasantly surprised with how strong and relatively effortless I felt through the bulk of the race. This gives me a lot of hope for the future of my running practice, and reinforces why I enjoy doing this so much.",race report maine coast half marathon race information name maine coast half marathon date may 3rd 2025 distance 13 1 mi location wells me time 2 23 23 goals goal description completed a finish yes b sub 2 30 yes splits mile time 1 11 11 2 11 05 3 10 57 4 11 08 5 11 08 6 11 00 7 10 52 8 11 00 9 11 02 10 10 44 11 11 28 12 11 00 13 9 56 0 1 0 21 average pace 10 57 training i am 28 f this is my second race ever ran a 5k last september and my first half marathon i have been running since march 2024 and never had been a runner in my life prior to this time i never liked running until a random warm spring day last year when i decided to go for a jog and stuck with it i was slow but i enjoyed it regardless i found it to be good for my mental health just as much as my physical health my running was pretty casual and sporadic 1 2x a week until january 1st of this year when i began the nike run club half marathon training plan i stuck to the plan for the most part save for a few weeks in february when i hurt my knee and took it easy i ran usually 4x a week and did some light weight training 2x a week coming into race week i felt very prepared and excited for what lied ahead my husband ran with me and while he did not train as much he has a background in xc from high school and a base level of fitness appropriate for a hm pre race we headed down to wells yesterday afternoon stopping to pick up our bibs and swag branded zip up fleeces i was feeling very anxious most of the day not even because of the race but in general but these feelings dissipated after we went on a walk by the ocean and got dinner we sat around a fire at the inn we were staying at to close out the evening i showered and we got to bed around 8 30 pm but we did not sleep well the bed was comfortable enough but the room was warm and the inn did not have their ac units in yet the mattress and sheets made it so any little movement my husband made i felt and vice versa the minifridge was loud to the point where we ended up unplugging it in the middle of the night we were irritated and nervous we got maybe 5 5 or 6 hours of sleep in total which is less than we normally get most nights we woke up at 4 40 am and i managed to eat a half a blueberry bagel and drink most of an alani nu energy drink i felt energetic despite the poor sleep we arrived at wells elementary school our assigned parking location only for one of the gals directing traffic to say there were few or possibly no spots we tried anyways and found a spot and walked maybe 15 minutes to the school buses that were set to take us to the starting line along the way we noticed how many empty spots were at the other parking options the bus line was incredibly long too the crowd had a nervous incredulous energy as we all wondered how the hell we were going to start the race on time it was maybe 6 20 am at this point and the race was set to begin at 7 00 am and there were hundreds of people behind us we arrived at the starting point after 6 30 am the lines for gear drop and port a potties were long and many people were confused about what lines were for what purpose you could barely hear the announcer it was after 7 am by the time we made it to the front of the port a potty line it also had started downpouring unexpectedly we finally dropped our gear and walked to the starting line around 7 15 am race as you can tell pre race kind of sucked and i worried the whole experience would be like that but the race itself went so well it was a scenic course along the ocean and zig zagging across the marsh several times and the rain passed quickly thank god we ran in a cloudy haze for the first couple miles which dissipated into some sunshine there was some sporadic crowd support throughout the course with more towards the finish line and lots of signs that made me smile the natural beauty of the course was enough to keep me going my husband and i maintained pretty steady splits and did not take a walking break until mile 11 where we walked for about 2 minutes i was very proud of that as i imagined we would take more walk breaks i drank some water and electrolytes from my vest flasks while my husband hit up the many water and gatorade stops along the way we each took in 3 gels at miles 5 8 and 11 respectively once we hit mile 12 we sped things up since we still had some energy in the tank and did our fastest mile split at 9 52 we crossed the finish line hand in hand just like we wanted to post race we almost immediately got on the bus to head back to our car there was a crash on the main road through town so the bus got rerouted and ended up dropping us off closer to the elementary school which was nice we snapped a few photos with our medals stretched and drove back to the inn where we took showers and finished packing before we even left the parking lot i put in an order at a five guys nearby lo and behold there was an accident on the interstate that made a 15 minute drive into a nearly 40 minute one once we arrived the burgers and fries hit the spot at least now we are home headachy and sore but not too worse for wear reflection i am really happy with how the race went despite not ideal circumstances pre race and less than impressive logistics from race team i was pleasantly surprised with how strong and relatively effortless i felt through the bulk of the race this gives me a lot of hope for the future of my running practice and reinforces why i enjoy doing this so much,0.998,positive,0.998,https://www.reddit.com/r/running/comments/1ke2kk3/race_report_maine_coast_half_marathon/,nike,,,,1ke2kk3,running
Nike,reddit,streetwear,2026-02-05 00:00:00+00:00,"Dance Fever

- Hat: Bright Green Carhartt
- Jacket:
- Shirt: Vans
- Pants: Bright Green Nike Woven Shorts 
- Shoes: Nike Air Max Terrascape 90 Midnight Navy 

- IG: UberMikee_",dance fever hat bright green carhartt jacket shirt vans pants bright green nike woven shorts shoes nike air max terrascape 90 midnight navy ig ubermikee,0.7003,positive,0.7003,https://www.reddit.com/r/streetwear/comments/1lbl55z/dance_fever/,nike,,,,1lbl55z,streetwear
Nike,reddit,streetwear,2026-02-06 00:00:00+00:00,"Pink and Black Attack

Top: Jordan Craig | Paradise Football Jersey 

Jeans: Mecenary Jeans 

Kicks: Nike Initiator 

Shades: via TikTok",pink and black attack top jordan craig paradise football jersey jeans mecenary jeans kicks nike initiator shades via tiktok,0.4404,positive,0.4404,https://www.reddit.com/r/streetwear/comments/1ka16j2/pink_and_black_attack/,nike,,,,1ka16j2,streetwear
Nike,reddit,running,2026-02-06 00:00:00+00:00,"Faith Kipyegon Attempts Sub 4 Mile

https://about.nike.com/en/newsroom/releases/breaking4-faith-kipyegon-vs-the-four-minute-mile

Faith Kipyegon is attempting to break the 4-minute mile barrier, something no woman has ever done.

For those who might not know, Kipyegon is the reigning mile world record holder at 4:07.64. She is a three-time Olympic and multiple-time World Champion.

It seems like it’s a setup similar to Breaking2, (which I loved watching) but unfortunately the run won’t count as an official record due to the pacing assistance, but none the less it’s still a huge moment for the sport.

What do y’all think, can she break 4? And if she does, how much closer does it bring us to someone doing it in a record-eligible race?",faith kipyegon attempts sub 4 mile faith kipyegon is attempting to break the 4 minute mile barrier something no woman has ever done for those who might not know kipyegon is the reigning mile world record holder at 4 07 64 she is a three time olympic and multiple time world champion it seems like it s a setup similar to breaking2 which i loved watching but unfortunately the run won t count as an official record due to the pacing assistance but none the less it s still a huge moment for the sport what do y all think can she break 4 and if she does how much closer does it bring us to someone doing it in a record eligible race,0.7789,positive,0.7789,https://www.reddit.com/r/running/comments/1k63kh6/faith_kipyegon_attempts_sub_4_mile/,nike,,,,1k63kh6,running
Nike,reddit,streetwear,2026-02-07 00:00:00+00:00,"Walk in the park

Ocarina: stl ocarina legend of zelda
Rings:kuurth
Watch:torner fu watch
Hat: vintage 7 up corduroy cap
Shirt: Cactus jack complexcon vegas shirt
Pants: basketcase gallery
Socks: nike
Shoes: cpfm flea 2
Flannel: carharrt
Bluey plushie",walk in the park ocarina stl ocarina legend of zelda rings kuurth watch torner fu watch hat vintage 7 up corduroy cap shirt cactus jack complexcon vegas shirt pants basketcase gallery socks nike shoes cpfm flea 2 flannel carharrt bluey plushie,-0.6908,negative,0.6908,https://www.reddit.com/r/streetwear/comments/1jgjf5a/walk_in_the_park/,nike,,,,1jgjf5a,streetwear
Nike,reddit,running,2026-02-08 00:00:00+00:00,"Bunions and runner's toe - a sacrifice?

Hello! I couldn't find posts about these two problems together.

My bunions (hereditary) mean that my feet 'face' in the wrong direction and that my fourth toes end up touching the inside of my shoes. When I start increasing my regular runs towards 10k+ I get blackened toenails on both sides. 

I have shoes that seem well fitting and comfy, Nike Pegasus 37 which are so much comfier than the newer versions. I've run less than 200 miles in them.

Anyone else with this dual problem? Do I just have to accept the toe problem or are there *actually shoes that help with this? Wide toe boxes don't solve it.

While I'm interested in running a half marathon someday, I need to strengthen some muscles and joints as I'm hypermobile and my body doesnt love long runs. Maybe strength is a thing related to this too?",bunions and runner s toe a sacrifice hello i couldn t find posts about these two problems together my bunions hereditary mean that my feet face in the wrong direction and that my fourth toes end up touching the inside of my shoes when i start increasing my regular runs towards 10k i get blackened toenails on both sides i have shoes that seem well fitting and comfy nike pegasus 37 which are so much comfier than the newer versions i ve run less than 200 miles in them anyone else with this dual problem do i just have to accept the toe problem or are there actually shoes that help with this wide toe boxes don t solve it while i m interested in running a half marathon someday i need to strengthen some muscles and joints as i m hypermobile and my body doesnt love long runs maybe strength is a thing related to this too,-0.4238,negative,0.4238,https://www.reddit.com/r/running/comments/1k3f54y/bunions_and_runners_toe_a_sacrifice/,nike,,,,1k3f54y,running
Nike,reddit,streetwear,2026-02-08 00:00:00+00:00,lightweight,lightweight,0.0,neutral,0.0,https://www.reddit.com/r/streetwear/comments/1k2y01c/lightweight/,nike,,,,1k2y01c,streetwear
Nike,reddit,streetwear,2026-02-09 00:00:00+00:00,"Masters Week = Pink + Green

Even though the 🐐 isn’t in the field this week, I tried to inject some Masters ⛳️ inspo into my fits.

Sweater by Nike; trucker (2009) by Levi’s; Dunks, Philly Special, by Nike; pants by Dickies",masters week pink green even though the isn t in the field this week i tried to inject some masters inspo into my fits sweater by nike trucker 2009 by levi s dunks philly special by nike pants by dickies,0.4019,positive,0.4019,https://www.reddit.com/r/streetwear/comments/1jxpuz2/masters_week_pink_green/,nike,,,,1jxpuz2,streetwear
Nike,reddit,running,2026-02-09 00:00:00+00:00,"Tall runners, what clothing brands do you recommend?

Hey everyone, I’m a fairly tall guy and just getting back into running frequently. I’ve been looking for tall length shirts/jackets/pants/leggings (shorts aren’t an issue) and am struggling to find any running brands that sell tall length gear. 

Have any of you had success finding brands that specifically sell tall lengths or just run extremely long that you have experience with? I’ve seen Nike has some options but they are so pricey. 

For reference, I’m about 6’7” and around 220 pounds.

Thank you in advance!",tall runners what clothing brands do you recommend hey everyone i m a fairly tall guy and just getting back into running frequently i ve been looking for tall length shirts jackets pants leggings shorts aren t an issue and am struggling to find any running brands that sell tall length gear have any of you had success finding brands that specifically sell tall lengths or just run extremely long that you have experience with i ve seen nike has some options but they are so pricey for reference i m about 6 7 and around 220 pounds thank you in advance,0.7271,positive,0.7271,https://www.reddit.com/r/running/comments/1ju1756/tall_runners_what_clothing_brands_do_you_recommend/,nike,,,,1ju1756,running
Nike,reddit,streetwear,2026-02-10 00:00:00+00:00,"Garagecore fit plus Doggo

Had my camera and dog at the shop. 

Hat - Carhartt
Jacket - Dickies Eisenhower 
Shirt - Black Milwaukee shirt 
Pants - Duluth corduroy pants
Shoes - Airmax 90 infrared 
Watches - Seiko and Garmin Forerunner 55
Dog - Australian Shepherd Mix
Collar - Petsmart",garagecore fit plus doggo had my camera and dog at the shop hat carhartt jacket dickies eisenhower shirt black milwaukee shirt pants duluth corduroy pants shoes airmax 90 infrared watches seiko and garmin forerunner 55 dog australian shepherd mix collar petsmart,0.3612,positive,0.3612,https://www.reddit.com/r/streetwear/comments/1jmf5mk/garagecore_fit_plus_doggo/,nike,,,,1jmf5mk,streetwear
Nike,reddit,streetwear,2026-02-10 00:00:00+00:00,"Back in tokyo

Lgb jacket 

Lgb shirt

Tornado mart jeans

New rock boots

Kmrii  belt and pouches

Gunda cross chain and crystal necklaces

Nike acg x errolson backpack 

Share sprit bracelet and ring",back in tokyo lgb jacket lgb shirt tornado mart jeans new rock boots kmrii belt and pouches gunda cross chain and crystal necklaces nike acg x errolson backpack share sprit bracelet and ring,0.296,positive,0.296,https://www.reddit.com/r/streetwear/comments/1jlowzw/back_in_tokyo/,nike,,,,1jlowzw,streetwear
Nike,reddit,running,2026-02-11 00:00:00+00:00,"The best of the best “NIKE AIR ZOOM ALPHAFLY NEXT% 2”

Bought this Nike Air Zoom Alpha fly NEXT% 2 because of the great review and the amazing technology condition coming with, finding the right balance between comfort, support, and durability is extremely essential. this Nike Running Shoes promise to deliver on all these fronts, making them a strong contender for runners of all levels. 

After trying this shoe on many surfaces such as road, ground or running track, it worked out really well and I think it's the best running shoe for me. I really love how breathable mesh upper allows for excellent ventilation, keeping feet cool and dry even on long runs which Comfort is a crucial factor for any runner, which I think this shoe perfect for and also coming with the impressive shock absorption, which significantly reduces the impact on joints. This feature makes them a great choice for runners prone to knee pain or shin splints. The insole provides moderate arch support to better save your knee, and this Shoes offer a well-balanced combination of responsiveness and energy return which is amazing quality. The lightweight construction promotes a natural stride, while the responsive cushioning helps maintain momentum, making them a reliable choice for both speed training and endurance running make me absolutely love this shoes!.

During my testing, I wore this Nike Air Zoom Alpha fly NEXT% 2 for a 10K run on mixed terrain. The comfort level remained consistent throughout, with no hotspots or discomfort. The grip was reliable even on wet pavement, and I appreciated the responsive midsole, which helped maintain my pace. Compared to my previous pair of Nike Air Zoom Pegasus 39 Running Shoes, NEXT%2 felt more durable and supportive, particularly on long-distance runs it’s absolutely amazing shoes.

Hope this helps someone on future purchases.",the best of the best nike air zoom alphafly next 2 bought this nike air zoom alpha fly next 2 because of the great review and the amazing technology condition coming with finding the right balance between comfort support and durability is extremely essential this nike running shoes promise to deliver on all these fronts making them a strong contender for runners of all levels after trying this shoe on many surfaces such as road ground or running track it worked out really well and i think it s the best running shoe for me i really love how breathable mesh upper allows for excellent ventilation keeping feet cool and dry even on long runs which comfort is a crucial factor for any runner which i think this shoe perfect for and also coming with the impressive shock absorption which significantly reduces the impact on joints this feature makes them a great choice for runners prone to knee pain or shin splints the insole provides moderate arch support to better save your knee and this shoes offer a well balanced combination of responsiveness and energy return which is amazing quality the lightweight construction promotes a natural stride while the responsive cushioning helps maintain momentum making them a reliable choice for both speed training and endurance running make me absolutely love this shoes during my testing i wore this nike air zoom alpha fly next 2 for a 10k run on mixed terrain the comfort level remained consistent throughout with no hotspots or discomfort the grip was reliable even on wet pavement and i appreciated the responsive midsole which helped maintain my pace compared to my previous pair of nike air zoom pegasus 39 running shoes next 2 felt more durable and supportive particularly on long distance runs it s absolutely amazing shoes hope this helps someone on future purchases,0.9985,positive,0.9985,https://www.reddit.com/r/running/comments/1j8moeg/the_best_of_the_best_nike_air_zoom_alphafly_next_2/,nike,,,,1j8moeg,running
Nike,reddit,streetwear,2026-02-11 00:00:00+00:00,"White and black hurachis

Performed some poetry and spoken word at a show and got mad love on my fit.
Blazer- boutique 
Jeans- Levi's 
Watch- the storm trooper Invicta
Shoes- Nike hurachis",white and black hurachis performed some poetry and spoken word at a show and got mad love on my fit blazer boutique jeans levi s watch the storm trooper invicta shoes nike hurachis,0.5423,positive,0.5423,https://www.reddit.com/r/streetwear/comments/1k9o46i/white_and_black_hurachis/,nike,,,,1k9o46i,streetwear
Nike,reddit,running,2026-02-12 00:00:00+00:00,"Electrolit Half Marathon Race Report - Breaking 1:25

# Race Information



* **Name:** Electrolit Half Marathon
* **Date:** April 27, 2025
* **Distance:** 21.0975 kilometres / 13.1 miles
* **Location:** Mississauga, Ontario, Canada
* **Website:** [https://www.mississaugamarathon.com/](https://www.mississaugamarathon.com/)
* **Strava:** [https://www.strava.com/activities/14301925926/](https://www.strava.com/activities/14301925926/)
* **Time:** 1:25:28 (Official) | 1:24:56 (Chip Time)
* **Nutrition:** 1 x Precision Fuel &amp; Hydration 30g carb 100mg caffeinated gel, 1 x Precision Fuel &amp; Hydration non-caff. 30g carb gel
* **Shoes:** Nike Vaporfly 3



# Goals



|Goal|Description|Completed?|
|:-|:-|:-|
|A|Sub 1:30|*Yes*|
|B|Sub 1:25|**YES**|
|C|Don’t throw up|*Yep*|
|D|Don’t get injured|*Kind of*|

# Splits



|Kilometre|Time|AVG HR|
|:-|:-|:-|
|1|4:02|172 BPM|
|2|4:06|179 BPM|
|3|3:55|179 BPM|
|4|4:01|179 BPM|
|5|4:01|177 BPM|
|6|3:58|171 BPM|
|7|4:00|174 BPM|
|8|3:57|177 BPM|
|9|3:55|176 BPM|
|10|3:59|181 BPM|
|11|3:53|176 BPM|
|12|4:03|177 BPM|
|13|4:03|184 BPM|
|14|3:58|176 BPM|
|15|4:18|183 BPM|
|16|4:07|187 BPM|
|17|3:58|184 BPM|
|18|3:59|182 BPM|
|19|3:59|189 BPM|
|20|4:02|187 BPM|
|21|4:00|187 BPM|
|0.17|0:39|188 BPM|



HR Data from Polar Verity Sense

AVG Cadence: 196 SPM



# About Me



I'm 30M 170 cm tall and weigh about 58.4 kg (or 5'7"" and 128 lbs.) I've been running for about 5 years now. My 5K PB going in is 18:30, 10K was 40:33, and full marathon 3:38:43. The 10k time wasn’t exactly an all-in effort and set during a tempo run. The full marathon was run in some pretty tough conditions and paced a little too conservatively.



The goal for this year is to get me closer to that elusive sub 3-hour marathon time, and eventually get a shot at Boston. This half marathon was a check up of sorts to see how much progress I could make, explore what training works for me, and to run a race where I felt like I ran to my full potential.



# Training



I signed up on New Year's Day. I was reticent of getting ahead of myself, as I had just gotten back to consistent training in December and the back half of last year was marred by a litany of issues. After dealing with an overuse injury from my full marathon last April, I was largely sidelined for May and had to see a PT. Thankfully, this was a very good learning experience, and I found out I had fantastically weak hip flexors. It makes sense, I am seated for most of my day. After getting some exercises prescribed, I was right as rain and even PB’d a 10K a couple months later. However, travel and illness would hound me from October right up to the start of December.

&amp;nbsp;

In terms of deciding a goal pace, I threw my 5K PB into the VDOT calculator. It spat out a pace of 4:01 / km ( 6:28 / mi.) A mixture of bemusement and shock took over. I knew what that pace felt like and thought “ain’t no way.” But I figured if the goal pace was too hard, I could always just dial it back in training. 4:10 / km (6:42 / mi) or even 4:15 / km (6:50 / mi) were still more than respectable paces.

&amp;nbsp;

For this training block, I decided that my 85 km / week just was not going to cut it for my goals. Not having the consistent mileage to backup my pace would likely see the floor being kicked out from under me about 15-ish km in or so. So, I went down the rabbit hole and tried to see what it’d take to get there. What I arrived at was getting my consistent mileage up and adding in tempo segments to my long runs. I’d go from 85 km (52 mi) to over 100 km (62 mi.) I would ramp this up to 125 km (77 mi) as a peak week over the course of 12 weeks. For the exact structure, you can find my set-up in this [comment right here](https://www.reddit.com/r/running/comments/1jfgg51/official_qa_for_thursday_march_20_2025/misu3nu/).

&amp;nbsp;

There was one semi-serious hiccup with training. I started to feel a bit tight in my left IT band about three weeks in. I immediately pulled back and took an impromptu de-load week. I made a mistake with my plan. I had scaled up the mileage, but not the strength work needed. So, I threw in an additional hip flexor routine (about 8 mins of work) 2-3 times a week, and that took care of it.

&amp;nbsp;

Aside from this, the other obstacle was the weather. I knew if I wanted to go the distance, I’d need to get outside as much as I could. Race conditions would be relatively cold (5 - 10C / 41F - 50F,) and getting used to breathing in cold air would be a necessity. Only, this would be one of the snowiest winters in recent memory. Shoveling really took it out of me on some days, since it was a full body cardio and strength workout to clear the driveway. The snow eventually accumulated to some 2 metres (6 feet) in my yard. I’m definitely investing in a snowblower next year.

&amp;nbsp;

Running through the snow was a nice change of pace, as it felt more like a trail run than anything, but it also meant I wasn’t hitting my target paces easily until March. When I was stuck inside, my treadmill was limited to 8.4 mph / 13.52 kph or 7:09/mi / 4:26 /km. As a compromise I would hike the incline up to about 5-6% to compensate for those speed days.

&amp;nbsp;

One key thing I had to learn how to do was to take my gels on at a faster running pace. My marathon pace was a positively leisurely 5:08 / km (8:16 / mi ) pace. Which was incredibly easy to take on gels at. So much so that I could basically shotgun a GU in seconds. At 4:01 / km (6:42 / mi) though, that’d be more difficult. I figured out my strategy eventually. I’d open the pack, sip some, swallow and then catch my breath. Repeating until I downed the whole thing. My gel of choice, Precision Fuel &amp; Hydration not only had a lovely peach flavour, but I found it went down really easy even without water. Only thing… the caffeinated version doesn’t taste like this,  and instead tastes like jet fuel.

&amp;nbsp;

In terms of key workouts, there was one I really wanted to nail about a month out from the race. A 3 x 5 km at race pace with 1 km floats in between. [You can see the detailed breakdown here](https://www.reddit.com/r/running/comments/1jh00zm/achievements_for_saturday_march_22_2025/mj60npl/), but in short, I smashed it, averaging 3:57 / km on those 5 km segments and against some awful wind at times. I felt pretty confident about being able to pull out 4:01 / km pace, assuming the winds weren’t totally brutal.

&amp;nbsp;

Which brings me into the wind. Holy smokes, I don’t think I’ve ever been so beaten up during a block. Towards the last few weeks of training and during the taper, 45 kph winds would be a consistent theme. Dealing with them was an exercise in frustration, even on a track, where it’d be a tailwind half the time. I knew I couldn’t take the easy way out and just run on the treadmill. What would happen if the race was windy?

&amp;nbsp;

# Pre-race
I decided on a 14 day taper for this race. The mileage reductions for week 1 would be about 85% of peak, and the following week would be down to 60% of peak. The key for this process was to maintain muscle tension. I had made this mistake for my full marathon by removing most if not all speedwork, and my legs definitely didn’t feel poppy on race day. For this taper, I was religious about keeping strides in, even for the final week of the taper. In addition to that, my final session would feature 3 x 1600 m just a little past race pace to remind my legs how to run fast for a sustained period.

&amp;nbsp;

4 days out I decided to book a massage. This RMT was referred to me by my PT. As it so happened, he used to be a marathon runner as well, and qualified for Boston multiple times. I rarely have anyone to talk to about running, but to be able to speak to a veteran runner, that was an absolute treat. We discussed what I was going to be attempting and he decided that he wouldn't brutalize my legs too much. The main area of concern though was my lower back. That will definitely need fixing in the days and weeks to come.

&amp;nbsp;

2 days out from the race, I started to carbload. I had tried one using 10g of carb per kilo of bodyweight in training and I learned some really good lessons from that. First… don’t take on carbs that have a lot of fat or protein. It takes a while for your gut to break them down and that’s not going to be a good time when you have to pile on more in a few hours time. Second, get most of these early in the day. Bigger breakfast, big lunch, reasonable dinner. Third, that 10g per kg of body weight load did not feel great for me, so I went down to 8.5g / kilo instead.

&amp;nbsp;

My shakeout run the day before had some very nasty 30 kph (18mph) winds with 60 kph (37mph) gusts. The race itself would be similar to this, but milder so I decided to do some last minute mental training. I accelerated past race pace against this wind. It was tough, but mentally it was important for me to do this. I needed to know what “too hard” felt like.

&amp;nbsp;

The night before, I never sleep well, that’s what the sleep 2 nights out is for. I couldn’t help but look at the weather. 19 kph (11 mph) with 40 kph (24 mph) gusts wasn’t bad, but I couldn’t help but feel like this would be a tough race. And boy, was it.



# Race



I woke up at 4:00 AM and had my usual breakfast, 2 PB&amp;J bagels and about 380 mL of black coffee. No GI issues, so I was feeling good about running. I arrived about 40 minutes before start time. My warm up was an uneventful 2.9 km in the parking lot, with some 100 m strides sprinkled in to get the nervous energy out, and to prime my legs for what was to come. With about 15 minutes to go, I downed a non-caffeinated gel and made my way to my corral. Unlike last year, this time I was in the right place and not too far back. I had packed a space blanket in case it’d be cold, but with the sun out and so many people around, it wasn’t a concern at all. I guess I have a piece of a Chuck McGill cosplay now? The tongue of my right shoe was bothering me so I adjusted it. Remember this for later.

&amp;nbsp;

My strategy going in was pretty simple. Do the pace and stick to it. Don’t try to bank time. Don’t sprint down any hills, coast, keep your strides reasonable, and save that energy for the uphills. Also, keep an eye on the pace. I know I have a bad habit of accidentally accelerating when excited or annoyed (looking at you lane 1 walkers at my local track.) There were 4 main hills in the back half of the race that I planned around. I had taken to giving them nicknames to make them easy to remember.

&amp;nbsp;

Conditions for the day were Sunny, 5C (41f) slowly rising to about 12C (53f,) winds coming in from the northwest at 17 kph (10.5mph,) humidity at 60 %.

&amp;nbsp;

My kit for the day was relatively standard: hat, sunglasses, sweatband, Shokz, singlet, arm sleeves, fleece gloves, 5” shorts, heart rate band, and Nike Vaporfly 3s.

&amp;nbsp;

A couple of special additions made its way into my kit. The first, a small Canadian flag temporary tattoo on my left arm. The one closest to the heart. I won’t get too much into the reasons why this was applied, but to keep it short, I’ve been feeling a bit more patriotic as of late. The second, my socks. I had initially decided on no-show socks, but after reading about what happened in Vancouver, I decided to go for crew length blue and green, Vancouver’s colours.

&amp;nbsp;

# 0 – 3 km “Go For Broke”
At 07:30 sharp, we were off. Going off my experience last year, I was determined to not get caught in the crowd. It was difficult once again, since it was a mixed start with marathoners and half marathoners mingled. This wasn’t the worst, since it kept me going out too fast for too long. I had Jack Daniels’ words burning in my mind, and I wasn’t keen on missing out on my goals due to some nerves in the first mile. The adrenaline was incredible, knowing that this was what the past 12 weeks was for was really something else.

The first three kilometres was a loop around Mississauga’s downtown. We’d be somewhat shielded from the windy conditions, but there were still sections where we got battered. I would just need to keep pace and from there on, Burnhamthrope road would be much more open and I could run my own race.



# 3 – 7 km Run ~~With~~ Against the Wind
Once I turned out onto Burnhamthrope Road, I knew this was going to be the actual start of the race. The wind was coming from the northwest as I was running southwest, so it was a bit of a headwind, but this section would be entirely downhill offsetting that disadvantage. Still, it was tough going. Being as short as I am, I started using some groups that were going about the same pace as me to block some of the wind. At times I found I needed to slow down. I was going well above my target pace and clawing at what would be a 10K race pace. Right after the 4 km mark I would pop my second and last gel. This time with 100mg of caffeine. This packet would save me so much more grief than I could ever describe. The little perk up kept me laser focused and the carbs would play a key role in the later stages.



# 7 – 11 km Art Class is in Session
The downhill section of the course was effectively over. Elevation changes would be the order of the day as we proceeded through the University of Toronto’s Mississauga campus. We got a mild series of mild inclines and declines, a tease of what was to come. I saw an aid station coming up just after the 9k mark and decided that this would be my only stop. I grabbed a cup, sipped some, and promptly spilled some on myself, streaking my bib with the lovely red fruit punch flavour sponsored electrolyte beverage. What a happy accident.



# 11 km – 14km That Hill Ain’t Right
From here on, the hills continued into the forested suburbs of Mississauga road. Just before the 12 km marker, the first hill hit me. It was earlier than I anticipated, at least according to the course elevation chart. To keep things fun, I gave these hills names in training. The first one I called Bobby. Bobby hill was meant to be a 2.7% grade for 700m. NOPE. Turns out he was 4.6% grade for about 600m. Dismayed, I willed my legs to keep going.

13 km was the turn-around for this race. The Mississauga half is a “there and back again” type of course. I’m used to doing hairpin turns in my neighbourhood, so that wasn’t too bad. But this is when the race got absolutely hellish. We were now facing northwest, running directly against wind gusts of 40 kph (24 mph) and with more hills to come.

The second hill was Peggy at 14 km. Peggy hill was meant to be 2.6% for 1.270 km. Well, kind of, but not really. She averaged out to be 1.5% over 2.5 km. Less grade, but more distance. It was here I had my slowest split. 4:15 / km. Going uphill that long really tested me like I’ve never been tested before. Especially in the wind I had to hang in there and just know that I would have one more “big” one then a much more mild grade coming up. Only, there’d be another spanner in the works.


# 14 km – Murphy’s Law


Just after passing the 14 km mark, Murphy’s law kicked in. My right shoe lace had come undone. I swore viciously, this had never happened during a race or time trial before. If anyone around me during that is reading this, I’m so sorry you had to hear that. I had no choice but to pull over and re-tie it. My mind flashed back to the corral. Like an anime moment it became immediately clear what happened. It wasn't just the tongue. It was the knot being slightly too tight. My flow was broken up, and for the first time feel my muscle fatigue. I went down to a knee faster than I thought I would and skinned my pinky and ring finger knuckles a bit, drawing some blood on the sidewalk. With that mishap taken care of, and some more red on my singlet, I soldiered on.



# 15km – 21.0975 km – The Gloves Are Off

It was here I had to make a decision. I had taken my gloves off to tie my shoes and stowed them in my pocket for later use, but if I wanted to make it, I couldn’t have extra fabric on me. The areas near my pockets were warming up. So, at the 15 km mark aid station, I threw out my gloves. I would’ve liked to avoid this, but I was really in the trenches at this point. In hindsight, I really didn’t need them in the first place. The sun made things plenty warm.

&amp;nbsp;

I can’t remember if it was here or earlier, but I was breathing pretty hard by now. In an effort to catch back up, the hills of 15-16km really were getting the better of me. The better of everyone really. Especially since we were running straight into the head winds now. A fellow runner noticed how hard I was breathing and shouted out some encouragement. I returned the favour best I could. We were all in this hilly, windy hell called the Electrolit Half Marathon, and we were going to finish it.

&amp;nbsp;

Just after the 17 km marker was the steepest hill of the lot. Cotton. A short distance to be sure, but Cotton hill would be pretty nasty. According to the elevation chart, it was 12.67% for 100 m. Nope. Turns out it was about 6.7% for 400m. To be honest, I'm not sure which would've been worse. But I didn’t have time to think about it, because the final hill was up. Hank hill. Right after Cotton. An absolutely mild 1.8% for 1.4 km. This one was more or less accurate to the elevation chart, so I was relieved that some of the intel was correct. By now I was heading northeast. The wind I was running against was now more of a crosswind. Not exactly having the wind at my back, but given the circumstances, I welcomed it.

&amp;nbsp;

After passing the 18 km marker, this is where things started to really hurt. A side stitch started to wreak havoc on me. My tired legs were still good, likely on account of the adequate carb intake, but the stitch was demanding attention. I haven’t had a side stitch in years. Whether it was being thrown off my rhythm by the shoelace, or me pushing so hard to get back on pace against hills and wind, it didn’t matter. I had to fix this and fast. I could feel my pace slowing. I desperately tried to get control of my breath again, but to no avail. Reluctantly, I shut my mouth and started inhaling through my nose, and out through my mouth. I knew this would fix it, but at the cost of some pace. The stitch wasn’t gone entirely, but it was enough to get me through. I got myself back up to pace. I knew I just had to hold on a little longer. I was back in the shade of Mississauga’s condo towers now, and felt immensely better.

&amp;nbsp;

I passed the 19km marker and felt the terrain even out. Sweet relief. I rounded the final corner and saw the 21 km marker. This was it. I glanced at the clock and it read 1:25. I knew that my chip time must be in the 1:24 range, so I put everything I had left into the final kick, hitting my 5K PB pace. Little did I know, that was the difference maker.



# Post-race



Upon finishing, I exchanged pleasantries with a few fellow runners. We were pace buddies at one point or another out there. We all congratulated one another, but more importantly we cursed the wind and the hills for pushing us to our limits.

It wasn’t until I got back to the car that I managed to pull up the chip time results and the actual elevation data. 1:24:56 was the final time. Given the wind, the hills, and the shoelace thing, I’m absolutely delighted with this time. I have no regrets about the race that I ran, I left everything out there on the roads, and that's all I really wanted for today.

I had my fair share of doubts going into this race. I knew the VDOT calculator was relatively accurate, but only if the training was dialed in correctly. I would worry throughout training I wasn’t doing enough speed work, or that my taper was too light, but I kept reminding myself “do you really think you know better than the dude who ran a 2:16 marathon, or the gal who did 2:25?” Trusting the process was something I had to learn to do and it’s paid off here. Now the question looming large in my mind is… can I extend this speed out and hit sub 3?

&amp;nbsp;

&amp;nbsp;

Made with a new [race report generator](http://sfdavis.com/racereports/) created by u/herumph.",electrolit half marathon race report breaking 1 25 race information name electrolit half marathon date april 27 2025 distance 21 0975 kilometres 13 1 miles location mississauga ontario canada website strava time 1 25 28 official 1 24 56 chip time nutrition 1 x precision fuel amp hydration 30g carb 100mg caffeinated gel 1 x precision fuel amp hydration non caff 30g carb gel shoes nike vaporfly 3 goals goal description completed a sub 1 30 yes b sub 1 25 yes c don t throw up yep d don t get injured kind of splits kilometre time avg hr 1 4 02 172 bpm 2 4 06 179 bpm 3 3 55 179 bpm 4 4 01 179 bpm 5 4 01 177 bpm 6 3 58 171 bpm 7 4 00 174 bpm 8 3 57 177 bpm 9 3 55 176 bpm 10 3 59 181 bpm 11 3 53 176 bpm 12 4 03 177 bpm 13 4 03 184 bpm 14 3 58 176 bpm 15 4 18 183 bpm 16 4 07 187 bpm 17 3 58 184 bpm 18 3 59 182 bpm 19 3 59 189 bpm 20 4 02 187 bpm 21 4 00 187 bpm 0 17 0 39 188 bpm hr data from polar verity sense avg cadence 196 spm about me i m 30m 170 cm tall and weigh about 58 4 kg or 5 7 and 128 lbs i ve been running for about 5 years now my 5k pb going in is 18 30 10k was 40 33 and full marathon 3 38 43 the 10k time wasn t exactly an all in effort and set during a tempo run the full marathon was run in some pretty tough conditions and paced a little too conservatively the goal for this year is to get me closer to that elusive sub 3 hour marathon time and eventually get a shot at boston this half marathon was a check up of sorts to see how much progress i could make explore what training works for me and to run a race where i felt like i ran to my full potential training i signed up on new year s day i was reticent of getting ahead of myself as i had just gotten back to consistent training in december and the back half of last year was marred by a litany of issues after dealing with an overuse injury from my full marathon last april i was largely sidelined for may and had to see a pt thankfully this was a very good learning experience and i found out i had fantastically weak hip flexors it makes sense i am seated for most of my day after getting some exercises prescribed i was right as rain and even pb d a 10k a couple months later however travel and illness would hound me from october right up to the start of december amp nbsp in terms of deciding a goal pace i threw my 5k pb into the vdot calculator it spat out a pace of 4 01 km 6 28 mi a mixture of bemusement and shock took over i knew what that pace felt like and thought ain t no way but i figured if the goal pace was too hard i could always just dial it back in training 4 10 km 6 42 mi or even 4 15 km 6 50 mi were still more than respectable paces amp nbsp for this training block i decided that my 85 km week just was not going to cut it for my goals not having the consistent mileage to backup my pace would likely see the floor being kicked out from under me about 15 ish km in or so so i went down the rabbit hole and tried to see what it d take to get there what i arrived at was getting my consistent mileage up and adding in tempo segments to my long runs i d go from 85 km 52 mi to over 100 km 62 mi i would ramp this up to 125 km 77 mi as a peak week over the course of 12 weeks for the exact structure you can find my set up in this comment right here amp nbsp there was one semi serious hiccup with training i started to feel a bit tight in my left it band about three weeks in i immediately pulled back and took an impromptu de load week i made a mistake with my plan i had scaled up the mileage but not the strength work needed so i threw in an additional hip flexor routine about 8 mins of work 2 3 times a week and that took care of it amp nbsp aside from this the other obstacle was the weather i knew if i wanted to go the distance i d need to get outside as much as i could race conditions would be relatively cold 5 10c 41f 50f and getting used to breathing in cold air would be a necessity only this would be one of the snowiest winters in recent memory shoveling really took it out of me on some days since it was a full body cardio and strength workout to clear the driveway the snow eventually accumulated to some 2 metres 6 feet in my yard i m definitely investing in a snowblower next year amp nbsp running through the snow was a nice change of pace as it felt more like a trail run than anything but it also meant i wasn t hitting my target paces easily until march when i was stuck inside my treadmill was limited to 8 4 mph 13 52 kph or 7 09 mi 4 26 km as a compromise i would hike the incline up to about 5 6 to compensate for those speed days amp nbsp one key thing i had to learn how to do was to take my gels on at a faster running pace my marathon pace was a positively leisurely 5 08 km 8 16 mi pace which was incredibly easy to take on gels at so much so that i could basically shotgun a gu in seconds at 4 01 km 6 42 mi though that d be more difficult i figured out my strategy eventually i d open the pack sip some swallow and then catch my breath repeating until i downed the whole thing my gel of choice precision fuel amp hydration not only had a lovely peach flavour but i found it went down really easy even without water only thing the caffeinated version doesn t taste like this and instead tastes like jet fuel amp nbsp in terms of key workouts there was one i really wanted to nail about a month out from the race a 3 x 5 km at race pace with 1 km floats in between you can see the detailed breakdown here but in short i smashed it averaging 3 57 km on those 5 km segments and against some awful wind at times i felt pretty confident about being able to pull out 4 01 km pace assuming the winds weren t totally brutal amp nbsp which brings me into the wind holy smokes i don t think i ve ever been so beaten up during a block towards the last few weeks of training and during the taper 45 kph winds would be a consistent theme dealing with them was an exercise in frustration even on a track where it d be a tailwind half the time i knew i couldn t take the easy way out and just run on the treadmill what would happen if the race was windy amp nbsp pre race i decided on a 14 day taper for this race the mileage reductions for week 1 would be about 85 of peak and the following week would be down to 60 of peak the key for this process was to maintain muscle tension i had made this mistake for my full marathon by removing most if not all speedwork and my legs definitely didn t feel poppy on race day for this taper i was religious about keeping strides in even for the final week of the taper in addition to that my final session would feature 3 x 1600 m just a little past race pace to remind my legs how to run fast for a sustained period amp nbsp 4 days out i decided to book a massage this rmt was referred to me by my pt as it so happened he used to be a marathon runner as well and qualified for boston multiple times i rarely have anyone to talk to about running but to be able to speak to a veteran runner that was an absolute treat we discussed what i was going to be attempting and he decided that he wouldn t brutalize my legs too much the main area of concern though was my lower back that will definitely need fixing in the days and weeks to come amp nbsp 2 days out from the race i started to carbload i had tried one using 10g of carb per kilo of bodyweight in training and i learned some really good lessons from that first don t take on carbs that have a lot of fat or protein it takes a while for your gut to break them down and that s not going to be a good time when you have to pile on more in a few hours time second get most of these early in the day bigger breakfast big lunch reasonable dinner third that 10g per kg of body weight load did not feel great for me so i went down to 8 5g kilo instead amp nbsp my shakeout run the day before had some very nasty 30 kph 18mph winds with 60 kph 37mph gusts the race itself would be similar to this but milder so i decided to do some last minute mental training i accelerated past race pace against this wind it was tough but mentally it was important for me to do this i needed to know what too hard felt like amp nbsp the night before i never sleep well that s what the sleep 2 nights out is for i couldn t help but look at the weather 19 kph 11 mph with 40 kph 24 mph gusts wasn t bad but i couldn t help but feel like this would be a tough race and boy was it race i woke up at 4 00 am and had my usual breakfast 2 pb amp j bagels and about 380 ml of black coffee no gi issues so i was feeling good about running i arrived about 40 minutes before start time my warm up was an uneventful 2 9 km in the parking lot with some 100 m strides sprinkled in to get the nervous energy out and to prime my legs for what was to come with about 15 minutes to go i downed a non caffeinated gel and made my way to my corral unlike last year this time i was in the right place and not too far back i had packed a space blanket in case it d be cold but with the sun out and so many people around it wasn t a concern at all i guess i have a piece of a chuck mcgill cosplay now the tongue of my right shoe was bothering me so i adjusted it remember this for later amp nbsp my strategy going in was pretty simple do the pace and stick to it don t try to bank time don t sprint down any hills coast keep your strides reasonable and save that energy for the uphills also keep an eye on the pace i know i have a bad habit of accidentally accelerating when excited or annoyed looking at you lane 1 walkers at my local track there were 4 main hills in the back half of the race that i planned around i had taken to giving them nicknames to make them easy to remember amp nbsp conditions for the day were sunny 5c 41f slowly rising to about 12c 53f winds coming in from the northwest at 17 kph 10 5mph humidity at 60 amp nbsp my kit for the day was relatively standard hat sunglasses sweatband shokz singlet arm sleeves fleece gloves 5 shorts heart rate band and nike vaporfly 3s amp nbsp a couple of special additions made its way into my kit the first a small canadian flag temporary tattoo on my left arm the one closest to the heart i won t get too much into the reasons why this was applied but to keep it short i ve been feeling a bit more patriotic as of late the second my socks i had initially decided on no show socks but after reading about what happened in vancouver i decided to go for crew length blue and green vancouver s colours amp nbsp 0 3 km go for broke at 07 30 sharp we were off going off my experience last year i was determined to not get caught in the crowd it was difficult once again since it was a mixed start with marathoners and half marathoners mingled this wasn t the worst since it kept me going out too fast for too long i had jack daniels words burning in my mind and i wasn t keen on missing out on my goals due to some nerves in the first mile the adrenaline was incredible knowing that this was what the past 12 weeks was for was really something else the first three kilometres was a loop around mississauga s downtown we d be somewhat shielded from the windy conditions but there were still sections where we got battered i would just need to keep pace and from there on burnhamthrope road would be much more open and i could run my own race 3 7 km run with against the wind once i turned out onto burnhamthrope road i knew this was going to be the actual start of the race the wind was coming from the northwest as i was running southwest so it was a bit of a headwind but this section would be entirely downhill offsetting that disadvantage still it was tough going being as short as i am i started using some groups that were going about the same pace as me to block some of the wind at times i found i needed to slow down i was going well above my target pace and clawing at what would be a 10k race pace right after the 4 km mark i would pop my second and last gel this time with 100mg of caffeine this packet would save me so much more grief than i could ever describe the little perk up kept me laser focused and the carbs would play a key role in the later stages 7 11 km art class is in session the downhill section of the course was effectively over elevation changes would be the order of the day as we proceeded through the university of toronto s mississauga campus we got a mild series of mild inclines and declines a tease of what was to come i saw an aid station coming up just after the 9k mark and decided that this would be my only stop i grabbed a cup sipped some and promptly spilled some on myself streaking my bib with the lovely red fruit punch flavour sponsored electrolyte beverage what a happy accident 11 km 14km that hill ain t right from here on the hills continued into the forested suburbs of mississauga road just before the 12 km marker the first hill hit me it was earlier than i anticipated at least according to the course elevation chart to keep things fun i gave these hills names in training the first one i called bobby bobby hill was meant to be a 2 7 grade for 700m nope turns out he was 4 6 grade for about 600m dismayed i willed my legs to keep going 13 km was the turn around for this race the mississauga half is a there and back again type of course i m used to doing hairpin turns in my neighbourhood so that wasn t too bad but this is when the race got absolutely hellish we were now facing northwest running directly against wind gusts of 40 kph 24 mph and with more hills to come the second hill was peggy at 14 km peggy hill was meant to be 2 6 for 1 270 km well kind of but not really she averaged out to be 1 5 over 2 5 km less grade but more distance it was here i had my slowest split 4 15 km going uphill that long really tested me like i ve never been tested before especially in the wind i had to hang in there and just know that i would have one more big one then a much more mild grade coming up only there d be another spanner in the works 14 km murphy s law just after passing the 14 km mark murphy s law kicked in my right shoe lace had come undone i swore viciously this had never happened during a race or time trial before if anyone around me during that is reading this i m so sorry you had to hear that i had no choice but to pull over and re tie it my mind flashed back to the corral like an anime moment it became immediately clear what happened it wasn t just the tongue it was the knot being slightly too tight my flow was broken up and for the first time feel my muscle fatigue i went down to a knee faster than i thought i would and skinned my pinky and ring finger knuckles a bit drawing some blood on the sidewalk with that mishap taken care of and some more red on my singlet i soldiered on 15km 21 0975 km the gloves are off it was here i had to make a decision i had taken my gloves off to tie my shoes and stowed them in my pocket for later use but if i wanted to make it i couldn t have extra fabric on me the areas near my pockets were warming up so at the 15 km mark aid station i threw out my gloves i would ve liked to avoid this but i was really in the trenches at this point in hindsight i really didn t need them in the first place the sun made things plenty warm amp nbsp i can t remember if it was here or earlier but i was breathing pretty hard by now in an effort to catch back up the hills of 15 16km really were getting the better of me the better of everyone really especially since we were running straight into the head winds now a fellow runner noticed how hard i was breathing and shouted out some encouragement i returned the favour best i could we were all in this hilly windy hell called the electrolit half marathon and we were going to finish it amp nbsp just after the 17 km marker was the steepest hill of the lot cotton a short distance to be sure but cotton hill would be pretty nasty according to the elevation chart it was 12 67 for 100 m nope turns out it was about 6 7 for 400m to be honest i m not sure which would ve been worse but i didn t have time to think about it because the final hill was up hank hill right after cotton an absolutely mild 1 8 for 1 4 km this one was more or less accurate to the elevation chart so i was relieved that some of the intel was correct by now i was heading northeast the wind i was running against was now more of a crosswind not exactly having the wind at my back but given the circumstances i welcomed it amp nbsp after passing the 18 km marker this is where things started to really hurt a side stitch started to wreak havoc on me my tired legs were still good likely on account of the adequate carb intake but the stitch was demanding attention i haven t had a side stitch in years whether it was being thrown off my rhythm by the shoelace or me pushing so hard to get back on pace against hills and wind it didn t matter i had to fix this and fast i could feel my pace slowing i desperately tried to get control of my breath again but to no avail reluctantly i shut my mouth and started inhaling through my nose and out through my mouth i knew this would fix it but at the cost of some pace the stitch wasn t gone entirely but it was enough to get me through i got myself back up to pace i knew i just had to hold on a little longer i was back in the shade of mississauga s condo towers now and felt immensely better amp nbsp i passed the 19km marker and felt the terrain even out sweet relief i rounded the final corner and saw the 21 km marker this was it i glanced at the clock and it read 1 25 i knew that my chip time must be in the 1 24 range so i put everything i had left into the final kick hitting my 5k pb pace little did i know that was the difference maker post race upon finishing i exchanged pleasantries with a few fellow runners we were pace buddies at one point or another out there we all congratulated one another but more importantly we cursed the wind and the hills for pushing us to our limits it wasn t until i got back to the car that i managed to pull up the chip time results and the actual elevation data 1 24 56 was the final time given the wind the hills and the shoelace thing i m absolutely delighted with this time i have no regrets about the race that i ran i left everything out there on the roads and that s all i really wanted for today i had my fair share of doubts going into this race i knew the vdot calculator was relatively accurate but only if the training was dialed in correctly i would worry throughout training i wasn t doing enough speed work or that my taper was too light but i kept reminding myself do you really think you know better than the dude who ran a 2 16 marathon or the gal who did 2 25 trusting the process was something i had to learn to do and it s paid off here now the question looming large in my mind is can i extend this speed out and hit sub 3 amp nbsp amp nbsp made with a new race report generator created by u herumph,0.9988,positive,0.9988,https://www.reddit.com/r/running/comments/1ka06uk/electrolit_half_marathon_race_report_breaking_125/,nike,,,,1ka06uk,running
Nike,reddit,streetwear,2026-02-13 00:00:00+00:00,"My issue with streetwear and hypebeast culture.

I want to start off by saying that I am a fan of streetwear, and I might go as far as to consider myself a hypebeast. I am able to acknowledge that high price tags on pieces by brands like supreme or bape are often justified, as they represent an intersection between clothing, art, and collectibles. High prices are most definitely an issue within the streetwear community, however they help to provide the unique feeling of wearing something that you know not many others own. The main issue I have is the restrictiveness many people have in what they hype. It feels almost boring at this point. The main clothing brands are Supreme, Bape, Comme des garcons, stussy, off-white, OVO and palace. For sneakers, you have Nikes, Jordans, Yeezys, Timberlands, Vans and sometimes Converse. Looking for an artist to collaborate with? It's almost always Kaws, Damien Hirst, George Condo, Ralph Steadman or Takashi Murakami. Occasionally they'll reanimate the corpses of Basquiat, Haring or Warhol. To me, it just feels like popular streetwear and hypebeast culture is one big circlejerk, and as cool as some of the pieces turn out, I feel like there is some flavor that's been lacking in the past few years. Of course, now everyone and their mom has a streetwear startup, and everyones trying to be that new original thing. In my opinion, it seems like people are just trying to get in the ""ground floor"" of these newer brands rather than actually liking their stuff. Like, lets be honest, Fear of God's Essentials is potentially the least interesting clothing brand I have ever laid my eyes on, and Denim tears is incredibly ugly in my opinion. I'm curious to hear all of your thoughts.",my issue with streetwear and hypebeast culture i want to start off by saying that i am a fan of streetwear and i might go as far as to consider myself a hypebeast i am able to acknowledge that high price tags on pieces by brands like supreme or bape are often justified as they represent an intersection between clothing art and collectibles high prices are most definitely an issue within the streetwear community however they help to provide the unique feeling of wearing something that you know not many others own the main issue i have is the restrictiveness many people have in what they hype it feels almost boring at this point the main clothing brands are supreme bape comme des garcons stussy off white ovo and palace for sneakers you have nikes jordans yeezys timberlands vans and sometimes converse looking for an artist to collaborate with it s almost always kaws damien hirst george condo ralph steadman or takashi murakami occasionally they ll reanimate the corpses of basquiat haring or warhol to me it just feels like popular streetwear and hypebeast culture is one big circlejerk and as cool as some of the pieces turn out i feel like there is some flavor that s been lacking in the past few years of course now everyone and their mom has a streetwear startup and everyones trying to be that new original thing in my opinion it seems like people are just trying to get in the ground floor of these newer brands rather than actually liking their stuff like lets be honest fear of god s essentials is potentially the least interesting clothing brand i have ever laid my eyes on and denim tears is incredibly ugly in my opinion i m curious to hear all of your thoughts,0.9848,positive,0.9848,https://www.reddit.com/r/streetwear/comments/1iz784a/my_issue_with_streetwear_and_hypebeast_culture/,nike,,,,1iz784a,streetwear
Nike,reddit,streetwear,2026-02-13 00:00:00+00:00,"Visiting the graffiti museum 😎

Outfit breakdown
•One piece oversized shirt
•Leekwoods bubble pants
•Nike dunk plums",visiting the graffiti museum outfit breakdown one piece oversized shirt leekwoods bubble pants nike dunk plums,0.4588,positive,0.4588,https://www.reddit.com/r/streetwear/comments/1j08ed3/visiting_the_graffiti_museum/,nike,,,,1j08ed3,streetwear
Nike,reddit,running,2026-02-14 00:00:00+00:00,"Race Report: Austin Marathon 2025

**Race Information**

* **Name:** Austin Marathon
* **Date:** February 16, 2025
* **Distance:** 26.2 miles
* **Location:** Austin, TX
* **Time:** 2:40:39
* **Strava:** [https://www.strava.com/activities/13644857623](https://www.strava.com/activities/13644857623)
* **Gear:** Nike Alphafly 3, Coros Pace 3 + Pod

|Goal|Description|Completed?|
|:-|:-|:-|
|A|2:39|*No*|
|B|2:44 (previous PB)|*Yes*|

# Splits

|Mile|Time|
|:-|:-|
|1|6:02|
|2|6:10|
|3|5:59|
|4|6:03|
|5|5:53|
|6|5:51|
|7|5:49|
|8|6:00|
|9|6:26|
|10|6:12|
|11|6:09|
|12|6:06|
|13|6:18|
|14|6:09|
|15|6:06|
|16|6:04|
|17|5:59|
|18|5:57|
|19|6:06|
|20|5:51|
|21|5:59|
|22|5:55|
|23|6:00|
|24|6:01|
|25|6:11|
|26|6:14|

**Background**

My (33M) first marathon was Tel Aviv in 2023, where I ran 2:51. Followed that up with Valencia later that year, bringing the time down to 2:44. Funny enough, I actually started marathon training just to build strength and endurance for shorter races. But something about the training style clicked - I preferred the higher mileage and steadier pace work over the intense 200-400m intervals needed for 5-10K training. It just suited me better.

Being an Austin local worked in my favor - most of my long runs over the past 8 months covered the hilliest parts of the marathon course.

**Training**

My path to this marathon started with summer 2024 which was all about speed - chasing a sub-16 5K (got close with 16:15) with lots of track work at lower mileage (50-60mi/80-95km). But honestly, I was happier when I switched to marathon training in September.

I started with some ambitious training, hitting 70-77 miles (115-125km) per week with CIM in mind and a goal of 2:34. Then came a classic case of doing too much - in late October, I stacked a tough track session (25x400m at 5:15/mi (3:15/km) pace) with a 20-mile (32km) long run (6:24/mi, 3:59/km pace) the next day. Result? A nice gluteus tendon injury from overuse. Had to reset: took a week off, followed by three weeks of easy running at 40mi (64km) per week. Somehow thought it would be a good idea to do two of those weeks in Flagstaff at altitude - because recovery wasn't hard enough already.

Coming back from injury in early December, I signed up for the Austin Marathon (Feb 16) and Houston Half-Marathon (Jan 19), figuring the half would be a good fitness check. To build up for Houston, I aimed for 55-65mi/week (90-100km), with speed sessions on Tuesdays and Fridays and long runs on Saturdays. My first solid speed session post-injury was 25x400m repeats with 30-second recovery at 6:10/mi (3:50/km) pace. It felt surprisingly good and showed I hadn't lost everything during the downtime.

The build continued with some key workouts that shaped my fitness:  
\- 2x6km fartlek alternating 6:26/5:53 mi (4:00/3:40 km) pace  
\- 14x1km at 6:15/mi (3:55/km) with 1-min rest  
\- 12x1km at 5:47/mi (3:35/km) pace with 200m rest

Then a 16mi (25km) long run at 6:24/mi (3:59) pace really confirmed my endurance was still there - that run in early January, two weeks before the Houston Half, was a huge mental boost.

What's interesting is that I did almost no tempo runs before the Houston Half. I went in without really knowing what pace I could hold, but somehow pulled off a 1:16 (5:48/mi, 3:37/km). That gave me some confidence heading into Austin.

The three weeks between Houston and Austin were solid: 60mi, 72mi, 65mi (96km, 117km, and 106km).

Key sessions included:

* 25x400m at 5K pace
* 4km marathon pace + 3x1km at HM pace
* 5x3km with 400m rest (2 of those a little slower that marathon pace and 3 a little faster than HM pace)
* 3x2km at HM pace  + 6x500m at 5:20/mi (3:20/km) pace
* 12x1km at marathon pace with 1-min rest
* 19mi (30km) at 6:30/mi (4:03km) pace (marathon course preview) two weeks before the marathon.

**Pre-race**

Race week was pretty straightforward:  
\- Easy 5-7 mi runs at 8:00/mi (5:00/km) pace everyday except 5x1km at HM pace on Tuesday  
\- 3 days before: switched up nutrition: less sugar, red meat, and protein, more carbs (bagels, pasta, pizza, dates, rice, etc)  
\- 2.5 hours before: bowl of oats + coffee, easy 2.5mi run + 3x100m fast  
\- 2 hours before: Skratch energy bar, PB&amp;J toast, 16oz isotonic drink  
\- 30 minutes before: Gu gel

**Race**

The plan was to take the first 5K uphill section slower and then make up time on the next 5K downhill. Started feeling pretty strong and after 10K my average pace was my goal marathon pace. But side stitch started and overall I didn't feel that great. Looking back, it probably started because of that brutal uphill in the first 5K followed by the quick descent which hit me harder than I expected.

The Enfield hills between miles 9-12 (15-20km) were no fun, but there was comfort in familiarity. After getting through them so many times in training, I just didn't see myself breaking there.

Around mile 14 (22km), I got a reality check - spotted a guy far ahead of me running in jeans. It took me until miles 17-19 (28-30km) to finally pass him. There's nothing quite like chasing someone in denim for a few miles at 6:10/mi pace (3:50/km) - really shows you that no matter how good you think you are, there's always someone out there doing something more impressive.

After mile 18, things actually started feeling better. The flats and descents let me lock into a decent 5:55-6:00/mi (3:40-3:46/km) pace, but it was getting harder to maintain. By mile 23 (37km), my legs were screaming, with each step requiring conscious effort. Knowing the notorious hill in the final mile was coming, I was trying to hold the pace for as long as possible. I passed the female leader at mile 24 (39km) and got up the hill at 7:40/mi (4:45/km) pace before giving everything I had left for the final 400m.

Nutrition during the race:  
\- Liquid Gu gel 1 minute before the start  
\- 5 Maurten gels, one for every 26-28 minutes, alternating caffeine/non-caffeine  
\- Water/isotonic drink at nearly every aid station

**Post-race**

Looking at the numbers, I think 2:36-2:37 might be possible on a flat course. The side stitch situation is still a mystery - it keeps showing up in marathons but rarely in training, so there's probably something going on with my nutrition, breathing or hills-pacing that I need to figure out.

Legs got pretty destroyed on those hills, but that's just Austin for you. For now, I'm going to spend a few weeks moving as little as possible, then start building towards Chicago. After battling Austin's hills, a flat course sounds pretty appealing right now.

Made with a new [race report generator](http://sfdavis.com/racereports/) created by u/herumph.",race report austin marathon 2025 race information name austin marathon date february 16 2025 distance 26 2 miles location austin tx time 2 40 39 strava gear nike alphafly 3 coros pace 3 pod goal description completed a 2 39 no b 2 44 previous pb yes splits mile time 1 6 02 2 6 10 3 5 59 4 6 03 5 5 53 6 5 51 7 5 49 8 6 00 9 6 26 10 6 12 11 6 09 12 6 06 13 6 18 14 6 09 15 6 06 16 6 04 17 5 59 18 5 57 19 6 06 20 5 51 21 5 59 22 5 55 23 6 00 24 6 01 25 6 11 26 6 14 background my 33m first marathon was tel aviv in 2023 where i ran 2 51 followed that up with valencia later that year bringing the time down to 2 44 funny enough i actually started marathon training just to build strength and endurance for shorter races but something about the training style clicked i preferred the higher mileage and steadier pace work over the intense 200 400m intervals needed for 5 10k training it just suited me better being an austin local worked in my favor most of my long runs over the past 8 months covered the hilliest parts of the marathon course training my path to this marathon started with summer 2024 which was all about speed chasing a sub 16 5k got close with 16 15 with lots of track work at lower mileage 50 60mi 80 95km but honestly i was happier when i switched to marathon training in september i started with some ambitious training hitting 70 77 miles 115 125km per week with cim in mind and a goal of 2 34 then came a classic case of doing too much in late october i stacked a tough track session 25x400m at 5 15 mi 3 15 km pace with a 20 mile 32km long run 6 24 mi 3 59 km pace the next day result a nice gluteus tendon injury from overuse had to reset took a week off followed by three weeks of easy running at 40mi 64km per week somehow thought it would be a good idea to do two of those weeks in flagstaff at altitude because recovery wasn t hard enough already coming back from injury in early december i signed up for the austin marathon feb 16 and houston half marathon jan 19 figuring the half would be a good fitness check to build up for houston i aimed for 55 65mi week 90 100km with speed sessions on tuesdays and fridays and long runs on saturdays my first solid speed session post injury was 25x400m repeats with 30 second recovery at 6 10 mi 3 50 km pace it felt surprisingly good and showed i hadn t lost everything during the downtime the build continued with some key workouts that shaped my fitness 2x6km fartlek alternating 6 26 5 53 mi 4 00 3 40 km pace 14x1km at 6 15 mi 3 55 km with 1 min rest 12x1km at 5 47 mi 3 35 km pace with 200m rest then a 16mi 25km long run at 6 24 mi 3 59 pace really confirmed my endurance was still there that run in early january two weeks before the houston half was a huge mental boost what s interesting is that i did almost no tempo runs before the houston half i went in without really knowing what pace i could hold but somehow pulled off a 1 16 5 48 mi 3 37 km that gave me some confidence heading into austin the three weeks between houston and austin were solid 60mi 72mi 65mi 96km 117km and 106km key sessions included 25x400m at 5k pace 4km marathon pace 3x1km at hm pace 5x3km with 400m rest 2 of those a little slower that marathon pace and 3 a little faster than hm pace 3x2km at hm pace 6x500m at 5 20 mi 3 20 km pace 12x1km at marathon pace with 1 min rest 19mi 30km at 6 30 mi 4 03km pace marathon course preview two weeks before the marathon pre race race week was pretty straightforward easy 5 7 mi runs at 8 00 mi 5 00 km pace everyday except 5x1km at hm pace on tuesday 3 days before switched up nutrition less sugar red meat and protein more carbs bagels pasta pizza dates rice etc 2 5 hours before bowl of oats coffee easy 2 5mi run 3x100m fast 2 hours before skratch energy bar pb amp j toast 16oz isotonic drink 30 minutes before gu gel race the plan was to take the first 5k uphill section slower and then make up time on the next 5k downhill started feeling pretty strong and after 10k my average pace was my goal marathon pace but side stitch started and overall i didn t feel that great looking back it probably started because of that brutal uphill in the first 5k followed by the quick descent which hit me harder than i expected the enfield hills between miles 9 12 15 20km were no fun but there was comfort in familiarity after getting through them so many times in training i just didn t see myself breaking there around mile 14 22km i got a reality check spotted a guy far ahead of me running in jeans it took me until miles 17 19 28 30km to finally pass him there s nothing quite like chasing someone in denim for a few miles at 6 10 mi pace 3 50 km really shows you that no matter how good you think you are there s always someone out there doing something more impressive after mile 18 things actually started feeling better the flats and descents let me lock into a decent 5 55 6 00 mi 3 40 3 46 km pace but it was getting harder to maintain by mile 23 37km my legs were screaming with each step requiring conscious effort knowing the notorious hill in the final mile was coming i was trying to hold the pace for as long as possible i passed the female leader at mile 24 39km and got up the hill at 7 40 mi 4 45 km pace before giving everything i had left for the final 400m nutrition during the race liquid gu gel 1 minute before the start 5 maurten gels one for every 26 28 minutes alternating caffeine non caffeine water isotonic drink at nearly every aid station post race looking at the numbers i think 2 36 2 37 might be possible on a flat course the side stitch situation is still a mystery it keeps showing up in marathons but rarely in training so there s probably something going on with my nutrition breathing or hills pacing that i need to figure out legs got pretty destroyed on those hills but that s just austin for you for now i m going to spend a few weeks moving as little as possible then start building towards chicago after battling austin s hills a flat course sounds pretty appealing right now made with a new race report generator created by u herumph,0.9979,positive,0.9979,https://www.reddit.com/r/running/comments/1is4l8k/race_report_austin_marathon_2025/,nike,,,,1is4l8k,running
Nike,reddit,running,2026-02-14 00:00:00+00:00,"[Race Report] Austin 2025 - My First Marathon!

### Race Information
* **Name:** Austin Marathon
* **Date:** Feb 16, 2025
* **Distance:** 26.2 miles
* **Location:** Austin, TX
* **Website:** https://youraustinmarathon.com/
* **Time:** 3:26:50

### Goals
| Goal | Description | Completed? |
|------|-------------|------------|
| A | 4:00 | *Yes* |
| B | Finish | *Yes* |
| C | Have Fun | *Yes* |

### Splits
| KMs | Pace |
|------|------|
| 0-5 | 8:40
| 5-10 | 7:56
| 10-15 | 8:11
| 15-20 | 8:05
| 13.1 M | 1:47:43
| 20-25 | 7:54
| 25-30 | 7:41
| 30-35 | 7:26
| 35-40 | 7:28
| 40-42 | 7:16
| Total | 3:26:50 (1:39:07)


I handed out water at an aid station during last year's marathon and felt very inspired by the runners to give it a go this year - and I'm so glad I did! I had such a fun time out yesterday and I absolutely love the community spirit of these types of events. 

### Training
I (27f) am a relatively new runner, with a background in swimming. I'd never done an official race longer than the 5mi turkey trot last November - so this was uncharted territory. I'd never run regularly before, but these past ~3months have really made me fall in love with it.
I followed the Nike Run Club marathon training plan, starting at 12 weeks out. I followed it pretty closely until about 4 weeks ago when I took 12 days off running with a very sore IT band. My biggest weekly volume was about 33 miles, with my longest run at 18.5mi. I had to miss my longest 'long run' with the IT band injury, and was pretty worried about taking time off - but it turns out that was a good move and I healed up pretty well with some rest. 

### Pre-race
I am an Austin-local so luckily didn't have to travel for this race. I did a 15min run on Friday as a shakeout and rested Saturday with plenty of carbs (rice, potatoes). 

Morning of the run I woke up at 5am and had a blueberry bagel, a banana and 2 black coffees. I took a couple Imodium and prayed I wouldn't have to use the toilet on the course (by some miracle I didn't). I left home around 6:00am on my ebike, and rode the ~10 minutes to the course start. I was able to park my bike very close to the course which was awesome. I had a hoodie and some sweatpants to stay warm before the race that I left with my bike. I settled on gloves, a long sleeve and shorts for the run, along with my Hoka Rocket X shoes. Starting temps were around 40 with lots of wind - and I think I was well dressed for it. 

My nutrition plan for the run was to have a pack of jelly belly sport beans every 6 miles or so, and have some water at most aid stations. I had a packet at the start, and then 4 packets of sport beans through the run (100 cals and 50mg caffeine in each). I had a couple sips of water at each station except for the first and last couple. This ended up working really well and I didn't feel that I had too much or too little water/nutrition.

### Race
I started in the middle of corral B - about 8:00 back from the gun. First couple of miles were definitely congested, but I typically start pretty slow so I was fine with a couple of 9:10 miles to get started. My goal was to stick to 8:45 mile pace to allow some cushion for the 4:00 attempt, but when I found myself even with the 4:20 pace group after a mile I started to think I was going too slow. I picked up the pace a bit and parted ways with my friends that I had been running with. 

I was in such a great mood running through the streets of Austin, feeling good, loving the bands, signs, fans, and clear morning sky. I didn't have any earphones in at all yesterday - the sights and sounds were more than enough. I glanced down at my watch every now and then and started to see I was steadily gaining time on my goal pace (shoutout apple watch pace features - this was awesome). Around the 10 mile mark I was feeling good, and started to target 3:40 as my goal time. It was all feeling pretty effortless, a lot easier than all the training runs and my heart-rate was comfortable below 150bpm. Ticked through the halfway point feeling good, and was slowly catching up and passing each pace group - which was a great little confidence boost. At about mile 18-19 I thought about how awesome it would be to get near the 3:30 mark - but I didn't let myself get too carried away with that idea because I didn't want to get disappointed if I hit a wall and started to struggle. By some miracle it just all really came together yesterday - I felt strong, happy, comfortable. In my long runs I typically get out of breath and my heartrate always creeps up into the high 160s. Yesterday my heart-rate was hovering around 150bpm and I wasn't feeling puffed at all. I expected cardio to be the limiter yesterday but surprisingly that was not the case.

At around mile 23 I got a cramp in my left hip flexor - and started worrying that I would have to really struggle through the last 5k (maybe even walk). I had just passed the 3:40 pace group so I knew if I stayed ahead of them I would be at least 3:32. That became the goal! I tucked in behind another runner and just stared at his feet mindlessly trying to ignore the pain. Fortunately the pain subsided after about 5mins and I was able to pick it back up. I felt I had plenty in the tank so I was able to keep dropping time and ran up the final hill feeling stoked. The energy from the crowd was amazing and the whole event just felt like a great celebration of life. 

### Post-race
Met up with some amazing friends and headed to a beer garden for some celebratory food, drinks, and music. I was so pumped up on adrenaline, and probably had a bit too much fun - but that's showbiz. Still riding the endorphins.

Legs are feeling very dusty today of course, but I think I might be hooked on marathons. I feel like I probably could have gone a bit harder earlier - but I was worried about crashing out in my first marathon. With some experience now under my belt I'm looking forward to the next one.

Made with a new [race report generator](http://sfdavis.com/racereports/) created by /u/herumph.",race report austin 2025 my first marathon race information name austin marathon date feb 16 2025 distance 26 2 miles location austin tx website time 3 26 50 goals goal description completed a 4 00 yes b finish yes c have fun yes splits kms pace 0 5 8 40 5 10 7 56 10 15 8 11 15 20 8 05 13 1 m 1 47 43 20 25 7 54 25 30 7 41 30 35 7 26 35 40 7 28 40 42 7 16 total 3 26 50 1 39 07 i handed out water at an aid station during last year s marathon and felt very inspired by the runners to give it a go this year and i m so glad i did i had such a fun time out yesterday and i absolutely love the community spirit of these types of events training i 27f am a relatively new runner with a background in swimming i d never done an official race longer than the 5mi turkey trot last november so this was uncharted territory i d never run regularly before but these past 3months have really made me fall in love with it i followed the nike run club marathon training plan starting at 12 weeks out i followed it pretty closely until about 4 weeks ago when i took 12 days off running with a very sore it band my biggest weekly volume was about 33 miles with my longest run at 18 5mi i had to miss my longest long run with the it band injury and was pretty worried about taking time off but it turns out that was a good move and i healed up pretty well with some rest pre race i am an austin local so luckily didn t have to travel for this race i did a 15min run on friday as a shakeout and rested saturday with plenty of carbs rice potatoes morning of the run i woke up at 5am and had a blueberry bagel a banana and 2 black coffees i took a couple imodium and prayed i wouldn t have to use the toilet on the course by some miracle i didn t i left home around 6 00am on my ebike and rode the 10 minutes to the course start i was able to park my bike very close to the course which was awesome i had a hoodie and some sweatpants to stay warm before the race that i left with my bike i settled on gloves a long sleeve and shorts for the run along with my hoka rocket x shoes starting temps were around 40 with lots of wind and i think i was well dressed for it my nutrition plan for the run was to have a pack of jelly belly sport beans every 6 miles or so and have some water at most aid stations i had a packet at the start and then 4 packets of sport beans through the run 100 cals and 50mg caffeine in each i had a couple sips of water at each station except for the first and last couple this ended up working really well and i didn t feel that i had too much or too little water nutrition race i started in the middle of corral b about 8 00 back from the gun first couple of miles were definitely congested but i typically start pretty slow so i was fine with a couple of 9 10 miles to get started my goal was to stick to 8 45 mile pace to allow some cushion for the 4 00 attempt but when i found myself even with the 4 20 pace group after a mile i started to think i was going too slow i picked up the pace a bit and parted ways with my friends that i had been running with i was in such a great mood running through the streets of austin feeling good loving the bands signs fans and clear morning sky i didn t have any earphones in at all yesterday the sights and sounds were more than enough i glanced down at my watch every now and then and started to see i was steadily gaining time on my goal pace shoutout apple watch pace features this was awesome around the 10 mile mark i was feeling good and started to target 3 40 as my goal time it was all feeling pretty effortless a lot easier than all the training runs and my heart rate was comfortable below 150bpm ticked through the halfway point feeling good and was slowly catching up and passing each pace group which was a great little confidence boost at about mile 18 19 i thought about how awesome it would be to get near the 3 30 mark but i didn t let myself get too carried away with that idea because i didn t want to get disappointed if i hit a wall and started to struggle by some miracle it just all really came together yesterday i felt strong happy comfortable in my long runs i typically get out of breath and my heartrate always creeps up into the high 160s yesterday my heart rate was hovering around 150bpm and i wasn t feeling puffed at all i expected cardio to be the limiter yesterday but surprisingly that was not the case at around mile 23 i got a cramp in my left hip flexor and started worrying that i would have to really struggle through the last 5k maybe even walk i had just passed the 3 40 pace group so i knew if i stayed ahead of them i would be at least 3 32 that became the goal i tucked in behind another runner and just stared at his feet mindlessly trying to ignore the pain fortunately the pain subsided after about 5mins and i was able to pick it back up i felt i had plenty in the tank so i was able to keep dropping time and ran up the final hill feeling stoked the energy from the crowd was amazing and the whole event just felt like a great celebration of life post race met up with some amazing friends and headed to a beer garden for some celebratory food drinks and music i was so pumped up on adrenaline and probably had a bit too much fun but that s showbiz still riding the endorphins legs are feeling very dusty today of course but i think i might be hooked on marathons i feel like i probably could have gone a bit harder earlier but i was worried about crashing out in my first marathon with some experience now under my belt i m looking forward to the next one made with a new race report generator created by u herumph,0.9995,positive,0.9995,https://www.reddit.com/r/running/comments/1irot44/race_report_austin_2025_my_first_marathon/,nike,,,,1irot44,running
Nike,reddit,running,2026-02-15 00:00:00+00:00,"[Race Report] Austin Marathon 2025

Caution: I'm a yapper. 

### Race information
* **What?** Austin Marathon
* **When?** February 16, 2025
* **How far?** 26.2 miles
* **Where?** Austin, TX
* **Finish time:** 3:51:31
* **Gear:** My beloved Vaporfly 2s

### Goals
| Goal | Description | Completed? |
|------|-------------|------------|
| A | &lt; 4:00 | *Yes* |
| B | Don't walk (except for aid stations) | *Yes* |
| C | Don't hit the wall | *Yes* |
| D | Finish | *Yes* |


### Splits
| Mile | Time |
|------|------|
| 13.1 | 1:55:59 |
| 26.2 | 1:55:32 |

### Training

I've (mid-20s F) been running since April 2023, when I did my first 5K (after ""training"" for about one week, because I thought the race was actually in May...). Two months later, I ran another one and cut 3 minutes off my time (&lt;25:00). I think that's when I realized I could be pretty ok at this. I'm also very stubborn and tend to like things that I can get better at basically through willpower and overplanning alone. I ran several local 5/8/10K races, even winning a few, and started aiming for the half distance with the eventual goal of completing a half Iron Man, since running was the piece I had never really done. 

In August 2023, I ran my first half and came in just under my 2:00 goal.  I've run two half marathons since (and paid for a third that was rained out ☹️), with a PR of 1:49 from my most recent one in February 2024. And although I told myself I wouldn't do a full anytime soon due to the time and training requirements... a friend started her running journey and intended to train for the Austin Half, and I decided that if I was going to travel for a race, it might as well be the Big One. 

I loosely followed Hal Higdon's Marathon Novice 2 plan. His half plans have netted me continuous PRs and were on the lower mileage side, so I figured I'd stick to it. This had me peak at around 40 mpw. I generally made up most runs I skipped due to work/fatigue (but not injuries/sickness), but I certainly missed a few. I was a little worried I didn't have the training volume/speed in me to meet my goal, but I tend to really pull it out for races, so I felt OK going into it. I also twisted my ankle on a speed bump while sprinting one week before my peak run (20 mi) which made me a little nervous that it might pop up again during the race, so I tapered hard (aka basically stopped running for the last week, not sure if I recommend that though).

For my long runs, I wore my favorite training shoes, the NB FuelCell SuperComp Trainer v2. For my short and speed runs, I rotated between Nike Pegasus 37, Pegasus Trail 4 for rain/trails, and Brooks Adrenaline GTS for stability. 

### Pre-race

I arrived in Austin on Thursday afternoon and attended the official shakeout run early Friday morning. It was on gravel and I kept my race pace for the 4.7ish miles (I got lost) but it felt a little rough. Later that day, my ankle flared up and I couldn't even walk normally. I slapped on like 6 Salonpas patches and took ibuprofen AND naproxen (also not recommended for general audiences) and slept with my foot up on 3 pillows. I was pretty worried I wouldn't be able to run without pain and bought some athletic tape for stability stirrups just in case. Saturday was basically a full day of sitting on the couch, rolling out my legs, stretching, eating bread and pasta and candy, drinking water and electrolytes, and praying that my ankle would be OK. Positive: this race has a great expo! Very well organized overall! Love the shirt swap. 

On race morning, I woke up early, took 2 Imodium and an Aleve, ate 2 stinger waffles, and taped up my ankle. I ended up taking the tape off after my warmup because it was straining my arch, and I'm very glad I did. 

### Race

I started at the very back of A group so I wouldn't feel pressured to go out fast. I was hoping to run negative splits for the first time in my life and I knew the first three miles were uphill - I'd make it up on the downhill coming back. I saw the 4:00 pacers on the way up and kept them in view, but made sure to stay behind them so I knew I was taking it easy. However... I was faster than my target pace for nearly every split; I tried to slow down a bit, but I was feeling good. At some point, I passed the 4:00 group and the first 13.1 went by pretty casually, with the exception of the first Big Hill at mile 12 and a sharp pain in my toe that I elected to ignore. 

I felt pretty fabulous through mile 17-18 despite the rolling hills and although I intended to walk through aid stations for water, I didn't until then. I had a huge smile on my face practically from mile 15 through 21-22, except for when a truck pulled out of a driveway right onto the course and almost hit a guy (🖕). Once I hit mile 21, I started feeling it in my legs, and I walked two or three more aid stations. Sometime around here, I caught up with the 3:55 pace group and started counting down the miles, which were getting longer and longer. Right around mile 25, I overtook the pacers and entered the longest mile of my LIFE, interrupted in the middle by the second Big Hill that I had read about, looked at the elevation profile, and compared to hills I run regularly at home. None of that prepared me. It was long and brutal. I even tried to walk at one point, but my legs went jelly and I had to keep my stride. Once I crested the hill, I let loose down the other side and rounded the corner to the finish, where I pulled a sprint out of the depths of my soul and finished with gusto. I definitely teared up a bit. It felt like the happiest I'd ever been in my life. Was this finally runner's high?? And it only took a full marathon to get there... And I hit negative splits!! Just barely but it counts!!

I credit my (over)fueling plan for my lack of hitting the wall and general keep-going-ability: a gel at the start line and every 3 miles, alternating caf and non-caf, and sipping Tailwind continuously throughout. I had some unflavored gels on hand in case I couldn't stomach a Gu late in the race, but I was just fine with my usual!

Also, my watch died at some point near the end, so I'm extra glad they had timers at every 5 km. 

### Post-race

I saw lots of people sitting on the ground and felt like, could I have gone harder? But while my lungs were great and my mind was OK, my legs were toast. More strength next training cycle, I guess. I got my goodies and met up with my friends who had finished the half just a few minutes earlier. We were planning to do BBQ, but with 23,000 people running today, it was no surprise that everywhere had a 2 hour wait. So we got tacos instead. 😊 Also, I found out that the toe pain around halfway through was a huge blood blister right under the nail, probably from all the downhills. Yayyyy.

Finishing thoughts: it's a great race with spectacular crowd energy, lots of music, and some extremely creative signage. It is pretty hilly though. I'm lucky (debatable) to live in an area that's pretty much all hills, or I would've had a Bad Time, especially with this as my first! 10/10 experience and would recommend the Austin Marathon! Just be prepared for a teensy lil bit of suffering!",race report austin marathon 2025 caution i m a yapper race information what austin marathon when february 16 2025 how far 26 2 miles where austin tx finish time 3 51 31 gear my beloved vaporfly 2s goals goal description completed a lt 4 00 yes b don t walk except for aid stations yes c don t hit the wall yes d finish yes splits mile time 13 1 1 55 59 26 2 1 55 32 training i ve mid 20s f been running since april 2023 when i did my first 5k after training for about one week because i thought the race was actually in may two months later i ran another one and cut 3 minutes off my time lt 25 00 i think that s when i realized i could be pretty ok at this i m also very stubborn and tend to like things that i can get better at basically through willpower and overplanning alone i ran several local 5 8 10k races even winning a few and started aiming for the half distance with the eventual goal of completing a half iron man since running was the piece i had never really done in august 2023 i ran my first half and came in just under my 2 00 goal i ve run two half marathons since and paid for a third that was rained out with a pr of 1 49 from my most recent one in february 2024 and although i told myself i wouldn t do a full anytime soon due to the time and training requirements a friend started her running journey and intended to train for the austin half and i decided that if i was going to travel for a race it might as well be the big one i loosely followed hal higdon s marathon novice 2 plan his half plans have netted me continuous prs and were on the lower mileage side so i figured i d stick to it this had me peak at around 40 mpw i generally made up most runs i skipped due to work fatigue but not injuries sickness but i certainly missed a few i was a little worried i didn t have the training volume speed in me to meet my goal but i tend to really pull it out for races so i felt ok going into it i also twisted my ankle on a speed bump while sprinting one week before my peak run 20 mi which made me a little nervous that it might pop up again during the race so i tapered hard aka basically stopped running for the last week not sure if i recommend that though for my long runs i wore my favorite training shoes the nb fuelcell supercomp trainer v2 for my short and speed runs i rotated between nike pegasus 37 pegasus trail 4 for rain trails and brooks adrenaline gts for stability pre race i arrived in austin on thursday afternoon and attended the official shakeout run early friday morning it was on gravel and i kept my race pace for the 4 7ish miles i got lost but it felt a little rough later that day my ankle flared up and i couldn t even walk normally i slapped on like 6 salonpas patches and took ibuprofen and naproxen also not recommended for general audiences and slept with my foot up on 3 pillows i was pretty worried i wouldn t be able to run without pain and bought some athletic tape for stability stirrups just in case saturday was basically a full day of sitting on the couch rolling out my legs stretching eating bread and pasta and candy drinking water and electrolytes and praying that my ankle would be ok positive this race has a great expo very well organized overall love the shirt swap on race morning i woke up early took 2 imodium and an aleve ate 2 stinger waffles and taped up my ankle i ended up taking the tape off after my warmup because it was straining my arch and i m very glad i did race i started at the very back of a group so i wouldn t feel pressured to go out fast i was hoping to run negative splits for the first time in my life and i knew the first three miles were uphill i d make it up on the downhill coming back i saw the 4 00 pacers on the way up and kept them in view but made sure to stay behind them so i knew i was taking it easy however i was faster than my target pace for nearly every split i tried to slow down a bit but i was feeling good at some point i passed the 4 00 group and the first 13 1 went by pretty casually with the exception of the first big hill at mile 12 and a sharp pain in my toe that i elected to ignore i felt pretty fabulous through mile 17 18 despite the rolling hills and although i intended to walk through aid stations for water i didn t until then i had a huge smile on my face practically from mile 15 through 21 22 except for when a truck pulled out of a driveway right onto the course and almost hit a guy once i hit mile 21 i started feeling it in my legs and i walked two or three more aid stations sometime around here i caught up with the 3 55 pace group and started counting down the miles which were getting longer and longer right around mile 25 i overtook the pacers and entered the longest mile of my life interrupted in the middle by the second big hill that i had read about looked at the elevation profile and compared to hills i run regularly at home none of that prepared me it was long and brutal i even tried to walk at one point but my legs went jelly and i had to keep my stride once i crested the hill i let loose down the other side and rounded the corner to the finish where i pulled a sprint out of the depths of my soul and finished with gusto i definitely teared up a bit it felt like the happiest i d ever been in my life was this finally runner s high and it only took a full marathon to get there and i hit negative splits just barely but it counts i credit my over fueling plan for my lack of hitting the wall and general keep going ability a gel at the start line and every 3 miles alternating caf and non caf and sipping tailwind continuously throughout i had some unflavored gels on hand in case i couldn t stomach a gu late in the race but i was just fine with my usual also my watch died at some point near the end so i m extra glad they had timers at every 5 km post race i saw lots of people sitting on the ground and felt like could i have gone harder but while my lungs were great and my mind was ok my legs were toast more strength next training cycle i guess i got my goodies and met up with my friends who had finished the half just a few minutes earlier we were planning to do bbq but with 23 000 people running today it was no surprise that everywhere had a 2 hour wait so we got tacos instead also i found out that the toe pain around halfway through was a huge blood blister right under the nail probably from all the downhills yayyyy finishing thoughts it s a great race with spectacular crowd energy lots of music and some extremely creative signage it is pretty hilly though i m lucky debatable to live in an area that s pretty much all hills or i would ve had a bad time especially with this as my first 10 10 experience and would recommend the austin marathon just be prepared for a teensy lil bit of suffering,0.999,positive,0.999,https://www.reddit.com/r/running/comments/1ir6pn3/race_report_austin_marathon_2025/,nike,,,,1ir6pn3,running
Nike,reddit,running,2026-02-15 00:00:00+00:00,"Race Report -- First timer Austin Marathon!

* **Name:** Austin Marathon
* **Date:** February 16, 2024
* **Distance:** 26.2 miles
* **Location:** Austin, TX
* **Website:** [www.youraustinmarathon.com](https://youraustinmarathon.com/)
* **Time:** 04:55:04
* **Gear:** Garmin 255, Brooks Hyperion 2, Nike Zoom Pegasus

|Mile|Time|
|:-|:-|
|1|11:40|
|2|10:06|
|3|10:17|
|4|9:49|
|5|9:39|
|6|9:22|
|7|9:29|
|8|9:45|
|9|10:23|
|10|10:29|
|11|10:00|
|12|10:28|
|13|11:04|
|14|10:51|
|15|11:44|
|16|11:30|
|17|11:10|
|18|13:10|
|19|12:17|
|20|12:00|
|21|11:21|
|22|12:35|
|23|14:02|
|24|13:55|
|25|13:47|
|26|11:31|

About Me:

26M first marathon experience!! I've run 3 official half-marathons and just had a PB of 2:02 at the Austin International  (formerly 3M) half-marathon this January. I'm in fairly good shape, but have mostly been a weights guy at the gym and dabble in a little bit of Muay Thai. I've done half-marathons since 2023 and decided I'd say fuck it and give the full a go around fall 2024

Training:

In hindsight, not nearly as optimal as it could've been -- but c'est la vie! I began real training around late September 2024 with a weekly mileage goal of 20 miles and a long-run distance of 10 miles. Shout out Zilker Park for helping me with all the long ones! The goal I had was to increase weekly mileage by 5-10% each week and long run distance by 1mi give or take each week. This would've had my peaking right around mid-January with a few weeks to taper before race day.  

Things were going quite well until around mid-November I started experiencing some truly awful pain in my ankle. Up until that point, I had been sticking with it increasing the weekly mileage and long distance. Looking at my Garmin, I think I peaked weekly mileage around 40ish and distance of 16. Thought I could power through but my ankle was consistently barking at me to the point I was slightly limping during day-to-day stuff. Realized the issues was me being a complete dumbass by wearing the same pair of Nike Air Zooms I had since being a sophomore in college 😵

Early December I got a pair of Brooks Hyperion 2s and never looked back! Night and day fucking difference. Took about a week or two running in them before I realized the ankle pain had vanished. For the rest of the training period (December to early February), I just stuck to doing about 25-30 miles/wk by doing a 10k run 3-4 days/wk and one long run between 10-13 miles

Pre-race:

Nothing too crazy to it. Had race jitters all Saturday and took the day easy. Sunday morning had a lil breakfast of rice, soy sauce, 3 eggs, w/ about 20oz water. Got to the race about 10min before my Corral and stretched

Race:

What an experience it was! I think my biggest regret about my training was the lack of truly long distance runs. For the first half of the race, I felt like I was cruising. My pace was 13min slower than what my PB was for the half-marathon a month ago, so I figured that was pacing myself enough. How wrong I was lmao

As you can see in my splits, as soon as I entered uncharted territory I quickly began to realize the difficulty of the task ahead. Mile 16 and 17 were still OK but mile 13 is where I hit the fucking wall. Told a couple friends this once I was done, but I literally felt like crying at mile 18. Kept thinking ""make it stop, make it stop"" over and over in my head. Found a lil bit of reprieve at mile 18 with some AWESOME spectators that were handing out PB&amp;Js and full water bottles. I really do not like the taste of the gels so that was the first food other than the water and electrolytes I was downing at the stations. Could not have come at a better time lol. 

By the time mile 20 came, I was straight up cooked. I think for the next 3 miles I had a nonstop scowl on my face. Looking back at the splits, I'm honestly surprised 20 - 22 was not worse. Those felt like the longest miles and truly where the most doubt crept in my head. It's a little bit cheesy, but truly the thing that stopped the feelings of doubt from fully taking over was the David Goggins cookie jar method and the words of encouragement from spectators/volunteers.

Miles 23-25, my main mission was to not stop ""jogging"". My target goal of 4:30 was long cooked and I think right around here I saw the 4:50 pacer (I started the race 10min after) take off past me. Never stopped my lil jog even if it was essentially the same pace as some people's power walk lol

Mile 25 - End. Here I got my second wind. Around 25.5, I saw some really good friends there to support me and that did it. Ran the last lil bit around the 9:30 pace I was gunning for and felt ELATED crossing the finish line. Again, almost felt like crying as realized I had achieved something of this level. 

Post-race:

Walked about another mile to my car with friends, as they listened to me rant like I just got back from taking Normandy. Feasted on a a chipotle bowl and about 80oz of water for the post-run meal

I'm of course beyond proud to have finished, but I'm not at all in love with my time lol. Definitely left a lot on the table with the lack of consistency in my training. Immediately after finishing, I kept saying I'd be a one-and-done but already I feel the itch to go for a new PB creeping in!

If you've come this far, thank you so much for reading! Couldn't resist the urge to share this incredible journey. And to anybody contemplating taking the leap, do it!! If my slow ass can get it done, you sure as hell can too : )",race report first timer austin marathon name austin marathon date february 16 2024 distance 26 2 miles location austin tx website www youraustinmarathon com time 04 55 04 gear garmin 255 brooks hyperion 2 nike zoom pegasus mile time 1 11 40 2 10 06 3 10 17 4 9 49 5 9 39 6 9 22 7 9 29 8 9 45 9 10 23 10 10 29 11 10 00 12 10 28 13 11 04 14 10 51 15 11 44 16 11 30 17 11 10 18 13 10 19 12 17 20 12 00 21 11 21 22 12 35 23 14 02 24 13 55 25 13 47 26 11 31 about me 26m first marathon experience i ve run 3 official half marathons and just had a pb of 2 02 at the austin international formerly 3m half marathon this january i m in fairly good shape but have mostly been a weights guy at the gym and dabble in a little bit of muay thai i ve done half marathons since 2023 and decided i d say fuck it and give the full a go around fall 2024 training in hindsight not nearly as optimal as it could ve been but c est la vie i began real training around late september 2024 with a weekly mileage goal of 20 miles and a long run distance of 10 miles shout out zilker park for helping me with all the long ones the goal i had was to increase weekly mileage by 5 10 each week and long run distance by 1mi give or take each week this would ve had my peaking right around mid january with a few weeks to taper before race day things were going quite well until around mid november i started experiencing some truly awful pain in my ankle up until that point i had been sticking with it increasing the weekly mileage and long distance looking at my garmin i think i peaked weekly mileage around 40ish and distance of 16 thought i could power through but my ankle was consistently barking at me to the point i was slightly limping during day to day stuff realized the issues was me being a complete dumbass by wearing the same pair of nike air zooms i had since being a sophomore in college early december i got a pair of brooks hyperion 2s and never looked back night and day fucking difference took about a week or two running in them before i realized the ankle pain had vanished for the rest of the training period december to early february i just stuck to doing about 25 30 miles wk by doing a 10k run 3 4 days wk and one long run between 10 13 miles pre race nothing too crazy to it had race jitters all saturday and took the day easy sunday morning had a lil breakfast of rice soy sauce 3 eggs w about 20oz water got to the race about 10min before my corral and stretched race what an experience it was i think my biggest regret about my training was the lack of truly long distance runs for the first half of the race i felt like i was cruising my pace was 13min slower than what my pb was for the half marathon a month ago so i figured that was pacing myself enough how wrong i was lmao as you can see in my splits as soon as i entered uncharted territory i quickly began to realize the difficulty of the task ahead mile 16 and 17 were still ok but mile 13 is where i hit the fucking wall told a couple friends this once i was done but i literally felt like crying at mile 18 kept thinking make it stop make it stop over and over in my head found a lil bit of reprieve at mile 18 with some awesome spectators that were handing out pb amp js and full water bottles i really do not like the taste of the gels so that was the first food other than the water and electrolytes i was downing at the stations could not have come at a better time lol by the time mile 20 came i was straight up cooked i think for the next 3 miles i had a nonstop scowl on my face looking back at the splits i m honestly surprised 20 22 was not worse those felt like the longest miles and truly where the most doubt crept in my head it s a little bit cheesy but truly the thing that stopped the feelings of doubt from fully taking over was the david goggins cookie jar method and the words of encouragement from spectators volunteers miles 23 25 my main mission was to not stop jogging my target goal of 4 30 was long cooked and i think right around here i saw the 4 50 pacer i started the race 10min after take off past me never stopped my lil jog even if it was essentially the same pace as some people s power walk lol mile 25 end here i got my second wind around 25 5 i saw some really good friends there to support me and that did it ran the last lil bit around the 9 30 pace i was gunning for and felt elated crossing the finish line again almost felt like crying as realized i had achieved something of this level post race walked about another mile to my car with friends as they listened to me rant like i just got back from taking normandy feasted on a a chipotle bowl and about 80oz of water for the post run meal i m of course beyond proud to have finished but i m not at all in love with my time lol definitely left a lot on the table with the lack of consistency in my training immediately after finishing i kept saying i d be a one and done but already i feel the itch to go for a new pb creeping in if you ve come this far thank you so much for reading couldn t resist the urge to share this incredible journey and to anybody contemplating taking the leap do it if my slow ass can get it done you sure as hell can too,0.9967,positive,0.9967,https://www.reddit.com/r/running/comments/1ir6pc9/race_report_first_timer_austin_marathon/,nike,,,,1ir6pc9,running
Nike,reddit,streetwear,2026-02-16 00:00:00+00:00,"Burgundy

Jacket - thrifted
Marilyn savage shirt-- Amazon
Jeans - Levi's 
Shoes - Nike
Watch- Darth Vader Invicta",burgundy jacket thrifted marilyn savage shirt amazon jeans levi s shoes nike watch darth vader invicta,-0.3182,negative,0.3182,https://www.reddit.com/r/streetwear/comments/1jbnaj4/burgundy/,nike,,,,1jbnaj4,streetwear
Nike,youtube,youtube,2026-02-16 00:00:00+00:00,"9:51 what the hell is this guy measuring like that? 😂😂 I’m No scientist, but I’m almost certain that’s not how that tool is used, Bub.",9 51 what the hell is this guy measuring like that i m no scientist but i m almost certain that s not how that tool is used bub,0.3528,positive,0.3528,https://www.youtube.com/watch?v=Psp3YarOKVw,nike shoes review,0.0,@Patron_saint6,Psp3YarOKVw,,nike shoes review
